3b7e962f	93cefec12b2c	-2.458162
3b7e962f	3d27e08f9aef	-2.0004444
3b7e962f	4936a153dbdb	-1.3060373
3b7e962f	5ff6b9a03413	-1.3529339
3b7e962f	26f64577015d	-1.6636688
3b7e962f	f8c277b7b8b2	-1.9665571
3b7e962f	ea7965b46290	-1.5027895
3b7e962f	168f55096bae	-0.99192923
3b7e962f	438b888ebb82	-0.94581765
3b7e962f	b5781b51bdc3	-0.94581765
3b7e962f	547f03e84f40	-1.1968381
3b7e962f	6a631328721e	-1.3312443
3b7e962f	ccba46b7356f	-0.93275875
3b7e962f	1869df14e3fe	-1.2772865
3b7e962f	4cbe52f2d333	-0.8751731
3b7e962f	e460ca8b0faf	0.71690273
3b7e962f	499f1618dd87	0.6237823
3b7e962f	9da817ca9ab6	0.11704646
3b7e962f	b1d1a0c03b82	-0.44109237
3b7e962f	d8eace27560d	-0.92102146
3b7e962f	893b2603cba7	-0.92119884
3b7e962f	9f501798180e	-0.92119884
3b7e962f	35f44d78ed42	-0.92119884
3b7e962f	fa1e4860f32e	-0.9969426
3b7e962f	c6a5f6246d7e	-1.1252841
3b7e962f	6da67dd6ac4c	-1.1252841
3b7e962f	7f4be94b2e6c	-1.1252841
3b7e962f	9406a6e04bf6	-1.1252841
3b7e962f	1773df437b4e	-1.0899645
3b7e962f	7d051c92eade	-1.1252841
3b7e962f	449bbcad60da	-1.0899645
3b7e962f	3ee13a573717	-1.1252841
3b7e962f	2b156a3078f3	-1.1252841
3b7e962f	dfa81b1e3b4b	-1.1252841
3b7e962f	699573d89e0d	-1.1252841
3b7e962f	24fc76fb7f10	-1.1252841
3b7e962f	611e23ce2a62	-1.1252841
3b7e962f	b416c5516ea6	-1.1252841
3b7e962f	899510d6a08d	-1.1252841
3b7e962f	73196ec6b9d7	0.27138242
46ff29c0	93cefec12b2c	-2.3766007
46ff29c0	33b822a9f3d4	-1.8417257
46ff29c0	88f78e7c8913	-1.8010379
46ff29c0	043f8697fecc	-1.804252
46ff29c0	d647b318cc53	-1.3639767
46ff29c0	e52f22ea5a35	-0.99248034
46ff29c0	472ae5b7baa4	-1.0166374
46ff29c0	4b68d8f6fbea	-0.7821393
46ff29c0	2353a70b9df3	-0.8752598
46ff29c0	997fe53f0152	-0.9456554
46ff29c0	4e64e733c89c	-0.81464225
46ff29c0	487065b9321a	-1.3798404
46ff29c0	c8985c3aea43	-0.21505831
46ff29c0	2bf3149d88d3	-0.8154059
46ff29c0	87ffaea8cf67	-0.95224684
46ff29c0	9357025281e7	-0.6863346
46ff29c0	eb03031bc417	0.26778266
46ff29c0	134f8da6a437	-0.54845434
46ff29c0	e64bb0e9b32d	-0.96098006
46ff29c0	5f240f4817b0	-0.64694065
46ff29c0	dd67bc136de6	-0.3906692
46ff29c0	607809485806	0.03795165
46ff29c0	90fc89ab7055	0.604867
46ff29c0	1578dd3322ca	0.05338338
46ff29c0	78afe3f2a519	0.64607936
46ff29c0	c64f5193c024	0.17202178
46ff29c0	675a06d0b34d	0.19824523
46ff29c0	87584cc23957	0.51009434
46ff29c0	da49182c2185	1.7631117
46ff29c0	7c698a1c6c64	0.7160098
46ff29c0	c33d661f2ca7	1.0191085
46ff29c0	72c5e3ee4163	-0.5670065
46ff29c0	1aaa1daf1ec0	0.45135882
46ff29c0	21f63301d52a	0.45135882
46ff29c0	b6dde868345e	0.45135882
46ff29c0	ee70d5ad6c19	-0.31067857
46ff29c0	ac4d2ca915a0	0.92532706
46ff29c0	fb0d682f0400	0.78992885
46ff29c0	1bc72ea94196	-0.09977451
46ff29c0	4726a2b27d86	0.43041876
6a8768b8	93cefec12b2c	-2.5527396
6a8768b8	d4bc886c15f2	-0.34575143
6a8768b8	dfc2f7ddb42c	-0.26897526
6a8768b8	4882b47dccd5	-0.41954327
6a8768b8	8622074ceea1	-0.5961727
6a8768b8	668164f80867	-0.27979544
6a8768b8	47f668c36983	-0.18190697
6a8768b8	a300e64ff509	1.1871562
6a8768b8	4fa662a67c16	-1.6234637
6a8768b8	ba1f2dfbdf0a	0.17350647
6a8768b8	3b5643ae91eb	-0.108026765
6a8768b8	f78651e9214a	0.19879442
6a8768b8	4e92480b0354	0.46460074
6a8768b8	cfd84b6bada6	-0.07157381
6a8768b8	45a7feaf65dc	0.0412146
6a8768b8	a3c124b0a77f	0.10915568
6a8768b8	1e5d6cf074cd	-1.9741988
6a8768b8	c5a655b8d09a	-1.4893644
6a8768b8	15373f05eead	-1.7702521
6a8768b8	eeaa2581a5e8	-1.9831481
6a8768b8	6412369b8dee	-1.6213474
6a8768b8	3ffdc8ac53ae	-1.3802333
6a8768b8	5ede2b3e7323	-0.8585879
6a8768b8	281008a8839c	-1.0761155
6a8768b8	992a9c264d42	-1.3592149
6a8768b8	7c722f9b752a	-0.73424476
6a8768b8	c9672f8d038e	0.21132639
6a8768b8	b46a58baac10	-1.0313652
6a8768b8	e5927d1f441a	-1.0357436
6a8768b8	efcc45969b8c	-0.9656076
6a8768b8	0879ebb9a452	-1.0300819
6a8768b8	148ba8af80b7	-0.92893916
6a8768b8	672b27385b59	-0.65524817
6a8768b8	ff9a83ee89a3	-1.1508758
6a8768b8	15199208b624	-1.1462592
6a8768b8	490f33f39ba3	-1.0928282
6a8768b8	8a4252fcd11d	-0.8286249
6a8768b8	554bc9cad4a4	-0.63055885
6a8768b8	efdd85e6c588	-0.72957927
6a8768b8	8fd0b4992cb2	-0.6513263
9c178f92	93cefec12b2c	-2.5527396
9c178f92	317edf47e400	-0.39642876
9c178f92	8dc24a7f579c	-0.42596135
9c178f92	2b93abb3963b	-0.66302997
9c178f92	70a5e70e5031	-0.39743322
9c178f92	323350ca182f	-1.3442935
9c178f92	da7598830cd6	-1.0526994
9c178f92	1ddc4b10b2e3	-0.47143897
9c178f92	f866d746e783	-0.04481461
9c178f92	56416e02ad72	-0.13262106
9c178f92	f7ebf2b9e4c6	-0.018071435
9c178f92	2ec20058222d	0.2511824
9c178f92	49113645ac63	0.24402532
9c178f92	e90ac1c87b84	0.20209067
9c178f92	6a5d7974273f	-0.084310904
9c178f92	34e2d8563c31	0.08509517
9c178f92	41d17b8ee638	0.12598406
9c178f92	f1feab9eedac	0.07826015
9c178f92	4891e78bc92e	0.09731873
9c178f92	502434a860ad	-1.3579978
9c178f92	0f4d90b34394	-0.007877602
9c178f92	b483426f4162	0.7906105
9c178f92	59f7eadc6586	-0.10657008
9c178f92	cc8adb30443b	-0.13277814
9c178f92	f5df707dc416	-1.0781175
9c178f92	51118f8fe4d7	-0.69019485
9c178f92	0387283b1b6b	0.79994583
9c178f92	cf7b11123dc4	0.1538433
9c178f92	22883bbe59c6	1.0055856
9c178f92	a004adfc6d45	-1.0532615
9c178f92	edf92fe7a5c7	0.96214724
9c178f92	956dbf0e2be1	0.19863348
9c178f92	cd71d9e927f3	-0.90994775
9c178f92	d8374a3ee225	-1.0442538
9c178f92	f144401c5d01	-1.0189735
9c178f92	df8743239113	-1.1883268
9c178f92	ead4d0ca60c9	-1.1330249
9c178f92	6068445d90e8	-0.2525401
9c178f92	d16e618d0b36	-0.55699676
9c178f92	3b7348b5fa98	-0.19594869
5e91ba87	027b6ead77ce	-1.7235276
5e91ba87	fe83a7970014	-1.4948043
5e91ba87	a132016afdde	-0.9990081
5e91ba87	06e31345a49d	-0.5270525
5e91ba87	957041a452c9	-0.608548
5e91ba87	426698f540f4	-0.45850903
5e91ba87	701bea7e629e	-0.5236127
5e91ba87	e4c0770bb890	-0.54336476
5e91ba87	61ca7ca18e27	-0.5795056
5e91ba87	27a9ea4029ea	-0.55525124
5e91ba87	f432ebbc73e1	-0.54336476
5e91ba87	a2c7ae25a340	-0.49950197
5e91ba87	cc3ee747df7c	-0.54336476
5e91ba87	c8a04418d5ea	-0.55963725
5e91ba87	437b86e949c1	-0.5795056
5e91ba87	ab8eadfc1c31	-0.19543305
5e91ba87	68f01cfb9375	-0.43779728
5e91ba87	dfb1e249e9c6	0.67713237
5e91ba87	d657652fd724	-0.69404024
5e91ba87	7786a02a986c	-0.7495755
5e91ba87	ef159b76e5f7	-0.16717453
5e91ba87	fb1a6d2b0767	0.8360421
5e91ba87	e230d95c1e49	-0.2649426
5e91ba87	177aef68b677	0.4740183
5e91ba87	b018bfd6d732	-0.43975633
5e91ba87	d44984082e96	0.43119988
5e91ba87	8246dda97d5f	-0.13308398
5e91ba87	f7bcf9ad204a	-0.25074378
5e91ba87	8d002be7271e	-0.24349962
5e91ba87	40d29122e304	-0.27014673
5e91ba87	fd3774b7aeb5	0.8933145
5e91ba87	0780d63d7107	1.1085321
5e91ba87	86af8f696b5c	0.35206333
5e91ba87	94dc33bdf25b	0.50239044
5e91ba87	6b804d508e7f	-1.1245103
5e91ba87	58fed8597b56	-0.18190856
5e91ba87	9755ba161404	0.680196
5e91ba87	c2e638398d73	0.7742158
5e91ba87	da7e205eacb0	0.65511227
5e91ba87	728564e120d9	0.12091162
c1dc7a72	93cefec12b2c	-2.495801
c1dc7a72	9900ae49409c	-0.6298164
c1dc7a72	66049673d9f5	-2.4401834
c1dc7a72	5531ca88bbc7	-0.02898554
c1dc7a72	4d19adfe305f	0.22428903
c1dc7a72	a37d038bd828	0.6225238
c1dc7a72	2f20819d5220	0.0356832
c1dc7a72	e0c510c27f02	0.20266473
c1dc7a72	03331a0c333d	0.6317028
c1dc7a72	87c245628c92	0.92841107
c1dc7a72	b43f60c96d63	0.6384919
c1dc7a72	29b8ea0477f5	0.55325216
c1dc7a72	5966bebbc373	0.89121526
c1dc7a72	349bd89ea6f0	0.87272114
c1dc7a72	3dc6e46b3082	1.0388467
c1dc7a72	e116185558ed	0.46834764
c1dc7a72	02a10a45c19f	0.8531238
c1dc7a72	e7092df21fc1	0.5490591
c1dc7a72	0ff58e6333b9	0.5657441
c1dc7a72	320ed557a055	0.8113671
c1dc7a72	2a578a224f28	0.581794
c1dc7a72	29f75b553068	0.27419963
c1dc7a72	17f4e401428e	0.48100188
c1dc7a72	c9073e958b29	0.52419424
c1dc7a72	5f4d4d934794	0.64202213
c1dc7a72	d20f3eb44963	0.29902604
c1dc7a72	ac0cfced5e5c	0.88223505
c1dc7a72	67fc2154a907	0.3446829
c1dc7a72	e535266b6183	0.18500438
c1dc7a72	26d5233cbdcc	1.0854578
c1dc7a72	63adfa1ade08	0.65376604
c1dc7a72	920486287879	1.3301694
c1dc7a72	d729e4018b50	0.097260326
c1dc7a72	95c5c16636ab	0.6545092
c1dc7a72	b610da91ffde	0.6182921
c1dc7a72	fa5769a7ad19	0.67611855
c1dc7a72	a8a69c932423	0.69327253
c1dc7a72	474003cc1fcc	0.6473854
c1dc7a72	eb5860e4f65e	0.46968648
c1dc7a72	899387c4245f	0.68302953
bc7e551e	93cefec12b2c	-2.5260558
bc7e551e	7fe28bef154c	-0.90437835
bc7e551e	567102f512da	-0.90437835
bc7e551e	433076a625b3	-0.94802445
bc7e551e	b3e51ab6104f	-0.94802445
bc7e551e	e256aebf63dd	-0.94802445
bc7e551e	baa97f5e35d6	-1.1113236
bc7e551e	5653a9a814f4	-0.64377564
bc7e551e	e61d692f7c06	-1.2417579
bc7e551e	00df4a049d8b	-0.60556495
bc7e551e	ed93b0ea4f7b	-0.26770565
bc7e551e	55642d15c4b0	-0.37101284
bc7e551e	815630a42d5a	-0.380668
bc7e551e	217cec2d9ab1	-0.30700576
bc7e551e	963aead41e9a	0.15864536
bc7e551e	44b1fd9052d8	-0.07639486
bc7e551e	19cbaeafdc9f	0.26208633
bc7e551e	383f69df6259	0.1767238
bc7e551e	d45238a455a0	-0.44150928
bc7e551e	3361060d3c5e	1.2156026
bc7e551e	14d9089ea65f	-0.05598306
bc7e551e	adc60c1b000f	-0.82349914
bc7e551e	1e2e58626f9c	0.6351528
bc7e551e	9b113e58f620	-0.7107118
bc7e551e	506990669c7a	1.002856
bc7e551e	8263aa092e8d	0.19990444
bc7e551e	cc2705b2cc89	0.088102125
bc7e551e	7f8740bbe7b9	0.13711426
bc7e551e	3818d02239c4	-0.66209
bc7e551e	09a3ebb0b567	0.76762134
bc7e551e	3dc3a0de1faa	0.50228137
bc7e551e	07f7c4f4c84f	0.32161385
bc7e551e	f9356d1fe99a	0.06275659
bc7e551e	daaca86027f5	-0.04585255
bc7e551e	ea689367f193	-0.30871394
bc7e551e	07561b3cd8e7	0.019666927
bc7e551e	5b86c25a12c6	-0.0126345
bc7e551e	51b4a615ce07	0.551501
bc7e551e	98f2455c3140	-0.87599343
bc7e551e	98aa697b40b0	0.126185
bc7e551e	a1d345f66ab4	0.65710956
bc7e551e	4ac1f7f75732	-0.6539727
bc7e551e	d1c8a2175c51	-1.0036079
bc7e551e	07223b1ab754	0.2930073
bc7e551e	b0fc7a505a1e	0.12721528
bc7e551e	9b1e04555e68	0.1949054
bc7e551e	0384b281336c	0.34922042
bc7e551e	dec36059edf2	0.15836346
bc7e551e	7dc22d5de7ee	0.19368306
bc7e551e	9bc2ccf82708	0.19368306
7d64a4ea	93cefec12b2c	-2.458162
7d64a4ea	1d07012b8df3	-1.3320336
7d64a4ea	a3bd2c215f35	-1.6684344
7d64a4ea	c97f7b1cfb4f	-1.4331896
7d64a4ea	5579a58b9bb2	-0.92955506
7d64a4ea	eb34de2d258f	-0.50164324
7d64a4ea	d546d62304dc	-1.2687739
7d64a4ea	aef43878c8f7	0.8927444
7d64a4ea	e426a9c96ec9	-0.31118223
7d64a4ea	e19afd9f8645	0.106029876
7d64a4ea	b686c36749a9	0.066157006
7d64a4ea	f480025797f9	0.23674469
7d64a4ea	b8b8181520b0	-0.022916235
7d64a4ea	7dbbe64f8367	0.8953492
7d64a4ea	776721ae7db9	-0.16266255
7d64a4ea	eee260ecaeff	0.08789183
7d64a4ea	2600a6802080	0.17016388
7d64a4ea	75a449eff360	-0.12077976
7d64a4ea	6bf4a5c910c4	0.3685579
7d64a4ea	fdc86efa78d9	0.273798
7d64a4ea	ca4d9a37b6ed	-0.8243338
7d64a4ea	27e187dad966	0.618443
7d64a4ea	d623b67c5135	0.2775767
7d64a4ea	62eddf510727	0.19368336
7d64a4ea	9f99c29e8f78	0.07253321
7d64a4ea	49c07d403f00	0.30352497
7d64a4ea	cd108c49bd60	0.33982858
7d64a4ea	235a28e0a0c1	0.5867098
7d64a4ea	519496e902a7	0.09071218
7d64a4ea	224ce95b0c81	-0.2376988
7d64a4ea	0e37b79c2b54	0.25009453
7d64a4ea	18bf66542e19	-0.14418025
7d64a4ea	a2a65fd0bd0c	0.5511692
7d64a4ea	1ecf6f4cdc92	0.85542566
7d64a4ea	372d0578d3bb	0.23057118
7d64a4ea	16975b4cffc3	0.24267843
7d64a4ea	5c1bbeee232b	0.11536283
7d64a4ea	a510d10a9203	0.48247072
7d64a4ea	31a17e081a0a	-0.26046655
7d64a4ea	10b50b94b95b	0.0076217903
c27c9186	0215dce0a92e	-2.3672361
c27c9186	986fb18d40ef	-1.6584985
c27c9186	e6a3ec19858c	-1.563794
c27c9186	9e5a846921e2	-1.4450451
c27c9186	ab44497c78ea	-0.92411333
c27c9186	5acb3b6094dc	-0.92411333
c27c9186	577ec416b6ed	-1.049543
c27c9186	b27926d315ff	-0.53895944
c27c9186	5190500b995f	-1.674103
c27c9186	3aecd2ad3a0e	0.010695856
c27c9186	d35e2ed6583d	-1.193633
c27c9186	8aad7c0fa645	0.07647374
c27c9186	9c9ccf6f1990	-0.64033467
c27c9186	ec14d1d41d9a	0.14390764
c27c9186	a07f094ff449	-1.0803392
c27c9186	1c305585966d	-0.66445833
c27c9186	70b8fc0c9129	-0.07103785
c27c9186	a8e86d939573	-0.15459363
c27c9186	61cc45e7f718	-0.54312253
c27c9186	581148e606a7	0.32188395
c27c9186	12df6ea1b708	-0.5261294
c27c9186	5c3a545fe839	-0.1724183
c27c9186	37db0afb8841	0.23307414
c27c9186	df2012d560c3	0.038688995
c27c9186	aa4351706ef1	0.58842576
c27c9186	ca4f87481728	0.09364256
c27c9186	9a3780a2ff66	0.15709594
c27c9186	eed7d9849602	0.5339495
c27c9186	ee732c159321	0.37225392
c27c9186	a980ab189679	-0.09631351
c27c9186	7a21490cb611	0.5166333
c27c9186	89bef250e005	0.41236463
c27c9186	38ecff69a395	0.35749754
c27c9186	905b18064dd3	0.37601504
c27c9186	83614b9d9363	0.28362617
c27c9186	1c868bd7e80b	0.11326888
c27c9186	255cb74283b1	0.38200185
c27c9186	893fb0b9cf97	0.04565534
c27c9186	b8f823c76625	0.22567043
c27c9186	85dd2ec40ca8	0.38262084
9ef3b4fd	93cefec12b2c	-2.2844558
9ef3b4fd	881ff6f4c556	-0.8346103
9ef3b4fd	31b2c311a025	-0.8346103
9ef3b4fd	dce1ce153fe6	-0.83017427
9ef3b4fd	fb232e3c8990	-0.88769954
9ef3b4fd	9b2fd7ca4c18	-2.3435545
9ef3b4fd	7522880b09a7	-0.5676465
9ef3b4fd	de0cc82f179d	-0.96778315
9ef3b4fd	73b84bc207a4	-0.6904403
9ef3b4fd	8889f3089eec	-0.24829367
9ef3b4fd	a51af40ba9a8	-0.30799946
9ef3b4fd	fc480e047e78	-0.3726268
9ef3b4fd	32d19e45d3f1	0.62020975
9ef3b4fd	fcf1c75b8d8d	-0.96086013
9ef3b4fd	a5674a26990c	-0.058123738
9ef3b4fd	e6ceba3f0fcc	-0.42851907
9ef3b4fd	df49ac5fddcc	0.1521606
9ef3b4fd	0f07a476e9f1	0.65749776
9ef3b4fd	75496ddb6bfb	-0.047701873
9ef3b4fd	53a3586d4f36	0.5514632
9ef3b4fd	917d9e1da756	0.40865716
9ef3b4fd	286c518f59dc	0.14592128
9ef3b4fd	aa4dcfd6b858	1.3576825
9ef3b4fd	acc0886b768d	0.8915146
9ef3b4fd	c57cd50a2261	0.18808155
9ef3b4fd	5e2f91a5400c	0.62477255
9ef3b4fd	1e9d7b4d58ce	-0.55621463
9ef3b4fd	79dc3445f2d8	-0.37908152
9ef3b4fd	22994809b822	0.3500658
9ef3b4fd	1edd25060fc2	-0.53865176
9ef3b4fd	ee12e575df92	0.38757536
9ef3b4fd	d34f52af5a4d	0.44558498
9ef3b4fd	890130920d86	-0.049178302
9ef3b4fd	686d3c80cb66	-0.097383924
9ef3b4fd	c0768db6d7f5	0.9405812
9ef3b4fd	6c7f38cfe9a6	-0.21773852
9ef3b4fd	208e0ea4181b	-0.44165292
9ef3b4fd	2896993ec3ce	1.0125811
9ef3b4fd	0759cf0b2576	0.13634235
9ef3b4fd	e305c4c72fd8	0.09419546
840f4d06	caa9979424f0	-1.7812625
840f4d06	fa18ab7e5e22	-1.3294654
840f4d06	50f5a753ad56	-1.4616247
840f4d06	5d081600ce61	-1.1329424
840f4d06	a1afb64cccb6	-0.56770414
840f4d06	713c7f69de70	-0.7513428
840f4d06	addff6d4535b	-0.41017666
840f4d06	f56bcabf282e	-0.8350482
840f4d06	555d082091ae	-0.70987296
840f4d06	05a1f2ee53c5	-0.8922477
840f4d06	3319b3ebcc4d	-0.7561409
840f4d06	d247193bfb31	-0.7561409
840f4d06	65c4ecd7a177	-0.7048803
840f4d06	4eac96b5a4ea	-0.7561409
840f4d06	aa8252fbe20e	-0.5124212
840f4d06	2da94484f857	-0.5381588
840f4d06	b86029cb931f	-0.7307759
840f4d06	5e94a06f6365	-0.5381588
840f4d06	c78882ba2b12	-0.34025142
840f4d06	4e50d1995d26	-0.31149647
840f4d06	e5e2efc823af	-0.4161853
840f4d06	bb9b53fe78e8	-0.49028432
840f4d06	692b2895fc6f	-0.3761107
840f4d06	a9378e900175	-0.2165403
840f4d06	d5d3d5be9dd0	-0.28614715
840f4d06	7b3a18172424	-0.21702532
840f4d06	244663e93144	-0.08211318
840f4d06	bae4c4a819c6	1.3329413
840f4d06	18a6800e5bd8	0.6953641
840f4d06	cd710602187c	-0.4611493
840f4d06	4b9f2c16ad76	-0.42863998
840f4d06	ae0c2bde2854	-0.62657255
840f4d06	58329836f64d	-0.44722584
840f4d06	e2625e3dc052	-0.64348125
840f4d06	d2d552a21516	-0.5442281
840f4d06	b422dd7795ad	-0.15575352
840f4d06	0e2f04e04871	-0.3128414
840f4d06	6ba1099ab118	-0.3060353
840f4d06	db8b187b2901	-0.5316748
840f4d06	aa8c9b47bf6b	-1.6738963
4bf742ae	520be23d9d73	-1.2899395
4bf742ae	b97671602561	-1.0697778
4bf742ae	93cefec12b2c	-2.625814
4bf742ae	1c121d506776	-0.49098817
4bf742ae	363bce9d2d07	0.47853056
4bf742ae	9ef688fbc92d	0.3856159
4bf742ae	65aea6806d77	-0.78890526
4bf742ae	cf78871a9a53	0.03314842
4bf742ae	0bcbcaa33ba3	0.11814586
4bf742ae	af08f54d341e	-0.14037701
4bf742ae	fedd30159350	0.091373906
4bf742ae	dfa017ed868f	-0.12201414
4bf742ae	fb370bbd65d5	-0.23357691
4bf742ae	7cbea62f4847	0.03527067
4bf742ae	27ab59144a0d	0.5404215
4bf742ae	5864ca94f748	1.3402561
4bf742ae	db3831f25189	0.61206067
4bf742ae	2223cbcc3d57	0.54943216
4bf742ae	d11410115cd3	0.18030255
4bf742ae	757fd29c2d25	0.28070503
4bf742ae	9a04ba8536f2	0.38639227
4bf742ae	e65c0d0fb7a1	0.8003689
4bf742ae	cd865820c61a	0.25353724
4bf742ae	bd4c2d2248c2	0.52043766
4bf742ae	87df39ce66c9	0.75484693
4bf742ae	9864885d395e	0.15462895
4bf742ae	fd60f04eb988	0.40152583
4bf742ae	43ba3b1f6680	0.5620805
4bf742ae	538205829fbb	0.93643045
4bf742ae	d7c70a3421d4	0.9597083
4bf742ae	7cac90a05569	0.63102114
4bf742ae	1a779bcadb49	-0.4979383
4bf742ae	6e9a71215302	0.5473609
4bf742ae	ef0300e10367	0.89804685
4bf742ae	f59a2f6126d0	0.3478758
4bf742ae	6ae08505b8dd	0.75570667
4bf742ae	c3873bdfd477	0.61077726
4bf742ae	5e65a282c574	-0.78999037
4bf742ae	215e1bed316c	0.6504974
4bf742ae	cd425c6ca4e4	0.30075708
2c68b676	93cefec12b2c	-2.3766007
2c68b676	dccf60c0e994	-1.9810479
2c68b676	7646e53fba4c	-1.5716109
2c68b676	51205dd98a1a	-1.8115848
2c68b676	dc5c9f7522f1	-1.2088022
2c68b676	731cd0416031	-1.1530005
2c68b676	fa05c6407165	-1.2712281
2c68b676	8782ec715dc0	-1.3211085
2c68b676	868ae7e58eb4	-1.2189245
2c68b676	e2844d2c518a	-1.2550602
2c68b676	db3f1a5dcadb	-0.82811445
2c68b676	cb9a82d2cd0c	-1.2397058
2c68b676	1aa5f1b02021	-0.9032421
2c68b676	3507af1bbf1e	-1.101929
2c68b676	13acbff09c5f	-0.68896496
2c68b676	def7d1877c4c	-0.77495056
2c68b676	48dd3071a688	-0.736505
2c68b676	d37e59855e09	-0.7515554
2c68b676	55190afd8f7e	-0.74793124
2c68b676	173957ea77e1	-0.73566854
2c68b676	eaf20cf671e6	-0.72945684
2c68b676	4e5fe4247081	-0.76874435
2c68b676	4c9ef3cc1c5f	-0.8040797
2c68b676	b09c306078e5	-0.9498813
2c68b676	ccca70cbb06a	-0.6063254
2c68b676	71eebfbdc709	-0.7316152
2c68b676	b2f39d1a49c7	-0.3239956
2c68b676	3c55d21b01ea	-0.57487124
2c68b676	b5df2af60f41	-0.34335864
2c68b676	a37d4ec3ce2d	-0.6304924
2c68b676	f6eaae520bd3	-0.406362
2c68b676	1e86c833e788	-0.4141729
2c68b676	b64524b38868	-0.38644555
2c68b676	3a991e203c53	-0.4118494
2c68b676	375b71618aab	-0.34898525
2c68b676	d27015af0893	0.7428093
2c68b676	b3ba159d9c8e	1.0185882
2c68b676	29cef5d0f8c6	-0.5658008
2c68b676	e92d88b36fa8	-0.3213732
2c68b676	6673a80a27ff	0.7963896
d7589f34	93cefec12b2c	-2.5066092
d7589f34	094f689532b8	-1.2978865
d7589f34	d4326bad7056	0.03150243
d7589f34	18ac425731eb	0.12732752
d7589f34	92f53e2effd6	-0.0036487903
d7589f34	2448740818b0	0.81399983
d7589f34	a4e29aa962fc	-0.9060938
d7589f34	b527981f7572	-1.1280913
d7589f34	3e1cb43a0e7b	-0.60838133
d7589f34	65fd6a9644cd	1.2799132
d7589f34	328afc60bcab	-0.19046423
d7589f34	b5394b93cf80	-0.17945398
d7589f34	fcb768d78faf	-0.48914644
d7589f34	8a0d312f172f	-0.91154414
d7589f34	c06529578691	-0.5185285
d7589f34	b5a76fece0df	-0.43686247
d7589f34	f476445584d2	-0.44926497
d7589f34	d6ccfb241c5a	-0.19089514
d7589f34	58a4c6d077e5	0.069122806
d7589f34	36d62e88d782	1.1035691
d7589f34	a2a6b12ef1ed	0.081349514
d7589f34	134067f3029a	0.24296851
d7589f34	d03cec762fd7	-0.39540705
d7589f34	3c245d85619e	-0.35919383
d7589f34	616282557ee8	0.038813055
d7589f34	f4e27eaafd5c	-0.5204792
d7589f34	11eec2d0ff01	-0.5405606
d7589f34	bc01d6632367	-0.5405606
d7589f34	189ab3979134	-0.70687354
d7589f34	6cda060deb63	0.7331854
d7589f34	23e529a035ab	-0.49842492
d7589f34	7900f636d290	-0.34939262
d7589f34	dd3f7d2e5d7b	-0.31998354
d7589f34	015adf711ad6	-0.26700395
d7589f34	81de310dc816	0.004304284
d7589f34	7e2058341cff	0.54958373
d7589f34	77ef346ceaf8	0.13986564
d7589f34	19f3829cd74b	0.17518531
d7589f34	69984104d6fc	-0.6122927
d7589f34	0635241d2428	-0.46553853
712efdcc	93cefec12b2c	-2.5475216
712efdcc	58d63d6fef68	-1.9909372
712efdcc	e6affcdbb338	-1.8203688
712efdcc	4436e1d54c84	-1.7974521
712efdcc	8eaac61b84a2	-1.9215921
712efdcc	2cd0ee155735	-1.6690453
712efdcc	95f43acf0eab	-1.8477254
712efdcc	e292a6cfb535	-0.99238306
712efdcc	a34d2a846148	-1.4411107
712efdcc	6e506f79bd2a	-0.6146661
712efdcc	6c04a4069bf6	-0.7930436
712efdcc	5f751a990d19	-0.5254965
712efdcc	d8836241f1bb	-0.33077917
712efdcc	3cd003b92b72	-1.4399455
712efdcc	6d6a9bfdd56c	-0.3335967
712efdcc	da08723c022d	-0.0099295
712efdcc	3486d163b747	-0.19469939
712efdcc	0dc001ef0e52	0.13001324
712efdcc	ef288aef2035	0.0055977907
712efdcc	616171d86082	-1.2143849
712efdcc	fe375f26bdf4	-0.044356458
712efdcc	1f04d8f49c3d	0.004364758
712efdcc	a70dd2d5f5e9	-0.11634321
712efdcc	a9f68596c9d6	-0.27779007
712efdcc	96e36b40b9bd	-0.95618397
712efdcc	fb36b88bc73c	-0.06342409
712efdcc	521bcfad34c4	-0.9655528
712efdcc	fb0e0cfe59e1	-1.0619972
712efdcc	4dc6f2ef09cc	-0.9428557
712efdcc	c996d4b6650b	-0.3846105
712efdcc	f6341d2d6f09	-0.5816681
712efdcc	9c601b003686	0.9413276
712efdcc	ca57819655e5	-0.11387358
712efdcc	108f6d251644	0.0071429405
712efdcc	2cc65e0a3a12	-1.3459104
712efdcc	8e7e9db66d38	-0.8422444
712efdcc	d5243a837651	-0.133133
712efdcc	c6244d0e8e49	0.3960158
712efdcc	6f130ee6876a	0.22774607
712efdcc	3d9976913be1	0.13293335
712efdcc	1b4ac95d73a7	0.34051374
712efdcc	b6b1a297c838	0.3382301
712efdcc	8981bc9ac89c	0.37585852
712efdcc	2c94d89659b6	-0.99079317
712efdcc	1b7b9077c711	-0.01926307
712efdcc	a70ff02530da	-0.12411737
712efdcc	933ed1abfb05	-0.20285784
712efdcc	299bd823e90d	-0.54225683
712efdcc	4873aa40ae74	0.09382183
712efdcc	a1a9e0b168e8	0.63982755
b055bf9b	268ca8e1c224	-1.7156901
b055bf9b	fe03e4f32413	-0.35597023
b055bf9b	32f14fd1c8f9	-0.35597023
b055bf9b	803549640bdc	-1.7173568
b055bf9b	ce7d372c09c7	-2.259694
b055bf9b	a807ced27cf7	-0.14839232
b055bf9b	d10c5fb84e96	-0.2552017
b055bf9b	0ef0d51b3b32	-0.11465409
b055bf9b	52fe9ad2a529	0.26995575
b055bf9b	9246a89af077	-0.18425427
b055bf9b	59763a55133e	-0.09163489
b055bf9b	25481e085708	-0.26454374
b055bf9b	4fbca3c0bedb	0.27381974
b055bf9b	f28a1d0da5d8	0.1354295
b055bf9b	af20b3894137	1.322858
b055bf9b	a372e24942fc	-0.36539495
b055bf9b	bc38f882aa9e	-0.047148414
b055bf9b	18db53cd3064	-0.24065669
b055bf9b	7d4a98115e14	-0.113918416
b055bf9b	a6ed74bf6b48	-0.13592245
b055bf9b	aa0e9a4c2155	0.41477636
b055bf9b	bda6297fca09	0.43912652
b055bf9b	202c16b01b01	-0.51373667
b055bf9b	b7ef7c550734	0.17107962
b055bf9b	9bdc533a9610	-0.039818272
b055bf9b	ccb65da6e3c3	0.19884951
b055bf9b	7778c25842b6	0.7378061
b055bf9b	6086646a7a36	0.2597688
b055bf9b	31b0043cfa05	-0.17902328
b055bf9b	4b5216d580bf	-0.07945458
b055bf9b	54e26e5575f5	-0.25188917
b055bf9b	d02d59ddf3ac	0.27434704
b055bf9b	1ade1c44203d	0.50556093
b055bf9b	6724b1a02afe	-0.1714184
b055bf9b	c657a13301f2	-0.8296736
b055bf9b	92e12d7d7c4a	-0.26003385
b055bf9b	13a9fdf742d4	-0.5243196
b055bf9b	3776f62d5efb	0.27324727
b055bf9b	4165a0dfa81d	0.36121032
b055bf9b	185913ba78ef	0.2900113
b9af06b2	93cefec12b2c	-2.5048008
b9af06b2	61ea606362a1	-1.656095
b9af06b2	18b5c2300e8f	-1.1384199
b9af06b2	5989307dd1bf	-0.72861236
b9af06b2	b080859e9368	-1.2937483
b9af06b2	bc75f7643d7a	-1.0696118
b9af06b2	b11512691e0d	-0.38961145
b9af06b2	d5263d4945ea	-1.0034986
b9af06b2	90f8f08ab427	-0.87366664
b9af06b2	745c2ca0bdbd	-1.369337
b9af06b2	a7110ed10f40	-1.8211201
b9af06b2	fe22b0241be5	-0.91147923
b9af06b2	b003523c409a	-0.66131014
b9af06b2	5f1fce34e9e4	-0.81832874
b9af06b2	4c4556df49b4	-0.82498246
b9af06b2	7ceb00624e07	-0.91949517
b9af06b2	5c0b706aaf64	-0.7341931
b9af06b2	ffe08f41224a	-0.8541425
b9af06b2	5cfe70bbcfcf	-0.36422762
b9af06b2	6784ab89964f	-0.5644009
b9af06b2	a92fd3e77897	-0.59611624
b9af06b2	047456693a98	-0.6785659
b9af06b2	b30b9ebd50a6	-0.5947145
b9af06b2	5ef4d8ccf312	0.035637632
b9af06b2	bb2ed7913cfc	-0.3726232
b9af06b2	f858743ba348	0.07653298
b9af06b2	d0609c9daaba	-0.21017708
b9af06b2	1e8c729d3ba0	-0.93669766
b9af06b2	15806e5e751a	0.41356888
b9af06b2	973274ff39a7	0.36631992
b9af06b2	b69bc7a01931	-0.29337272
b9af06b2	6dab2a6faf4e	0.2075245
b9af06b2	75eafca3df6c	-0.53168386
b9af06b2	d485ee98c19c	1.6293488
b9af06b2	e3e03e968f00	0.24841985
b9af06b2	3ddb24177b53	2.0806599
b9af06b2	1f1390b34839	-0.15113653
b9af06b2	43da686af57c	-0.52854407
b9af06b2	a077256169e6	-0.45244804
b9af06b2	9d07ec4a28cd	-0.6703772
0b334efd	2f3c7315af40	-1.8748709
0b334efd	53e234149f63	-2.0872893
0b334efd	d6e61d64df00	-1.5234083
0b334efd	0f5aeeddb6de	-1.1769136
0b334efd	37790cd1940a	-1.8084093
0b334efd	136f69a72b80	-0.2508634
0b334efd	2d2d41316e56	-1.1912954
0b334efd	6e9e633bb4ad	-0.4202126
0b334efd	ef6f9f8afe84	-1.1639084
0b334efd	6ba5cf4f163e	-1.5199562
0b334efd	2930a869fe66	-0.7562156
0b334efd	7d3989fba74e	-0.98191375
0b334efd	9fea279210cd	-1.0881921
0b334efd	549198e5c127	0.19132026
0b334efd	0a8cc4403127	0.17522725
0b334efd	6ce5e3e5c16a	-1.6609
0b334efd	53d670856b3d	0.5770128
0b334efd	3da7bd266764	-1.6510662
0b334efd	f49e17b5a0cb	0.2505864
0b334efd	21eafec271a4	-0.73348385
0b334efd	090d4db0fde8	-0.57186055
0b334efd	40740be34caf	-0.5652787
0b334efd	05467e3e4160	-0.97820544
0b334efd	fbd2842d1fde	-0.27380335
0b334efd	beb38f373341	-0.8145441
0b334efd	bdc35536f487	0.03089711
0b334efd	f58fd335f3c4	-0.797896
0b334efd	1c90573b9253	-0.43567538
0b334efd	5ebf06910841	-0.851303
0b334efd	e7affaf7fe1e	1.3474135
0b334efd	3fd225c15171	0.038215317
0b334efd	68170fd7779c	-0.12504977
0b334efd	dd0ab56f98f3	-0.30055198
0b334efd	66fb062275cf	-0.19960795
0b334efd	e710891c903f	-0.75182164
0b334efd	94f2459b510e	0.06854489
0b334efd	019d66fb3e0b	-0.63824797
0b334efd	f15a20719f3f	-0.5745332
0b334efd	7cce8dbced06	-0.4370674
0b334efd	bd3859a61c7f	-0.8788435
d18137e3	93cefec12b2c	-2.458162
d18137e3	894bcd1b1c7b	-1.3708593
d18137e3	db1f7775e47f	-1.8042016
d18137e3	254147d62ed9	-1.1349941
d18137e3	6f556b09b525	-1.2805356
d18137e3	4e8c259ee6e0	-0.6581666
d18137e3	f28ad4178c5b	-1.010196
d18137e3	d853c5442fbd	-1.0245589
d18137e3	7401800be747	-0.51644
d18137e3	24ce13e9b372	-0.44409987
d18137e3	cec2208db332	-0.21637537
d18137e3	755862b1ce8b	-0.38932717
d18137e3	ef11c3af5dac	-0.09306759
d18137e3	fcef810da957	-0.09306759
d18137e3	96c5018aa188	-1.0782424
d18137e3	98d8c069fdad	-0.44384238
d18137e3	f30ec5589bdf	0.28990433
d18137e3	41752aec4d7f	-0.31956756
d18137e3	9dec45eef0ac	-0.35195124
d18137e3	c1ba49d30722	-0.80897677
d18137e3	6bb6ef39b9ef	-1.3985575
d18137e3	0243b9a0e547	-0.45578653
d18137e3	d214dae0f3cc	-0.124100156
d18137e3	fd4e05260fab	-0.18019444
d18137e3	f5634a164c5f	0.024157962
d18137e3	9c661b54d410	-0.18019444
d18137e3	fa99ce21b0de	-0.2914601
d18137e3	30f4bab7895b	0.23664775
d18137e3	e225f50b1b1e	0.23664775
d18137e3	61382cf79eb5	0.16182242
d18137e3	af376fdd6687	-0.2944898
d18137e3	e5af10674c14	0.27685937
d18137e3	108679b617be	0.25996312
d18137e3	b2101c7da4b1	-0.08949383
d18137e3	886056d7dfb0	-0.18178186
d18137e3	e3cc9d7fc6a3	-0.11802799
d18137e3	8b12f42d04ac	1.2666546
d18137e3	13fdb4258f15	-0.5027469
d18137e3	66504224e9e7	-0.56764746
d18137e3	1c46892ea964	-0.21948463
8bcd2b3b	90309746af7a	-1.4318408
8bcd2b3b	41d2bbcc9e7e	-0.9050586
8bcd2b3b	21a72185438a	-1.0338535
8bcd2b3b	e233f8b31281	-1.612381
8bcd2b3b	1021ccb1ff4e	0.16252567
8bcd2b3b	a8ed96c4cbcd	0.26971367
8bcd2b3b	218b56c0246e	-0.80666894
8bcd2b3b	4af8d76daa97	0.20202641
8bcd2b3b	661c31acacc7	0.069911465
8bcd2b3b	6b7e6b3e80ab	0.35158443
8bcd2b3b	923602e8e90e	-0.5812821
8bcd2b3b	7d6fa35a19cc	-0.18345343
8bcd2b3b	64d247a1e1cf	-0.26141322
8bcd2b3b	00f52e6383d2	-0.26141322
8bcd2b3b	60c58683a723	-0.29312858
8bcd2b3b	79f66bd4d7fd	-0.13351738
8bcd2b3b	4f5b9a3b8fd9	-0.06846822
8bcd2b3b	c0e544ec9949	-0.3493846
8bcd2b3b	ddabc60ed414	-0.09674446
8bcd2b3b	a14ee754d24b	-0.17867368
8bcd2b3b	aae582da96fc	-0.19605511
8bcd2b3b	03ce6dc8c9ec	-0.14688262
8bcd2b3b	b4b59de97bf8	-0.27793282
8bcd2b3b	cef64bf41d44	-0.32486692
8bcd2b3b	b88317d740d7	0.08750244
8bcd2b3b	0590bf39ab00	-0.34238267
8bcd2b3b	78513ae0f86a	-0.23610182
8bcd2b3b	5d096c2bb67b	-0.24571702
8bcd2b3b	7c35dc3fcf71	-0.004846611
8bcd2b3b	1a92b769f6b4	-0.2003695
8bcd2b3b	ec30ef4a7a62	-0.07180581
8bcd2b3b	0e855ea92951	-0.14609164
8bcd2b3b	b7324b3be66a	-0.17388332
8bcd2b3b	553c45da6647	-0.38642183
8bcd2b3b	f95d1b1412a1	-0.6306504
8bcd2b3b	9090efcb28eb	-0.2801909
8bcd2b3b	6fee4857c6fb	-0.13274093
8bcd2b3b	1332a2f27b3e	-0.30527025
8bcd2b3b	7328ef075c87	-0.5577858
8bcd2b3b	edebd552fc7c	-0.3698303
08780869	93cefec12b2c	-2.2574801
08780869	96d1c864e48c	-1.2664768
08780869	cb09c0c13126	-1.3412597
08780869	7287a6569c87	-1.4878286
08780869	8216c4db3aa6	-1.0377933
08780869	73fd8443cfd9	-0.6816933
08780869	705ddd0af1f0	-0.39901373
08780869	2c252a6ae44e	-1.4523861
08780869	682409a0e25a	-0.6381701
08780869	151a66a717ce	-1.346896
08780869	114acb18042e	0.098996975
08780869	a6680e8ef7a2	-0.24612896
08780869	13bc0757752f	0.07478533
08780869	8ffe1ee0724e	0.08917368
08780869	a7bc883b8ff0	-0.2547013
08780869	02298c8f275d	0.254689
08780869	07dcda636b72	0.12710506
08780869	94ea40be269c	-0.24134548
08780869	edbe24f7752b	-0.91385114
08780869	e92186192eb5	0.3196782
08780869	32c4916b7685	-0.17778827
08780869	62e8d1c6cd37	0.009806514
08780869	f3a63cb9122f	-0.590891
08780869	1fb3d83c2a54	0.23686035
08780869	0fbab91ce7b5	-0.24298395
08780869	27cfde6191f1	0.4618028
08780869	af85462d665e	0.5950178
08780869	a28fc973a4cf	0.058487926
08780869	3f199977da0a	1.0880835
08780869	d87c94e7d144	-0.43314376
08780869	e87069243620	-0.37986138
08780869	c7bcebe282b7	0.24910511
08780869	52336899b48c	0.15100166
08780869	00ac73b2c8f8	0.00885383
08780869	8babb665aee2	0.2551203
08780869	8261f4097200	0.447975
08780869	9659e9716672	0.5138668
08780869	db1f4f954d76	0.42297944
08780869	b80043162b76	0.40075496
08780869	b2d4d346e854	-0.07860642
fc2d3434	5ceab4ef0879	-1.6120716
fc2d3434	11b3d195b281	-1.5863172
fc2d3434	b66176a551e6	-0.8659017
fc2d3434	28e00bbe8194	-0.8690868
fc2d3434	308e7f78b881	-0.97696626
fc2d3434	1713ad1d0824	-1.0196766
fc2d3434	d667024202dc	-0.60650456
fc2d3434	35fd1570ba70	-0.3359571
fc2d3434	ea55197f6be0	-0.3359571
fc2d3434	d4a25b0e4e11	-0.118151195
fc2d3434	9b5363f43606	-0.118151195
fc2d3434	b73f64d2755e	-0.047166973
fc2d3434	b9aa8ac302ad	0.34692493
fc2d3434	fe8a4d03d421	0.48132646
fc2d3434	e496cc5ce2f4	-0.0002585397
fc2d3434	6ab027d86ebb	0.6482073
fc2d3434	15c26ef71c94	0.2705806
fc2d3434	6a4470cfa0c3	0.2705806
fc2d3434	3a5a443f0258	0.20845623
fc2d3434	0283d4512b93	0.3659889
fc2d3434	0ce6f3c76f20	0.30386472
fc2d3434	574177b281aa	0.4639855
fc2d3434	d9fd770234c9	0.71110255
fc2d3434	f7b8210c734d	-1.1234837
fc2d3434	1553cf804d7c	0.3403378
fc2d3434	662273aa5e4e	-0.21106766
fc2d3434	42a4d8569a27	0.7411647
fc2d3434	ad637b349e25	-1.0885297
fc2d3434	2e3813786ade	0.3083777
fc2d3434	bcf8c4727f9e	0.22521676
fc2d3434	3a8d50f67ded	0.782514
fc2d3434	dc45e73d3b18	0.06698444
fc2d3434	2d145b5bf925	0.78659284
fc2d3434	6bdd586478ac	-0.35067943
fc2d3434	8be6e318c919	-0.6060834
fc2d3434	16cc987f48d3	0.86417437
fc2d3434	63ead889e380	-0.1579341
fc2d3434	6dbf03d4d31b	0.042886414
fc2d3434	3059e7b9eeec	-0.4170979
fc2d3434	357661da32ae	-0.362837
c7ef5fe0	93cefec12b2c	-2.7878375
c7ef5fe0	b3b3b4796a93	-0.8275151
c7ef5fe0	85abe674a130	-1.050124
c7ef5fe0	175167ff9818	-1.5199807
c7ef5fe0	1ef1587fb1d4	-1.3964903
c7ef5fe0	098b07473cb0	-0.9182545
c7ef5fe0	05939eb85d29	-0.743526
c7ef5fe0	b4beab71ca5d	-0.21562903
c7ef5fe0	ea2b9d850266	-0.102433406
c7ef5fe0	46fc2e2e991c	-0.18055573
c7ef5fe0	85183c7ab002	-0.18055573
c7ef5fe0	cd25c37aa620	-0.1775098
c7ef5fe0	2591433f1f13	0.13106596
c7ef5fe0	fd34a76535b4	0.037945442
c7ef5fe0	e2098f620f61	0.16945793
c7ef5fe0	cc9b77555966	0.529283
c7ef5fe0	30367b58988a	0.529283
c7ef5fe0	296a45397376	0.529283
c7ef5fe0	cba35bba6caf	0.51090634
c7ef5fe0	198e49d7f11f	-0.4379585
c7ef5fe0	aa4c59bdf67a	-0.80203336
c7ef5fe0	7c161f6cdcd9	-0.10606709
c7ef5fe0	8bd3290355f0	-0.6725774
c7ef5fe0	d09edf04292b	0.036549114
c7ef5fe0	1b6acef7b068	0.41643688
c7ef5fe0	51cfd0ddc02d	-0.32931733
c7ef5fe0	352e77484c06	0.8063923
c7ef5fe0	0f23d73d7840	0.2623063
c7ef5fe0	6c15e00ac41f	0.5855482
c7ef5fe0	c223abedfb72	0.25125024
c7ef5fe0	7ecaff29d78f	-0.3563811
c7ef5fe0	32f352e60a56	-0.9072293
c7ef5fe0	84c920942088	-0.92532814
c7ef5fe0	2ec90aca0f2e	-0.72093946
c7ef5fe0	2b28a2594f8d	-0.33822247
c7ef5fe0	7bcb40b60316	-0.14152862
c7ef5fe0	f2a259aa03ff	-0.008135245
c7ef5fe0	0a0cf258bc2a	0.01727595
c7ef5fe0	1edd3b3b2cd4	-0.018043721
c7ef5fe0	378867f1e59a	-0.062284768
e45b5c86	eeb7eb3e358e	-2.374139
e45b5c86	61e128856a5e	-0.39682728
e45b5c86	f254fb63b4ea	0.18112558
e45b5c86	ff58a821e7bf	0.29023468
e45b5c86	229e8f79ed7e	0.1539657
e45b5c86	1495a6990f1f	0.018582003
e45b5c86	5b52defadc02	0.52183074
e45b5c86	a1cf95a1ebbb	0.13689268
e45b5c86	568ec7e87875	0.46089402
e45b5c86	d9d2efb5a368	-0.08975618
e45b5c86	e551524ce41e	0.8051142
e45b5c86	104ddc3d2ede	0.17214708
e45b5c86	80e9aa0391bc	0.6605519
e45b5c86	92759afcc342	0.052934222
e45b5c86	96fbd6e58ad4	0.24633533
e45b5c86	db31a5b90d0f	0.45853147
e45b5c86	64bd396bd8f3	0.43490562
e45b5c86	405dbb8c1c2f	1.6312151
e45b5c86	cc851da19fde	0.83990806
e45b5c86	c62773cb4dbb	0.18920776
e45b5c86	6296305c1f3d	0.17195481
e45b5c86	b649d68203a5	0.7011844
e45b5c86	ea77176bb935	1.1842184
e45b5c86	b0e10816ee14	0.7213891
e45b5c86	74a27009656e	0.3531213
e45b5c86	ff3c56a92916	0.35734066
e45b5c86	53ee7c30f106	0.82258344
e45b5c86	e2f303cbc965	0.7213891
e45b5c86	b1b5cc7e9122	0.66958606
e45b5c86	35c1ebaa463f	0.5690986
e45b5c86	e9f9e7416239	0.58676577
e45b5c86	3238c296c674	0.8093407
e45b5c86	cbe021da2cb0	0.33563223
e45b5c86	f28f42678d45	0.34514168
e45b5c86	aaa712144ee6	1.0848162
e45b5c86	dc8cbadda4c0	0.31782243
e45b5c86	86f67fe082db	1.4500555
e45b5c86	f22342e8bab8	0.3512647
e45b5c86	f15f3991d14e	0.53351843
e45b5c86	a250dfd54b9c	0.45831308
b567a9f6	ae7d251355a0	-2.087489
b567a9f6	44692aa13f65	-1.0936065
b567a9f6	8390be8b7495	-1.3733697
b567a9f6	ef2ba70e888a	-1.4162582
b567a9f6	29a2f9303597	-0.5387783
b567a9f6	b80fddb1f55e	-0.5387783
b567a9f6	76307174f9ba	-0.57861644
b567a9f6	55a2c12d17df	-1.4432238
b567a9f6	2af460054a93	0.20606872
b567a9f6	cdf5c4d4bb49	-0.7662038
b567a9f6	20fa78889517	-0.87976706
b567a9f6	9fa69209ea4f	0.49097115
b567a9f6	3f280accb930	-0.8069863
b567a9f6	e2517713b85a	-0.74332654
b567a9f6	df478c2752ee	-0.76120543
b567a9f6	57509dfce43b	0.7526989
b567a9f6	d0848b1c43e2	0.7272986
b567a9f6	72051a22ec08	-0.40537557
b567a9f6	5b5cdcd5432b	-0.67287004
b567a9f6	e2523b91bc20	0.012720523
b567a9f6	0c508a69ad84	-0.20638128
b567a9f6	b56318309138	-0.349022
b567a9f6	f09ef03978a8	-0.18823075
b567a9f6	4958aed55888	1.0003302
b567a9f6	2893d1e37a6d	1.375682
b567a9f6	648cbcc76fa9	-0.8275058
b567a9f6	b408bd158eb0	-0.010905728
b567a9f6	a347ed13c973	-0.16723874
b567a9f6	524fd2ab63f2	-0.5737893
b567a9f6	fbd99c5fed59	1.5667841
b567a9f6	1abde1e07e2d	-0.32546058
b567a9f6	fd3735076e37	-1.112439
b567a9f6	db69672e2feb	0.061200216
b567a9f6	33b4d2671878	0.08204371
b567a9f6	e356a26dd4fd	0.35668066
b567a9f6	5d9df7c3bd39	0.31594434
b567a9f6	364aefcb1163	-0.70921236
b567a9f6	e97ff779d1d8	-1.0473504
b567a9f6	617fac4c94da	0.22733045
b567a9f6	ebd5b771135f	-0.5703089
b131ad00	93cefec12b2c	-2.458162
b131ad00	6ead962aab0c	-1.7463022
b131ad00	2a700b18abcd	-0.9985674
b131ad00	447e06eb4329	-1.3926857
b131ad00	16a5d3f02f13	-1.3926857
b131ad00	a99987ad7857	-0.76605344
b131ad00	88424d9c99c6	-0.8990873
b131ad00	a405ac72b1b0	-0.73713917
b131ad00	70fe00dc33b2	-0.87017304
b131ad00	29219487fd77	-0.8220453
b131ad00	ffa8d344d713	-0.3305636
b131ad00	d53932b3618d	-0.08791018
b131ad00	572f303cd42e	-0.7655733
b131ad00	df9c418610b2	-0.84369564
b131ad00	b563e074a635	-0.34084892
b131ad00	754edf6c96ce	-0.20894682
b131ad00	9f4305aa7232	-0.8759613
b131ad00	ef0fcb3cca25	-0.95408356
b131ad00	5149de12cfa2	-0.63362956
b131ad00	c174a2fabc7a	-0.6544572
b131ad00	b2381aa67385	-0.39511502
b131ad00	985e043a98c0	0.33268383
b131ad00	a5ab18bbf29e	-0.6943094
b131ad00	8492f9d1a897	0.43266028
b131ad00	51b8f7fdb2fd	-0.3016627
b131ad00	556a356c3dc1	-0.6373758
b131ad00	cf67cb6abff9	0.12347727
b131ad00	a54ef4bd2fa7	0.62160105
b131ad00	1ed3af8ad02f	0.18237731
b131ad00	b8c120608aca	0.34454393
b131ad00	856d74185cb9	-0.42406365
b131ad00	986320bc0ae1	0.8867313
b131ad00	f54b5a2d6be1	0.003879661
b131ad00	f19b13ac15ae	0.24327907
b131ad00	78ca27e84fb6	0.61856925
b131ad00	0ecd856a9f69	0.72488433
b131ad00	0663372689ac	0.26730934
b131ad00	9d5c58caaad4	-0.71165556
b131ad00	69aae0192366	-0.7433709
b131ad00	733652384048	-0.62266946
879eefcb	93cefec12b2c	-2.5243604
879eefcb	2d64532ed2ce	-0.6105285
879eefcb	59353ed73a03	-1.1925133
879eefcb	6b3b2ade4078	-0.95337355
879eefcb	a133622c402e	-0.04027626
879eefcb	41d73b37bcb4	-0.4108756
879eefcb	a738442c37b2	-0.4108756
879eefcb	1a5f910e6dad	-0.31591314
879eefcb	577564055c33	-0.2972995
879eefcb	a8751788f118	-0.2972995
879eefcb	dd2a36865b5f	-0.18218829
879eefcb	d2718e74717e	0.70202523
879eefcb	290178dfd492	0.27612185
879eefcb	623c8295eb6d	0.12574196
879eefcb	6ad0f00e0957	0.7750541
879eefcb	99401a221310	0.7695034
879eefcb	3cb90c0d8e68	0.2974616
879eefcb	3ad52c5e150d	0.62228745
879eefcb	8fbc171b00d3	0.6686742
879eefcb	8a0436d5a2e5	-0.91534984
879eefcb	4e790248afc7	0.44552192
879eefcb	5c7f8da1982d	0.34928975
879eefcb	d7b5eab36009	0.124270454
879eefcb	ec708954300b	-0.820751
879eefcb	33faa707cd8e	-0.17012767
879eefcb	10772208d7d2	0.9266706
879eefcb	40ac6f530c4b	-0.871814
879eefcb	6c33c32f30ee	0.30599096
879eefcb	a413d45314b5	0.2604781
879eefcb	8c86211d98fa	0.34108266
879eefcb	f3f04f28c5e7	0.35957673
879eefcb	757ecabcdf81	1.2349684
879eefcb	29265151aa7f	0.3454946
879eefcb	b70b808c377e	-0.7604973
879eefcb	b5e10f19b610	-0.5234913
879eefcb	4086623f1257	-0.69621325
879eefcb	3ca569ddbd4e	-0.8603044
879eefcb	67cd9e759eb0	0.75113416
879eefcb	58de54e2b23b	0.6539108
879eefcb	5470f83cc83b	0.30365327
b9fe9b80	93cefec12b2c	-2.5527396
b9fe9b80	31ee3442f0ab	-2.1684127
b9fe9b80	5c7933e16c67	-2.1755462
b9fe9b80	9e8e3fb30f18	-0.46232507
b9fe9b80	94500327d6be	-2.1735518
b9fe9b80	60d49a70cfd9	-2.257201
b9fe9b80	3b984bc48249	-2.0886884
b9fe9b80	d7e12e7a492d	-0.39098322
b9fe9b80	dc64834b7d88	-1.7614659
b9fe9b80	cd7a350e267c	-1.9961439
b9fe9b80	01270e803b0f	-0.7129669
b9fe9b80	0d5b851cd978	-1.1332148
b9fe9b80	2660c2e39731	-0.0055661118
b9fe9b80	ba30fab3778f	-1.2620993
b9fe9b80	3998a55c28dc	-1.6238393
b9fe9b80	ddfb7148a4f7	-2.3488414
b9fe9b80	2e9bbea11c99	-0.20989259
b9fe9b80	ffe82ef8953a	0.16904478
b9fe9b80	7e18fb1a5887	-0.21821614
b9fe9b80	6b6a9c99d16b	-1.5633545
b9fe9b80	83ccc60a999c	-0.08951727
b9fe9b80	290c4b55726d	-0.08951727
b9fe9b80	ed28e7e8f825	-1.4483341
b9fe9b80	8f9e833955d2	-1.5725406
b9fe9b80	ca41d1438bd1	-1.412679
b9fe9b80	2d679bf606e4	1.4881008
b9fe9b80	2b57531cc708	-1.4779854
b9fe9b80	2e68affa29a5	-1.3708978
b9fe9b80	e2af85c3bf39	0.30527666
b9fe9b80	acbe2935a219	-1.1460505
b9fe9b80	78bcd94b037c	-0.09143301
b9fe9b80	b8703b70a545	-0.22044206
b9fe9b80	9730ca5cd7da	-0.6862781
b9fe9b80	c2a96ee25a0e	0.26160023
b9fe9b80	289534b79b05	-0.2486716
b9fe9b80	66e0aaa9a380	0.08280886
b9fe9b80	4d725edb7ca1	0.19977762
b9fe9b80	7674f03cb870	0.08280886
b9fe9b80	cb721cd78766	0.20423824
b9fe9b80	8a6e974369c1	-0.0031591037
716e47c5	93cefec12b2c	-2.5203338
716e47c5	1134cdfb6757	0.40796813
716e47c5	24d8bd4c3e21	0.3317583
716e47c5	cb2b6545416d	-0.88822615
716e47c5	79768ddf4a26	-0.88822615
716e47c5	bf2bb6a0bf80	0.84850067
716e47c5	84b2525b9324	-0.32932913
716e47c5	d45387f5856d	-0.024964152
716e47c5	6657de58afa6	0.9048862
716e47c5	e3a6a9cce014	0.44774544
716e47c5	00d320e61130	0.7715516
716e47c5	a8481ae91ef3	0.38245237
716e47c5	2ef46d82f604	0.35910076
716e47c5	5c6eb60b082a	0.30811253
716e47c5	9bb758759c1b	0.369137
716e47c5	cb81ba8d9c3d	-0.6052608
716e47c5	5899ab75b110	-0.9109017
716e47c5	ec7033017740	-0.07841327
716e47c5	bd06f05c9aef	-0.68275833
716e47c5	7c0659866622	-0.7802941
716e47c5	f1674f6526ba	1.1014711
716e47c5	c58e05cae14a	-0.72694373
716e47c5	7c919b012b12	0.72321063
716e47c5	52373eca83e9	-0.72694373
716e47c5	673c80b19606	0.256311
716e47c5	05e8aab77544	0.5776815
716e47c5	0dc7f20774e8	0.5776815
716e47c5	f6b93618892b	0.5776815
716e47c5	bac68c154baa	0.5776815
716e47c5	fec3b89e61e4	-0.65104395
716e47c5	9097a79de5d8	-0.6155034
716e47c5	da216f05b3af	-0.64185363
716e47c5	1b36775550ed	-0.6773942
716e47c5	b947bd3053e1	0.2798572
716e47c5	6c835f38a1ef	-0.6683796
716e47c5	50dd7e5bcb32	-0.4847514
716e47c5	0fab082951cd	0.15607719
716e47c5	4b5703c06e50	-0.6985514
716e47c5	00925cf68851	-0.3004598
716e47c5	6d6b5dd5848b	0.06758871
75f31729	4aba6d7812b9	-1.0392091
75f31729	93cefec12b2c	-2.607228
75f31729	c0f28f7e15f5	-0.7022379
75f31729	1275124bc6f7	-1.3379482
75f31729	03948b74fbac	-0.7701182
75f31729	3d54a66befa0	-0.83897656
75f31729	c9ce93550aa2	-0.9534493
75f31729	ce03dae1cdf9	-0.43990502
75f31729	6d8a158f35d6	-0.2659108
75f31729	f5d6353423a0	-0.24760243
75f31729	d6afc3b98a70	-0.75381285
75f31729	dc1510c7c3b4	-0.77906877
75f31729	900122331298	-0.36735395
75f31729	91146ec2251e	-0.18743554
75f31729	66490504b98e	-0.64936167
75f31729	126deacaaef8	-0.44732365
75f31729	621c27310b1a	-0.74827254
75f31729	e3d92b82dac5	-0.64555395
75f31729	8087ef6e58d0	0.5385247
75f31729	64bf42093a88	-0.21853347
75f31729	1e86176abac6	0.40460643
75f31729	67f5f4937de9	-0.110654436
75f31729	75a77dcc56b8	0.934241
75f31729	e0d14825dbe0	0.59226984
75f31729	4716d51178f2	0.4727023
75f31729	7d60722fb875	0.4727023
75f31729	d34cc29c9fac	0.4727023
75f31729	decf43a1721d	-0.3986313
75f31729	6e49abd87d23	0.68996024
75f31729	656249ba29f0	0.399089
75f31729	7e29b77dc683	0.35925087
75f31729	43f67f165738	-0.24062696
75f31729	c1ec4a827044	-0.43625835
75f31729	a3930ac3f6e3	-0.27659985
75f31729	d3034c3ff725	-0.2700977
75f31729	f51c65b3f1b9	-0.27813005
75f31729	41dcf43ca320	0.27304468
75f31729	1b8b24041773	0.20914854
75f31729	997182f0cff4	0.33188507
75f31729	7e2350615a50	0.6938257
59b10600	cb98fcf2c48f	-0.97654533
59b10600	c643c22f8bb6	-1.2307276
59b10600	1226b5db616f	-1.3267261
59b10600	373b58c25f6d	-1.240621
59b10600	614bd00de74e	-1.2280415
59b10600	dd6a82b122e8	-1.4906242
59b10600	135633930b56	-0.9122259
59b10600	1100447eefd1	-1.284372
59b10600	292322812583	-1.0465366
59b10600	f138069e6cfb	-1.2685368
59b10600	ae33326c4d51	-1.3340255
59b10600	3e122d613cf8	-1.186106
59b10600	a268c1ee88dc	-1.3340255
59b10600	13e8fb2bbb74	-1.2697853
59b10600	9d83588865f2	-1.3149254
59b10600	9edb7f8f5147	-1.1441859
59b10600	c96577f6d6ec	-1.0115577
59b10600	e5725c0aebde	-0.78112584
59b10600	d188aba80d0f	-1.2489376
59b10600	c32dc4234c73	-0.98320323
59b10600	94b964e74f50	-0.86672056
59b10600	c51045e9ee84	-0.9661959
59b10600	30a837965d2e	-0.9572237
59b10600	da3ffe972ec4	-1.4231553
59b10600	567e2ab29849	-1.4923847
59b10600	c3cc17e0fd13	-1.3840555
59b10600	527f59e1ec83	-0.50303113
59b10600	d9d0258a282e	-0.75251955
59b10600	5dc04fc10995	-0.85423005
59b10600	f0234687c95f	-0.7724304
59b10600	465a3c6b49ab	-0.6231389
59b10600	f80e5282623c	-0.83788973
59b10600	213018eaea25	-1.0306981
59b10600	23b0bb0ac15f	-1.0018022
59b10600	b9ad5c74e353	-0.7506306
59b10600	4e68336728c5	-0.9915437
59b10600	d85dcb1b1e15	-1.1531819
59b10600	87d2e83d9317	-0.3994057
59b10600	3845c25b2f78	-1.2386836
59b10600	48476768b98e	0.89578944
fc1632cc	b8506827e6fd	-2.4469123
fc1632cc	4b1b3f1e30fa	-0.92411333
fc1632cc	b98d7822c01f	-1.6477375
fc1632cc	85726703eb2d	-1.7368908
fc1632cc	e43be51d8ab8	-0.61679345
fc1632cc	aaf821d5348a	-1.7415675
fc1632cc	ff0b2ec3370b	-1.8932067
fc1632cc	de0aa9524a82	-0.72243017
fc1632cc	19bada84a723	-0.87315124
fc1632cc	aac8c0544994	-0.7001234
fc1632cc	cdce012a6b8b	-2.070667
fc1632cc	ac7af0698258	-1.7292713
fc1632cc	bdf3c0ac54e0	-0.6000427
fc1632cc	3bf9216f2a9d	-1.8100764
fc1632cc	dd6ae5c3be1c	-1.5122707
fc1632cc	82a00f0045cf	-1.3509014
fc1632cc	20ae4c368766	-1.2667205
fc1632cc	a7a034ab427d	-1.3509014
fc1632cc	0304f1b91587	-1.647758
fc1632cc	4e046b92d758	0.16517675
fc1632cc	7103eba80285	0.07343222
fc1632cc	07255e80bbb4	-1.3032624
fc1632cc	d0557e8f89b4	-1.3421103
fc1632cc	17d332726876	0.28035837
fc1632cc	0f3cb611109a	0.51717144
fc1632cc	c66273969bd6	-0.06925544
fc1632cc	475ffecfdfa4	-1.139627
fc1632cc	455680d66f5f	0.2825804
fc1632cc	41efe08d386a	0.6415909
fc1632cc	8ccc743fd97c	0.60981107
fc1632cc	67e17cc3bebc	0.029885765
fc1632cc	c3b7346536cc	-0.69448847
fc1632cc	fac983008698	-0.67874515
fc1632cc	2f3e5bbf045f	-0.661449
fc1632cc	c7f63783325d	0.012791938
fc1632cc	69d02fb82d13	0.22907317
fc1632cc	79836b0e60a0	-0.31891468
fc1632cc	876f0a476937	-0.32965395
fc1632cc	d083f4b0636c	-0.5360238
fc1632cc	97655338ef83	0.23076653
31fab163	39539464436f	-1.705073
31fab163	1d1019efb1ed	-1.6617386
31fab163	a7629d738421	-1.7023941
31fab163	b042d47fe784	-1.600926
31fab163	daad65f96953	-1.600926
31fab163	ed61f8df43f9	-1.600926
31fab163	36d1ca675acd	-1.5782601
31fab163	2134896be5e4	-1.4704871
31fab163	9c34443ba29c	-1.4704871
31fab163	e9eb2f1450ee	-1.5491214
31fab163	4a080bd1111a	-1.4695488
31fab163	2eb423d3eed2	-0.77215904
31fab163	b40ad6fa9d41	-1.5042759
31fab163	46464c1d2db4	-1.667515
31fab163	e8ba4dc41287	-0.5941003
31fab163	8d5b64f0f855	-0.89395916
31fab163	100248c9e5a2	-0.48149097
31fab163	503dfd2a9c65	-1.6002045
31fab163	f643fc299f2c	-0.3839138
31fab163	0d157d36cfe9	-0.034551673
31fab163	1a33fef28ea0	0.017404042
31fab163	6f359ca217a5	-0.96972835
31fab163	dc9f625feeab	-0.0018653355
31fab163	402dc0808512	-0.5279665
31fab163	f4cd2ae6260c	-0.5486899
31fab163	2b189b95cda5	0.2573362
31fab163	77781d704b3e	-0.7084312
31fab163	0253ea27fcde	-0.926318
31fab163	d5df059f0953	-1.2677741
31fab163	b37e3c3a0f1f	-1.2927068
31fab163	7a3b917255e6	-0.6729959
31fab163	2c2bf4529ff2	-0.9305241
31fab163	cb0416cda8ca	-1.1403909
31fab163	7aa838bf1adc	-1.1396614
31fab163	de931f9078a3	-1.285439
31fab163	edc14246130d	-1.2991636
31fab163	b8ee01db6a02	0.36452222
31fab163	8f1b592350ab	-1.0752832
31fab163	78ab3f883111	-0.8144443
31fab163	d835d1e6c298	-0.35199514
ac915bdf	2c1f4f29d064	-2.0359826
ac915bdf	3c3f38d19714	-2.1070585
ac915bdf	e89452957a8a	-2.1070585
ac915bdf	519a0bc0e7d9	-2.1070585
ac915bdf	56173126dec9	-2.1070585
ac915bdf	166714fb8d26	-2.0026486
ac915bdf	7d2f0e7fd005	-1.7619859
ac915bdf	741e357f0db6	-2.0437255
ac915bdf	8f1ac794c709	-2.1442714
ac915bdf	712117e9dc99	-2.1442714
ac915bdf	5024696659a2	-2.1442714
ac915bdf	b5defb0b0538	-2.1442714
ac915bdf	59171ea91e68	-2.1452057
ac915bdf	b39656cf6387	-2.1516469
ac915bdf	79c28c9e6ce5	-2.0466309
ac915bdf	5ef78b99df66	-1.963252
ac915bdf	11ab67cb1ad3	-1.9303979
ac915bdf	ac40db430713	-1.9303979
ac915bdf	f5e4b3eb7cbf	-1.9303979
ac915bdf	9b5f14480adf	-1.9303979
ac915bdf	3901bf585f48	-1.8905146
ac915bdf	792c7b565a15	-1.8905146
ac915bdf	3ef40030ed77	-2.1995544
ac915bdf	8ecec7155dca	-1.9639926
ac915bdf	67b7354fcada	0.41336498
ac915bdf	8e26d5dad33d	-1.8259932
ac915bdf	d2fb6c8189e9	-1.9369478
ac915bdf	0eecaee11c04	-1.5755897
ac915bdf	17434fa6a3e9	-1.9948835
ac915bdf	4426eb8ee926	-0.7010484
ac915bdf	855c9c08545a	-1.4795196
ac915bdf	3f0ac50423f8	-1.4795196
ac915bdf	6b50a5655b5c	-1.6462556
ac915bdf	31ce3146c73e	0.38248885
ac915bdf	9418a0e5a32d	0.046364784
ac915bdf	a56cc53cc427	-1.0019013
ac915bdf	3d60f7dcbc38	-0.59456456
ac915bdf	0c0c60a633fa	-0.86380976
ac915bdf	16bd8bb744da	0.8355255
ac915bdf	cc2305b802f5	-1.1651547
ac915bdf	a893f2590990	-1.2117504
ac915bdf	fefc6e985a38	-0.9156083
ac915bdf	1297ec558208	-1.0216577
ac915bdf	da5df27049b1	-0.76500547
ac915bdf	ae8a316217f7	-0.64379054
ac915bdf	0433aff4ffce	-0.7918871
ac915bdf	9bbafc4dc143	-0.89621425
ac915bdf	7612454ab714	-0.9998725
ac915bdf	88660762b8b2	-0.9520914
ac915bdf	8f6ade1a436c	-0.51335704
ac915bdf	d0ad02f29eb5	-0.69062114
ac915bdf	e0104725d1b8	-0.55207247
ac915bdf	1ec0c89091ab	-0.49329534
ac915bdf	b9d255fafd76	-0.114483856
ac915bdf	9235c60d8de3	-0.3539792
ac915bdf	6127e5399e7b	-0.36227998
ac915bdf	b59d2fae12b8	-0.43437758
f5dd3d24	93cefec12b2c	-2.5527396
f5dd3d24	1713e70c60bf	-0.2995862
f5dd3d24	6f5013104172	-1.2256134
f5dd3d24	173750e4efde	0.15258132
f5dd3d24	4c3b6fb42189	-0.2480568
f5dd3d24	5835f77df070	-0.67129946
f5dd3d24	9663646fd55b	0.6616481
f5dd3d24	2e8776a5e469	0.2141868
f5dd3d24	6a5822d48507	0.64945775
f5dd3d24	76a467070781	0.46522698
f5dd3d24	6bd3c2ff29e4	1.3164139
f5dd3d24	6e17e8fb00ee	0.7819873
f5dd3d24	010fcac8812f	0.8097406
f5dd3d24	7697057fc7d8	0.52193433
f5dd3d24	3311ba5c343c	0.5517403
f5dd3d24	a29655b1b47c	0.7210506
f5dd3d24	693ab1374a45	0.7534619
f5dd3d24	2b618b5bcb82	0.63126916
f5dd3d24	a0e15b26940d	1.5118595
f5dd3d24	8459a424aadf	0.71264124
f5dd3d24	b55a434daef5	0.88157916
f5dd3d24	2e15affb98bb	0.84080803
f5dd3d24	0f3eb0a349aa	0.7394986
f5dd3d24	5c9a08a8b050	0.687474
f5dd3d24	8b7b9e16c9c7	0.85871017
f5dd3d24	816a2eaf524a	0.65387344
f5dd3d24	bb8c97735a3e	0.69836783
f5dd3d24	d370ae4f69e0	0.64313334
f5dd3d24	c2dc6f4b9280	0.71933955
f5dd3d24	156e82a6411c	0.6778432
f5dd3d24	4073ca0fc742	0.6428725
f5dd3d24	9929a6406ea2	0.7122707
f5dd3d24	c57710af8505	0.8189871
f5dd3d24	6d203bd3a995	0.79969025
f5dd3d24	c58b2e2784f7	0.7451712
f5dd3d24	d0746c323b85	0.8055453
f5dd3d24	f414c7c917df	0.7379161
f5dd3d24	dc17a7f5a24d	0.7379161
f5dd3d24	553d9333c18d	0.38707468
f5dd3d24	69ae68103fc4	0.40199462
f5cfc0d3	93cefec12b2c	-2.359765
f5cfc0d3	3ee70ff985b4	-1.4954721
f5cfc0d3	ad186b846075	0.19039474
f5cfc0d3	a5d5478018f7	-1.7285763
f5cfc0d3	5d2cc054ad07	-0.5834074
f5cfc0d3	c5fc459aa888	-1.4801446
f5cfc0d3	9cbb814b3ed4	-1.1043816
f5cfc0d3	11e4a34c44ca	-0.92631733
f5cfc0d3	f5af3c63b9bb	-0.8729418
f5cfc0d3	e0503c4efafc	-0.50787383
f5cfc0d3	aebdd6caeb13	-0.50787383
f5cfc0d3	17c7cf421367	0.26629448
f5cfc0d3	58319899ff63	-0.28155944
f5cfc0d3	d914530f72ac	-0.078050144
f5cfc0d3	61b2ef8b7679	1.2823304
f5cfc0d3	3e4721a4d8b1	0.13909897
f5cfc0d3	397ffb1454df	-0.31422162
f5cfc0d3	d85362d369fd	-0.31422162
f5cfc0d3	f518ad01c998	0.04525678
f5cfc0d3	d81a0ba731a8	-0.16259426
f5cfc0d3	df5c0a3f70e0	0.57395935
f5cfc0d3	1352616b14d0	0.074192025
f5cfc0d3	e9c0ebd70c04	0.16731259
f5cfc0d3	bb4dfd86e8be	-0.13824406
f5cfc0d3	6af3454a5417	-0.060717523
f5cfc0d3	073b61a4674b	0.06431895
f5cfc0d3	0d279c6f7800	0.03996873
f5cfc0d3	b5548fa7d484	0.061555944
f5cfc0d3	d1bafa58ea71	0.09624669
f5cfc0d3	ec889011f34e	-0.15413576
f5cfc0d3	f44935181e5b	-0.1636382
f5cfc0d3	db8154174e44	-0.13928801
f5cfc0d3	445f99df9bb0	-0.13071449
f5cfc0d3	9fafa58c5232	-1.110086
f5cfc0d3	84d9b07874b4	-0.30161124
f5cfc0d3	d2f405cb8631	-0.41245678
f5cfc0d3	8ff7b092137a	-0.41245678
f5cfc0d3	fda6f99098bb	-0.08466135
f5cfc0d3	fdf6301abb77	-0.81757694
f5cfc0d3	42292c7ce552	-0.4598898
fa9d71ce	93cefec12b2c	-2.4919546
fa9d71ce	76e776815e65	-1.6315762
fa9d71ce	5f440416fe76	-1.542179
fa9d71ce	d140a807d225	-1.4891294
fa9d71ce	f7757ef73426	-1.6221217
fa9d71ce	5bcb035d666c	-1.5430574
fa9d71ce	2b6f8451d022	-1.3758745
fa9d71ce	d662dc84b1b9	-1.1445556
fa9d71ce	658042a2f206	-1.694462
fa9d71ce	a81c654a866f	0.15522829
fa9d71ce	da78af59cca6	-1.5935125
fa9d71ce	03fe97d09d7e	-0.93043816
fa9d71ce	30a6ba2ca187	-1.3562115
fa9d71ce	8287d8b8744a	-0.81528753
fa9d71ce	b5bee648a4e9	-1.7556603
fa9d71ce	17156e150779	-0.95757854
fa9d71ce	676bd6faf1ef	-1.3713889
fa9d71ce	494952d7e785	-1.348481
fa9d71ce	e2160a229291	0.11827695
fa9d71ce	70653673a8b0	-0.87730414
fa9d71ce	4d0eb64583a3	-0.87730414
fa9d71ce	e8823b541706	-0.89296114
fa9d71ce	3c822c4ca4fa	0.5464453
fa9d71ce	911148365224	0.44217655
fa9d71ce	51eb289ead71	-0.5174306
fa9d71ce	9b849424c9e8	-1.0191132
fa9d71ce	533774ad0d63	-0.5650062
fa9d71ce	d2976c6754dd	-0.7268103
fa9d71ce	d30601bc39aa	-0.6192569
fa9d71ce	4942aa52186d	-0.85328984
fa9d71ce	0330bbf2e003	-0.5621134
fa9d71ce	dbf47f8550cd	-0.44971302
fa9d71ce	f48425c2f149	-0.9051584
fa9d71ce	865e291d59de	0.22028366
fa9d71ce	08083dc8426e	-0.51928794
fa9d71ce	677882d16687	0.9190467
fa9d71ce	dc584c71052f	-0.5305132
fa9d71ce	305813ccbfb9	-0.6550425
fa9d71ce	696479bace6e	-0.6950981
fa9d71ce	227e5f96558a	0.19370243
615479e5	30455ff805bd	-0.7141437
615479e5	51c08fb0a794	-1.2872907
615479e5	4d99cb6a01e7	-0.89355886
615479e5	263dbc3fc8bb	-0.8748578
615479e5	7745a4fb9e8a	-1.0294261
615479e5	edec296f278c	-0.6919182
615479e5	13070cf4f37e	-1.1227188
615479e5	10ae2ab15559	-0.49600267
615479e5	7555388ef972	-0.86512387
615479e5	0fb8cbd9c5d3	-0.9755797
615479e5	92ba56bf53f0	-0.39765957
615479e5	b77845b7646f	-0.17769355
615479e5	f93ceca122a9	-0.8170006
615479e5	a552db40ccee	-0.91537833
615479e5	7aa23a4d1548	-0.8071517
615479e5	23de0e103601	-0.285449
615479e5	eafbcccff944	-0.13974288
615479e5	4bb5db8fe51b	-0.23258884
615479e5	72d4cd1265d7	-0.02029754
615479e5	d6b3637ef271	-0.30544686
615479e5	b7fffbd1f009	-0.19428128
615479e5	0bd0cc659df8	-0.7349116
615479e5	e56729980f22	-0.10383687
615479e5	e6a82bf78809	-1.1610649
615479e5	05f594f9c2ec	0.6896459
615479e5	83f033510d9c	0.7434459
615479e5	26fce370d1be	-0.52102304
615479e5	b4b65e3d2cb5	-0.6102852
615479e5	36eec1bf21a3	-0.8843858
615479e5	6971aabdda82	-0.41164124
615479e5	62b7310fd325	-0.7918332
615479e5	a42110929d19	-0.8959053
615479e5	ea31c59cb341	-0.4478577
615479e5	7760a0ca1d58	-0.2079919
615479e5	428d96766d4f	1.0885537
615479e5	53d90d02dbaf	-0.47154096
615479e5	072c19b74aa9	-0.48265937
615479e5	bcf6689521f2	-0.3575832
615479e5	841510e522ac	-0.6063833
615479e5	6b9b8399a7f3	-0.22107686
615479e5	1d33085e9bf7	-0.19279908
615479e5	8bf1dea37059	-0.16513784
615479e5	e699b7f8bd40	-0.3494633
615479e5	216fb3b4bcb3	-0.5209878
615479e5	46129390af44	-0.2299466
615479e5	0462c33866ee	0.16186026
615479e5	b446f51cd6e5	-0.33071926
615479e5	9b3ba1def1a9	-0.07353196
615479e5	ed322dfe4485	-0.32890195
615479e5	1d4d9c613e99	-0.84701294
51e43992	cfc479c23a69	-2.2536418
51e43992	98593bd88c38	-2.1039326
51e43992	25a05f0267b1	-1.9965106
51e43992	10deb7433fd8	-1.9965106
51e43992	9da3f9649eca	-1.9965106
51e43992	333ba15810ba	-2.1489773
51e43992	c380c1f68242	-2.1489773
51e43992	08a4d09d24e5	-2.1489773
51e43992	a0020d9ccf9a	-2.2022593
51e43992	c35a14fcba15	-2.2022593
51e43992	741ee11c562a	-2.045734
51e43992	6a9205cc8e22	-2.045734
51e43992	28838f076f65	-2.045734
51e43992	f296d16d7705	-2.045734
51e43992	1bfab66465bd	-2.045734
51e43992	a531ef8ed33c	-2.045734
51e43992	ad62de39fb96	-2.045734
51e43992	08cf43260970	-2.045734
51e43992	4338d8383426	-2.045734
51e43992	c811fe5a4d2d	-2.045734
51e43992	7a37694b8162	-2.045734
51e43992	2da52532394a	-2.045734
51e43992	ddfd28f76d73	-2.045734
51e43992	9525b4da2e09	-2.045734
51e43992	19b08738d775	-2.045734
51e43992	639749e79417	-2.045734
51e43992	b6f15b322063	-2.045734
51e43992	0b762a7e1039	-2.045734
51e43992	59d42fc2ad1a	-2.045734
51e43992	c8ddebae67df	-2.045734
51e43992	e93450b30ce8	-2.045734
51e43992	9190830686a6	-2.045734
51e43992	99a73b393912	-2.045734
51e43992	01d65c5d338f	-2.045734
51e43992	9888900107ad	-2.045734
51e43992	9413eb078342	-2.045734
51e43992	d7df6003383e	-0.55331886
51e43992	c71d4647fc0a	-0.54986525
51e43992	38c9abf8eb3c	-0.49884203
51e43992	bb3f5f9b886e	-0.4018422
51e43992	7a9dc3d15fd8	0.07989922
51e43992	e1368fe093d7	0.2436732
51e43992	8b6363bfc33a	-0.080181316
51e43992	6bc5d94cda7e	-0.2096085
51e43992	20474afbfe60	-0.24514912
51e43992	dcee40cc853e	-0.24514912
51e43992	6812f02dfcde	-0.11152532
51e43992	46b5d612733f	0.63493603
51e43992	ab3356cd52b0	0.3238019
51e43992	68a26f9f7544	-0.39866626
51e43992	05a5aeefa0e7	-0.39866626
51e43992	02a22cfafe48	-0.39866626
51e43992	b219d677e927	-0.39866626
51e43992	adbe62df20bd	0.39982378
51e43992	06f62dfdd979	1.517868
51e43992	9b999ce87d66	0.25344384
51e43992	1a47fec01499	0.25344384
51e43992	ff6ce79ecdd1	-0.41017187
49ddcb2d	e2942e2dd979	-2.8034775
49ddcb2d	439f5dc52eec	-2.4190373
49ddcb2d	a02bf6d05714	-1.1805243
49ddcb2d	ffc5ab961a54	-1.119558
49ddcb2d	4e95def3a11e	-0.8863015
49ddcb2d	e61a553024fd	-0.27216843
49ddcb2d	67c3c0b50fe1	0.2409256
49ddcb2d	4f9b34f59d3f	-0.6050779
49ddcb2d	ea1b6fc83fca	-0.6715365
49ddcb2d	bc183ca83e10	0.37803993
49ddcb2d	dd91266f90e4	0.35267493
49ddcb2d	337cea2e2d56	0.74674773
49ddcb2d	8ccf0b402a17	0.24432573
49ddcb2d	0f90b6dd0b01	0.40192574
49ddcb2d	3d20400317b5	0.5810682
49ddcb2d	c97804340630	0.5810682
49ddcb2d	82846305f745	0.41231027
49ddcb2d	6d3b21a212ea	0.31653422
49ddcb2d	1d45fddcc80d	0.8007371
49ddcb2d	1f08493bf29c	0.6659258
49ddcb2d	efd963f125d3	0.28665945
49ddcb2d	ad56d3c88dcf	0.9178146
49ddcb2d	3bc573e87695	-0.8519677
49ddcb2d	d6290cbc003a	0.3055207
49ddcb2d	5b5c0b1967b4	0.88908017
49ddcb2d	77550242cfd5	1.063766
49ddcb2d	af356e4d6c35	0.65489423
49ddcb2d	d7d580f7f02c	0.80496544
49ddcb2d	1ca2874f1b07	0.9206079
49ddcb2d	3ac617ca71c9	0.9206079
49ddcb2d	b3284a2e4815	0.9206079
49ddcb2d	46e6c4cacf12	0.15021008
49ddcb2d	aea22a368a69	0.39761004
49ddcb2d	363090ace689	0.4960073
49ddcb2d	5b9150679a8a	0.6126033
49ddcb2d	4284c5df9704	0.6400163
49ddcb2d	3baa8c93070d	0.6807935
49ddcb2d	4c2b706b29d9	0.490994
49ddcb2d	fc6e50b69ee4	0.6275125
49ddcb2d	63825f04dcdf	0.78884524
dcf69b77	93cefec12b2c	-2.5203338
dcf69b77	850734f32d2c	-0.7183603
dcf69b77	33144637b90e	-1.4436134
dcf69b77	402efaa0379f	-1.4670215
dcf69b77	02bcc1c8f546	-0.07767927
dcf69b77	7cdb88872607	0.07952122
dcf69b77	b38f29c592db	-0.06923286
dcf69b77	969d141d2334	-0.7825039
dcf69b77	c1805b262006	-0.9243301
dcf69b77	3855453c5527	-0.3854316
dcf69b77	8fd59ce713e0	-0.6160212
dcf69b77	4a9b59751ba7	-0.904535
dcf69b77	0d69ba5a177b	-1.4209691
dcf69b77	9a5b4a11cb0c	0.009706656
dcf69b77	c1dd40704e1f	-0.9377848
dcf69b77	dc6be19827e9	-1.0510232
dcf69b77	26cf3bb764bb	-0.11630085
dcf69b77	6db4a9ef424d	-0.018420974
dcf69b77	53315c9e5434	0.6185967
dcf69b77	f1497fdad292	-0.6979478
dcf69b77	2be2847cfea3	0.047430396
dcf69b77	dcfa7eafa134	-0.13596666
dcf69b77	213dd4dabd84	0.18463416
dcf69b77	f2263bfe7aad	-0.6394246
dcf69b77	c62bbdd736f8	-0.36583963
dcf69b77	3687e75da421	0.9207646
dcf69b77	09bb12c20be7	0.9241903
dcf69b77	53f83eb2179f	0.17899446
dcf69b77	da9d8e444cc0	-0.13500737
dcf69b77	b89e81d83a9c	1.7320117
dcf69b77	f071a7df072a	0.16065411
dcf69b77	11233a124a86	0.22478504
dcf69b77	79e319f410aa	0.2796966
dcf69b77	fe619d18060e	0.53182566
dcf69b77	c1cac7735d63	0.6301879
dcf69b77	5cf4fabdd640	0.28899828
dcf69b77	7e20842daf5d	-0.06872432
dcf69b77	c67d0ea2df07	-0.051657543
dcf69b77	9443d46aa07a	-0.37072283
dcf69b77	e57d03391211	-0.22649738
7a754245	93cefec12b2c	-2.516305
7a754245	eee416802479	-0.67256
7a754245	fee8468157b3	-2.030859
7a754245	5e3d405a86a6	-1.9336171
7a754245	426856a96446	0.07832792
7a754245	2ccc242cf915	-0.8422528
7a754245	094a43b13508	-0.77677965
7a754245	84fbaf19e862	0.0066572335
7a754245	bf73395e0d16	-0.18454231
7a754245	8567bbe3277a	-1.7121977
7a754245	df1bf76e8345	-1.5597914
7a754245	8e1314beb47e	-1.2534245
7a754245	c77179f8db86	-0.4873666
7a754245	8c6e0ee39be9	-1.5675045
7a754245	97943b852ea6	-0.72984934
7a754245	f5d528a0888c	-0.6015808
7a754245	b3a95dce90b4	-0.10808025
7a754245	9ef522e5153e	-0.6015808
7a754245	6221470bf011	-0.082421295
7a754245	93502817e335	0.44830617
7a754245	0d8b1a08e9e9	-1.0463626
7a754245	b0849243fbd2	-1.0463626
7a754245	80e415aa1c2d	0.5135274
7a754245	b5319a8a2b80	-1.0240517
7a754245	dd64c93bbe3d	-0.90300125
7a754245	c6a2d3b30ff3	-0.44158307
7a754245	baeed114044e	0.064593054
7a754245	1efb142485b0	0.1734263
7a754245	9e65e1eb5d74	-0.33297423
7a754245	d0a32912d3e6	-0.1278391
7a754245	dc91b3034069	-0.46196175
7a754245	dc608ce633d7	-0.832672
7a754245	37247ff20edc	-0.46196175
7a754245	eecc3e02af72	-0.7434974
7a754245	904ca69ad241	-0.47143713
7a754245	b1f4cbae46b2	-0.92893267
7a754245	b4ddce5ea9d6	-0.36151752
7a754245	1fe87d7384c2	0.4224481
7a754245	dd132430e66a	-0.7199888
7a754245	9c0548e9b7b3	-0.4466671
79dfd5ae	1782c27dfe46	-1.9125533
79dfd5ae	7fa705956a86	-1.9548813
79dfd5ae	f02b5f5c585e	-1.9052014
79dfd5ae	d50b8115f774	-2.3236275
79dfd5ae	ef7902f17b72	-1.4500217
79dfd5ae	f2fac39b4b5c	-1.6878924
79dfd5ae	282ba3da6af2	-1.3448564
79dfd5ae	9ec279383cd4	-1.3581687
79dfd5ae	0ac828cdc830	-0.3092832
79dfd5ae	36ca2aaf693a	-1.2394544
79dfd5ae	bfcb35dd6bc4	-0.8923269
79dfd5ae	dc7dca18e6ae	-1.346246
79dfd5ae	b3b5a6a5ff1d	0.048278872
79dfd5ae	a0a8c6c60b35	-1.1058842
79dfd5ae	408a56e62a3a	-1.1295779
79dfd5ae	88f4104b7ac9	-1.2113534
79dfd5ae	606f29f517ad	-0.6271521
79dfd5ae	8f2a4f517639	-0.55766773
79dfd5ae	03faff384a39	-0.8926821
79dfd5ae	f87257a9c8be	-0.9882806
79dfd5ae	62c3ab6a22b3	0.17740071
79dfd5ae	7286f8c57ff4	-0.8470523
79dfd5ae	93be05be984c	-0.98579055
79dfd5ae	84787ce7c1af	-0.59825724
79dfd5ae	9c20a53bb1af	-0.76072055
79dfd5ae	2f87cc938a5c	-0.7843206
79dfd5ae	b9153775c99d	-0.30805886
79dfd5ae	359ea9274167	-0.44789952
79dfd5ae	0230fc61395c	-0.42507687
79dfd5ae	c4532e27d065	-0.5242534
79dfd5ae	cef47c2e15f1	-0.2168704
79dfd5ae	49c26f491953	-0.1937848
79dfd5ae	278c24f732f0	-0.29186895
79dfd5ae	99ba2c083f82	-0.29186895
79dfd5ae	eb590ce42efb	-0.389637
79dfd5ae	2dd831cd79f4	-0.4913615
79dfd5ae	a40a8d596366	1.0005504
79dfd5ae	7d5694f25e74	0.06263868
79dfd5ae	52f7d31af1d2	-0.33733603
79dfd5ae	58e822ee0bdf	-0.35053658
9340838f	42ad12968897	-1.4666749
9340838f	d8068520494a	-1.8343139
9340838f	964d0f60ca4d	-2.1453693
9340838f	4bdb630e801a	-2.1453693
9340838f	d38f4350c84a	-2.3378067
9340838f	57508aa46118	-0.87327474
9340838f	fd402c55b394	-0.46073732
9340838f	7a6571021e5d	-0.9297153
9340838f	4d4aba8bf8db	-0.19265518
9340838f	060b0426d287	-2.0209646
9340838f	40f0e35591da	-1.0089453
9340838f	0570d50afc08	-0.92408264
9340838f	ab2e4fdc62a9	-1.8001684
9340838f	71850b93a241	-1.8782908
9340838f	84737a8947f3	-1.463945
9340838f	5858c5ddd72b	-0.26135468
9340838f	c2fb5bb549ae	0.23253193
9340838f	4db5eb16b346	0.3986281
9340838f	a36bf7aa696e	-2.2623057
9340838f	28cb59db2378	-0.33213753
9340838f	ffea1e1b669d	0.22268234
9340838f	494015b2d5cb	-0.90735435
9340838f	74a29ab6fd24	0.20613419
9340838f	3e6d9e641a8a	-1.1904022
9340838f	b0fba3ba89f9	0.55810297
9340838f	cd663c063484	-0.12833123
9340838f	55a46691b70e	-0.009301834
9340838f	7ac4882f3144	0.12675253
9340838f	c18be5694a35	-0.08518814
9340838f	55a1069e2415	0.089632906
9340838f	9f162fcf8919	0.47523338
9340838f	a9c4e526d846	0.107786
9340838f	0479ed5c14f6	0.10032769
9340838f	d2c4b33ff6cd	0.78484946
9340838f	10e90ac17a4a	0.24782816
9340838f	317116589388	0.61262524
9340838f	ab85ac693a01	0.38477913
9340838f	b2f0493992d0	1.2620986
9340838f	1e07c09d1578	0.7178884
9340838f	3b466b306f00	-0.61339015
13cd6744	26776df89147	-1.9607669
13cd6744	81186cf9101e	-1.9820478
13cd6744	c51378684333	-1.0088793
13cd6744	6a5a6d13060f	-1.5737238
13cd6744	ea8a7ddad940	-1.6912782
13cd6744	e51f7db50c30	-1.8648139
13cd6744	c55c15d3e219	-1.884987
13cd6744	d9f6ff56060f	-1.4800062
13cd6744	2dece0ac7caa	-1.3701404
13cd6744	5531d7abb851	-0.66057616
13cd6744	37862b155b37	-0.9031885
13cd6744	c47d3ae2101b	-1.3714545
13cd6744	3ab79110abfb	-0.71404725
13cd6744	90f8914eaa1b	-0.38723126
13cd6744	f6fc7879817a	-0.33046067
13cd6744	6a7c8ed272c0	-0.38210335
13cd6744	6e1e9910d5d8	-0.6756684
13cd6744	db9eb80d7d10	-0.5377086
13cd6744	c1110f1b11e5	-0.27414063
13cd6744	c685c5f628ff	-0.5205199
13cd6744	7b59387486cb	-0.25798732
13cd6744	393fcd368976	-0.26460496
13cd6744	26c4e5c81d5d	-0.31630096
13cd6744	054d730830c1	-0.35354593
13cd6744	5eb09c99db41	0.18051946
13cd6744	246baf6c7a52	0.6241724
13cd6744	c6e5f9af384f	-0.20157146
13cd6744	fd89d8ec3dc1	0.19874537
13cd6744	ad41ac9ab95f	-0.19987884
13cd6744	59b7786cab5a	-0.03871306
13cd6744	0aa1a421b5e8	-0.19006594
13cd6744	cbaa4d4f7286	0.08878954
13cd6744	1de851e53b7e	-0.4493377
13cd6744	2ca05f86d2eb	0.15826349
13cd6744	4872fe8f2524	0.12889852
13cd6744	9e9b58174f21	-0.12321057
13cd6744	891cbb829efa	0.02501583
13cd6744	10c78471eb59	-0.12807499
13cd6744	04961f84807e	-0.109912224
13cd6744	ec333e27bd47	0.5748948
af317d0b	93cefec12b2c	-2.3558772
af317d0b	c907556a16b7	-1.3438735
af317d0b	8eac773d1b1c	-1.308008
af317d0b	2c48171dbe2e	-0.5123479
af317d0b	f2c52f96f6df	-1.5120292
af317d0b	5f4c3451ed20	-1.2895781
af317d0b	0ee9c71a9b17	0.07258341
af317d0b	e2c6d1ac97b4	-0.110173024
af317d0b	a0237cb8141a	-0.477045
af317d0b	04792f3c7c1b	-0.4114017
af317d0b	a409673d5cec	-0.54601884
af317d0b	38231bf76f48	-0.55346495
af317d0b	69325eadd22c	-0.48377955
af317d0b	819b6093008b	0.53146434
af317d0b	7d4a1be8ddbe	0.16713232
af317d0b	360c04738e67	0.25421736
af317d0b	6b39a109dfe8	0.020313347
af317d0b	4b23dd7b4a9e	-0.17660393
af317d0b	93e17da48305	0.04498636
af317d0b	3536d4c457da	0.06756782
af317d0b	c1eed3cfc497	0.67424595
af317d0b	e89e48d95b04	0.308755
af317d0b	ce5da9a51691	-0.20883332
af317d0b	1676df432fbd	0.4049207
af317d0b	a9f471a9aac7	0.37674102
af317d0b	10e33337e726	0.42690465
af317d0b	e20f7017b64e	0.112927675
af317d0b	bd3eb619f250	0.7103155
af317d0b	d65f241fb47f	0.07471527
af317d0b	0a6a0f3fd007	0.47935542
af317d0b	7982ce3efff2	0.28869966
af317d0b	2d67c5ed06fd	0.18317036
af317d0b	38f73a77047c	0.16544347
af317d0b	eb70dcf87408	0.80917585
af317d0b	a8fc8259477c	0.93241996
af317d0b	f582be89d618	0.27862415
af317d0b	d8408b7220a7	0.5352435
af317d0b	0a10eb115ff0	0.91030747
af317d0b	9ef8ea6e7b8a	0.95292693
af317d0b	aaf2c0f16ee2	0.9033084
fd0bac76	f74a9b5265f6	-0.9776343
fd0bac76	cc08afd474f6	-0.039770987
fd0bac76	11cf995bb551	-0.17924014
fd0bac76	72756f92310c	-0.09662354
fd0bac76	4d92535524d9	-0.0915648
fd0bac76	f516d224c532	-0.16598469
fd0bac76	65cd91fff0eb	0.44596308
fd0bac76	921594e36334	0.7867584
fd0bac76	f3a3251b9703	-0.084946044
fd0bac76	017bb3a06ec0	0.73984545
fd0bac76	926a8b98d487	-0.037968755
fd0bac76	edfde2589834	0.09348608
fd0bac76	c2748db7e799	0.09348608
fd0bac76	81fdbca18db7	0.08942232
fd0bac76	0c055b5d5eb0	0.025697626
fd0bac76	edef30717333	0.13179058
fd0bac76	68f712b00d4c	-0.014369388
fd0bac76	8af5e1c671dd	-0.060964964
fd0bac76	6c7c3fcd40cc	-0.049018912
fd0bac76	f639c80f9e44	-0.3035631
fd0bac76	717120c2cdc8	0.09356802
fd0bac76	1afd44c149f2	0.35048407
fd0bac76	3975e66739d5	1.0680995
fd0bac76	198d1736d072	0.17289245
fd0bac76	c2528271c86a	-0.104176536
fd0bac76	a5f6ce5348c1	0.14549574
fd0bac76	0b16c22256a1	0.28765503
fd0bac76	aef34a8e25e0	0.21919453
fd0bac76	158693f86465	0.22437492
fd0bac76	c4f6a97e9178	-0.081888996
fd0bac76	85aec6ed64f0	0.5537461
fd0bac76	bb377c567b8c	0.015894119
fd0bac76	91e74794c122	0.010983804
fd0bac76	e84781ab44b8	0.23086803
fd0bac76	704724e5e394	-0.28203773
fd0bac76	42c2b64eaa38	-0.5486346
fd0bac76	adaaffa6470e	0.26365948
fd0bac76	b0f13c764377	-0.45984372
fd0bac76	ea06f6933092	-0.34102467
fd0bac76	2b581bc4476d	0.07320007
a63fc679	93cefec12b2c	-2.5527396
a63fc679	34dc6ddcfef4	-1.7110838
a63fc679	aabfb508e89a	-1.7110838
a63fc679	69089f9f10af	-1.7110838
a63fc679	99c5fb882452	-1.7110838
a63fc679	a9d4fc8fc4fa	-0.99971837
a63fc679	cb51af1a7a86	-1.0514238
a63fc679	35920422321e	-0.9821147
a63fc679	c0e8527e0a91	-0.9821147
a63fc679	77b2ddbf9f76	0.38019177
a63fc679	4e60713c5e52	0.82323134
a63fc679	0969508a8da0	-0.53173774
a63fc679	d3a0d25662fe	0.7822023
a63fc679	3c3ba8011e04	-0.4680807
a63fc679	736663c6f459	0.62021416
a63fc679	fb4f1e561975	0.7223001
a63fc679	04b01cb78e61	0.026951628
a63fc679	33d995246241	0.2403734
a63fc679	32cacffb7bae	0.8098241
a63fc679	2c56b1a6a6b6	-0.45176128
a63fc679	bf6fb732b41e	0.082918756
a63fc679	524557146324	0.0017119843
a63fc679	4895509e6685	-0.01147471
a63fc679	e0bf2ae0a8f4	0.28121153
a63fc679	3287ab201207	0.3690879
a63fc679	3b390d95a354	-0.5054175
a63fc679	2ef936e5ef7b	0.17955914
a63fc679	d499cc59e845	0.3241904
a63fc679	208e86ef30fa	0.2362338
a63fc679	35c437e9f8e7	-0.00913282
a63fc679	2e4d8da76f59	-0.5159846
a63fc679	b025e98334a3	0.17904182
a63fc679	384f411b1fb2	0.17904182
a63fc679	b068718e090e	-0.1933291
a63fc679	ef5f2bc1f478	0.7784344
a63fc679	7930e2c7ddbb	-0.17208724
a63fc679	ac0facf651d3	-0.43267587
a63fc679	e9f0152677da	-0.028131088
a63fc679	10e4c1d195b2	0.094951846
a63fc679	d189c1da2796	-0.68760675
4540daa1	ff5b47e26552	-1.5659016
4540daa1	e4ca9fe5b47f	-1.1945122
4540daa1	8f2c25988d57	-0.59254307
4540daa1	74422b1f6145	-0.8227329
4540daa1	c3a5ff5f35cb	-0.5266982
4540daa1	221d3a82b6c1	-0.32760242
4540daa1	138a93cf9869	-0.8716171
4540daa1	f8fa8a8e870f	0.13845333
4540daa1	955f442d1bad	-0.14841953
4540daa1	e93d4390a5b3	0.18381019
4540daa1	df3509d9c4d0	-0.17361878
4540daa1	ab675ee2d1c5	-0.0132312635
4540daa1	30be9a5ae16b	0.02730786
4540daa1	1aea7d8cb6b6	0.5783281
4540daa1	322903051e54	0.5319211
4540daa1	cf70b6fe0622	-0.36011675
4540daa1	ee98e54d4458	0.67982954
4540daa1	62271e7f4d5e	0.21800329
4540daa1	baeac1a0daf0	0.31712675
4540daa1	b9e76173cf67	0.40977794
4540daa1	568e950fad41	0.5652502
4540daa1	1be97f73a183	0.28473705
4540daa1	31ce80963655	0.34037745
4540daa1	c721affaba38	0.29175928
4540daa1	41b632544c4a	0.53094923
4540daa1	97072563b347	0.23210187
4540daa1	06cba0fa6a6e	0.46715835
4540daa1	74e8ab17f459	0.42946145
4540daa1	c87b0b7772eb	0.4499511
4540daa1	ccb0d48ff8db	-0.03342802
4540daa1	010689a058a2	0.12548639
4540daa1	ef816578f80c	-0.5818839
4540daa1	d358f8caa258	0.23627752
4540daa1	2a917d266791	-0.6619544
4540daa1	2ac87199e7f0	-0.5833727
4540daa1	fafca35c5968	-0.28507182
4540daa1	f6eaa8f862e4	-0.4682705
4540daa1	349e59aa8814	0.020634985
4540daa1	20cdff6c5c99	0.3151963
4540daa1	502973a8ab90	-1.1078494
74512f60	c541b6d101c2	-2.0896144
74512f60	23b5af8ca79b	-2.0896144
74512f60	cbc4d03e8b8d	-2.1481645
74512f60	432701d5f91c	-1.9775311
74512f60	7400453092f3	-2.1783743
74512f60	00f534f58409	-2.187836
74512f60	0f3392ac0a99	-2.0302842
74512f60	e00de1dc604a	-2.0927289
74512f60	cbf3c9704029	-1.6267948
74512f60	6604e7db6cdc	-1.6970147
74512f60	caa842c316e3	-0.6626477
74512f60	c837841b6c60	-1.6033012
74512f60	0d4918ed17ae	-0.31228808
74512f60	0cab82afa1ef	-0.25514713
74512f60	2c9ec8d89eb9	-1.5263338
74512f60	b7ea4e08c09e	-0.50268364
74512f60	8873be8f675c	-1.2951508
74512f60	ef57516cb4c7	-1.0722977
74512f60	c89888f556ff	-0.038276277
74512f60	282073b7e028	-0.15179037
74512f60	febedeecc434	-0.14751
74512f60	cbea3bb32c92	0.2948684
74512f60	2e7dd48820f2	-1.0048246
74512f60	fe6ab1e39adb	0.20557006
74512f60	af2fe1ddd7f0	-1.9225849
74512f60	0bd4c3b712f4	-0.38337108
74512f60	7ff05435eb45	-1.2389495
74512f60	2b63c7b9724a	-0.24611965
74512f60	24eab005b19d	0.08364328
74512f60	028f86cbb484	-0.22012168
74512f60	34b4e33a5d4f	-0.48042402
74512f60	6fef1294c4c0	-0.4182522
74512f60	9d61cd127deb	-0.4182522
74512f60	d4c84e9d45ff	-0.4030234
74512f60	4a84abe2ad9c	1.4608335
74512f60	2e55a4975e26	0.9424338
74512f60	43d368cb5cfb	0.7503247
74512f60	cb31a3485841	0.81248534
74512f60	a18444e364a8	1.4044465
74512f60	2ce610c203f7	1.248993
f9b22002	da1263ef0bbe	-0.93028516
f9b22002	9251e93d955c	-0.8726796
f9b22002	85db00e5ead0	-1.0262042
f9b22002	36e080bf168e	-1.0607483
f9b22002	b1782c963b0c	-0.89437383
f9b22002	0f6ecec33c92	-0.9075607
f9b22002	da15a0355c62	0.053623598
f9b22002	d9fe7e410534	0.13970707
f9b22002	770747fc2c7f	0.398524
f9b22002	60e664fc0dff	0.65585256
f9b22002	885b6bfb25de	0.65585256
f9b22002	cca23fac1fd0	-0.08437338
f9b22002	5ec6dbc053a1	-0.86878175
f9b22002	130e2cd561ce	-1.009685
f9b22002	2c6b6fde9508	-0.53325963
f9b22002	c0129391b4f6	-0.94190276
f9b22002	bd87dd614c2c	-0.89447474
f9b22002	e07381770ba4	0.82431084
f9b22002	84429b34340a	0.4923536
f9b22002	1bcc0a60a6fc	0.4265449
f9b22002	4fcb96811f31	0.7080819
f9b22002	c5135c48d67a	-0.4232509
f9b22002	aac686c7b29b	-0.91745996
f9b22002	37d51ba79f2b	0.4829119
f9b22002	2e99eb9c9182	1.0749981
f9b22002	da3d8111a99d	-0.8915897
f9b22002	2aada3dd5ba4	0.4239554
f9b22002	f118e2ed9444	0.5007169
f9b22002	6ea744e3cbcb	0.8838122
f9b22002	250d135dbe49	1.1791387
f9b22002	454f2976560a	-0.4297964
f9b22002	44bdfc536d4f	0.5844489
f9b22002	3c280737fcf1	0.6029663
f9b22002	2020dee0e166	0.3905991
f9b22002	ab8097aeea04	0.77344
f9b22002	a3fa9b32f14b	-0.3773497
f9b22002	029ab53a3d15	0.6695686
f9b22002	e017094a77cb	0.786152
f9b22002	cc3cb1f79995	0.85584617
f9b22002	012228c87b6a	0.46989295
233772f4	c04fa2ef5e84	-1.3582596
233772f4	ba0e0bb0392e	-1.7901578
233772f4	f9bab6143182	-1.4454709
233772f4	bdac613281a7	-0.78160304
233772f4	7fd6059d17d1	-0.8535188
233772f4	fc94f27424d2	-0.76859725
233772f4	7824d0a48094	-0.7285079
233772f4	80092d478017	-0.9051797
233772f4	f4e37b2eae93	-1.2077073
233772f4	0210af7dd00d	-1.2511253
233772f4	0d4213dc93d6	-1.322646
233772f4	82bc24788d56	0.55712855
233772f4	4a788f58e978	0.90862215
233772f4	17605d6a20d3	-1.4012649
233772f4	67604981f63f	-0.84094375
233772f4	f676c58900f4	-0.885367
233772f4	564129d5bd24	-1.1843507
233772f4	12f61a6b21a3	-0.88548917
233772f4	649c69369037	0.0070289727
233772f4	b0a971900ed2	-0.7501554
233772f4	852cbe80b154	-0.34358147
233772f4	9107cf892f16	-0.30096182
233772f4	8b699d34a6dc	-0.036786877
233772f4	5a33a12eedef	-0.17789117
233772f4	c2be40ca04aa	-0.68195224
233772f4	120392b2d393	-1.1532298
233772f4	e706dc10469c	-0.8715864
233772f4	ae90756ca6eb	-0.17603521
233772f4	aac75b21a2df	-0.69894665
233772f4	49b31565e577	-0.90450287
233772f4	e09f76e001c2	-0.7220574
233772f4	a1bba562cfa5	-0.21905918
233772f4	7e44b810672c	-1.0158851
233772f4	0d26698f7e41	-0.87822616
233772f4	ba015e205171	-0.24740969
233772f4	c0973813c84d	-0.5172739
233772f4	76284bb70d4e	-0.8827007
233772f4	9dd5f2eb93c9	-0.7420247
233772f4	afe93bd4e70b	-0.9758601
233772f4	803b187cf9ea	-0.6418006
ff098645	93cefec12b2c	-2.5203338
ff098645	94298d821fe8	-1.5035698
ff098645	1aff1d9a99a2	-1.2730949
ff098645	f61e517aad2d	-1.4738559
ff098645	0b0587226044	-0.26107368
ff098645	f3047b590e6f	-1.4465088
ff098645	a2975bb18fb9	-0.1985008
ff098645	e2b8b8782bcb	-0.2531144
ff098645	beed5df74f19	-1.4825948
ff098645	98931cf72ccc	-1.738057
ff098645	909a32d84da8	-0.32883605
ff098645	937f78c9b4ab	-0.4698532
ff098645	f8cff983f14f	-1.7554784
ff098645	45fe38765941	-1.6661682
ff098645	e6ec30b87166	-0.61181134
ff098645	7280c0a57401	0.01708814
ff098645	59c5413ad34f	-1.7597021
ff098645	24f2085598ef	0.1690938
ff098645	3da5cbd5b842	-1.6896296
ff098645	94a29f8b5d1b	-1.7474391
ff098645	7697c00af808	-0.16881762
ff098645	07c1569959c6	-0.8616979
ff098645	140947f5670d	0.9739645
ff098645	ad903d956cd7	-0.32720575
ff098645	5eb78fecc57d	0.3879849
ff098645	ecf2bef2ea14	-0.8598381
ff098645	58ae2be0d7c8	-0.2951889
ff098645	ea2d1aaf0d4a	0.1573967
ff098645	76e7d2a54766	-0.13968956
ff098645	f43e3f85eba0	0.4589502
ff098645	49a432153c63	0.7610693
ff098645	26333e5ad057	-0.11248445
ff098645	ff470fd063c5	-0.14802507
ff098645	277c9afdafd3	1.234451
ff098645	3822873e8391	0.5495978
ff098645	5e9f0ae7ec18	0.4421899
ff098645	ade09567775c	0.52295077
ff098645	7318933826e5	1.346274
ff098645	7758d84f2f68	-0.21094196
ff098645	2f67004c7a6e	0.52818507
a45bfd6e	93cefec12b2c	-2.620625
a45bfd6e	d189f98de1fc	-0.9861234
a45bfd6e	d7a626ca7bcd	-1.1714721
a45bfd6e	8e8d06a8b7c8	-1.5180299
a45bfd6e	64a0717959c9	-0.57969284
a45bfd6e	960f8f0c38a8	-0.7632741
a45bfd6e	4abef985eb97	-0.5448498
a45bfd6e	8db43312d782	0.30167332
a45bfd6e	64acd5b23956	-0.27331015
a45bfd6e	7c6060ba6bbd	0.10517321
a45bfd6e	3469227f331c	0.090411216
a45bfd6e	25dc26490914	0.31285504
a45bfd6e	9f8793bf0dbb	0.35690913
a45bfd6e	d5b795b2dea8	0.2853643
a45bfd6e	242c5ec4fb34	0.25768173
a45bfd6e	c0dc0bdf9251	0.22814916
a45bfd6e	b320b73ab0c5	1.3676549
a45bfd6e	4a69af6673fa	0.8499746
a45bfd6e	a70c6fbf65b3	0.6292851
a45bfd6e	908176db6787	0.33125845
a45bfd6e	708a04724312	0.3047218
a45bfd6e	cc33def36236	0.20696463
a45bfd6e	7370b7e9cebc	-0.043093156
a45bfd6e	b831fd940697	0.8010049
a45bfd6e	4571c6a5420b	0.40914997
a45bfd6e	7adc0fc9d231	0.4843407
a45bfd6e	7211a68122d7	0.46584657
a45bfd6e	5efd60c484ad	0.32395038
a45bfd6e	ed0e7778b4d4	0.30298766
a45bfd6e	e7b70f9fa8ed	0.028400948
a45bfd6e	33735c0ec8c9	0.8375312
a45bfd6e	79202d0c6b31	0.08533589
a45bfd6e	e7d362b201fb	-0.08430998
a45bfd6e	ff7960a09160	-0.2654983
a45bfd6e	03622ea44977	-0.23612955
a45bfd6e	de17e4ce36c4	0.29558763
a45bfd6e	0c4227c8da2d	0.24610396
a45bfd6e	8faad8bd62f8	0.121713504
a45bfd6e	c1d2cafe4635	-0.28584245
a45bfd6e	daf639956d0a	0.2903882
395407cc	7626b529f0ad	-1.8430805
395407cc	3a2b16a974d9	-1.747986
395407cc	4fc53af30ba1	-1.2338172
395407cc	6e08b95a779f	-0.9917992
395407cc	859f8b9036a4	-0.812262
395407cc	84d1b039456f	-0.50070214
395407cc	4d48dd50a203	-0.17048323
395407cc	93421ad54342	-0.17113063
395407cc	9a7f07d9771f	-0.4795017
395407cc	107d50196255	-0.45033687
395407cc	a8849bc8f6d6	-0.0801366
395407cc	88a02cbe80ba	-0.13349327
395407cc	26ab700a0296	-0.2448459
395407cc	22b26a54a9f3	-0.4301091
395407cc	e9afd2cc2efa	-0.33259818
395407cc	c48e93d3fc9b	-0.33259818
395407cc	5c0400def50d	-0.24491173
395407cc	7eb2299aff00	-0.2804524
395407cc	01e0a827cdb9	-0.4695882
395407cc	e848a5ccef40	-0.20604844
395407cc	90a2d4b8cb46	-0.34330532
395407cc	22de14abb687	-0.5252907
395407cc	0c661635018d	-0.1844417
395407cc	af6b2830070d	-0.15659705
395407cc	d2d3b3f865e3	0.05349712
395407cc	0f3cc58eb27b	-0.115478195
395407cc	a530d21cf281	-0.1312168
395407cc	9c550dc85f77	-0.21319076
395407cc	88eb41051d61	-0.2647039
395407cc	6a164617d5f6	-0.2542996
395407cc	9cc70a463b66	-0.19491045
395407cc	4a327daf575e	-0.16806316
395407cc	12128b6091fd	0.30223063
395407cc	a54ae3d3e305	-0.42821774
395407cc	3d615d5c59bb	-0.6224427
395407cc	acf5a4bb9f4c	-0.14400236
395407cc	7b6fa47d967e	0.04958354
395407cc	36daeaab0812	-0.83733547
395407cc	51b08530f8ed	-0.041233223
395407cc	c2bc451330de	-0.16025808
3a096362	4871f0b9e53e	-0.8446101
3a096362	93cefec12b2c	-2.7878375
3a096362	321b087f0ad9	-0.3880038
3a096362	df5b47a6c668	-0.40173537
3a096362	21f763715619	0.14045775
3a096362	52f7a28f9c04	0.14045775
3a096362	ce045a53fa21	0.072753645
3a096362	341784e8af49	-0.61884266
3a096362	2df5f7b09e4a	-0.18561096
3a096362	b9fd44739410	-0.029389897
3a096362	97c9fe4ebe17	0.6950277
3a096362	a966d4d0698d	-0.6198467
3a096362	b85738fc5789	-0.1702522
3a096362	0e3cf6fd36ea	0.5106429
3a096362	ccca63bc094d	-0.48419282
3a096362	d59a0efac153	-0.5143416
3a096362	a4b25f958868	0.5191737
3a096362	569f1f23e49b	-0.17205007
3a096362	e593683bcd61	-1.5753506
3a096362	9bd403bda08b	-0.39650652
3a096362	dabb92b274a1	-0.03957369
3a096362	87c6edd39fbc	-1.2704712
3a096362	7c737df3b635	-1.3018291
3a096362	1f098f30f82b	0.0760374
3a096362	4535c09cc952	-1.1369913
3a096362	d14ec4dbe0db	-0.97901684
3a096362	2dd448c9b63b	0.3292861
3a096362	e56cf325b1fb	-0.49921444
3a096362	234773036d9a	0.25839806
3a096362	70ed128bc431	0.7009483
3a096362	c86697f7d10f	0.7883684
3a096362	ac1398a3606a	-0.9863317
3a096362	76bd02df23b2	0.90788037
3a096362	19c7b2ef5375	-0.86756283
3a096362	37ae2542e42d	-0.8660349
3a096362	5b7159b2f37f	0.27928028
3a096362	07f7bbef206b	-0.31616592
3a096362	4e51ace2f860	-0.9597598
3a096362	f21a0090c7e1	-0.8448668
3a096362	d90c12480872	-0.81260675
9f61f07b	93cefec12b2c	-2.516305
9f61f07b	4671ded70bf4	-1.1598569
9f61f07b	1133edb19f65	-1.1598569
9f61f07b	b6072d119536	-0.22687027
9f61f07b	85e9dfdcf472	-0.81012344
9f61f07b	7ba58c60e253	-0.70048815
9f61f07b	8df6376f7aa1	-0.79873466
9f61f07b	a6d45b6db99d	-0.85247105
9f61f07b	456dc88eb3c4	-0.822328
9f61f07b	e1bcf75aaecd	-0.6208035
9f61f07b	0f49df8a6887	-0.3428485
9f61f07b	8987475cb5d7	-0.3170615
9f61f07b	bc686897a53d	1.0234425
9f61f07b	7cd2216fb7a0	0.47849372
9f61f07b	f44fd8d6b405	0.03918477
9f61f07b	78a775c70eb6	0.23905413
9f61f07b	e86bb4ec0931	-0.3460756
9f61f07b	a4bcc4863f83	-0.48027012
9f61f07b	d85603164f84	0.2015333
9f61f07b	146a1a795c2e	-0.10012541
9f61f07b	10575ac4e087	-0.48587373
9f61f07b	71baa3ac6701	-0.4016048
9f61f07b	3cb448306712	0.020158527
9f61f07b	dacc9ffc4b1d	-0.36505792
9f61f07b	c2768ad29ccb	0.37511566
9f61f07b	c466d185f356	-0.5011914
9f61f07b	fa5d54326aca	-0.5552261
9f61f07b	8da03c70b8e4	-0.5656462
9f61f07b	fd69a644a864	-0.07076561
9f61f07b	1cc89e5a8ef3	-0.26807538
9f61f07b	efc7b2b6ebd7	-0.5116115
9f61f07b	555107e7ff2b	0.63241255
9f61f07b	6ded9a108c97	-0.5750359
9f61f07b	b4a5d37b7690	0.060211807
9f61f07b	2b50c31309f7	0.02531281
9f61f07b	ae159e001a12	0.57865167
9f61f07b	6a32f0d23dab	0.068549685
9f61f07b	aa5d806c157f	-0.49012598
9f61f07b	2c411fc3d5ae	-0.2616897
9f61f07b	f0fbd7a5f440	-0.6868865
6f747c61	93cefec12b2c	-2.532016
6f747c61	aae31258e92e	-1.7736553
6f747c61	277783180c7a	-1.8243737
6f747c61	3a1a692a9bba	-0.5064431
6f747c61	d69454ede24f	-1.3150293
6f747c61	d91712ee3a7b	-1.1387565
6f747c61	7e731bc3ea27	-0.78590715
6f747c61	40c9743f2da5	-1.021119
6f747c61	75d1057d6270	-0.3672645
6f747c61	9c6219958578	-1.9928607
6f747c61	44711713aa53	-0.9177703
6f747c61	a4ab8c04965d	-2.0812066
6f747c61	ff11e20f7159	-0.24576025
6f747c61	9bb16c1be059	-0.8697448
6f747c61	53eff3692a3b	-0.5965593
6f747c61	ab8d9cc18d74	-0.6718314
6f747c61	98d4be3b79af	0.41460672
6f747c61	3eb8dc012d7b	-0.32613182
6f747c61	569d3b169ace	0.020448705
6f747c61	d0f1f550a6d8	-0.1476418
6f747c61	c0e1f9d27fdb	-0.5872978
6f747c61	01e35d745ec9	-0.04364027
6f747c61	f05e07d9f460	-0.3243389
6f747c61	87bb8b1e4614	1.2782444
6f747c61	7d6ccdcc0124	-0.6284835
6f747c61	3fa6dd810671	0.12481208
6f747c61	03fb923c5e44	-0.7900949
6f747c61	516389b84bba	0.2953436
6f747c61	40cc577b8cac	0.39280298
6f747c61	3a0ee92b02ff	0.5054081
6f747c61	9e30a046b918	-0.3731894
6f747c61	92b4943d09a5	-0.009713
6f747c61	6d1f09dba899	-0.9170607
6f747c61	82eacc12188c	0.107824944
6f747c61	39c9bbf8e434	-0.38479373
6f747c61	6342d287a292	-0.5454911
6f747c61	585212682bbe	0.21127243
6f747c61	68a270bfbe35	0.37301338
6f747c61	1c2a3f194816	-0.41514352
6f747c61	b038a1ae47fb	-0.13935468
6f747c61	864534861a53	-0.38447553
6f747c61	3095b27749bf	0.11322834
90dd56f1	561d03ad4a9b	-1.6654979
90dd56f1	c76e770a0338	-1.7668432
90dd56f1	519679679b23	-1.7668432
90dd56f1	9c1ab2fe0205	-1.72696
90dd56f1	dd94d6b178ca	-1.6705241
90dd56f1	2e89dd3b6cc5	-1.6705241
90dd56f1	39e2d256c2a7	-1.6705241
90dd56f1	875d5b0870fa	-1.6705241
90dd56f1	2a42e9490f7a	-1.6705241
90dd56f1	226b46b2cdad	-1.6385329
90dd56f1	6ad40ddae70d	-1.6385329
90dd56f1	fd53c773f489	-1.5621936
90dd56f1	0909b2a02595	-1.5621936
90dd56f1	83a804d4fc24	-1.4733129
90dd56f1	af57896e82da	-1.2105985
90dd56f1	c353bb699d0d	-1.2513548
90dd56f1	63fe751d5bf7	-1.2367201
90dd56f1	7b58ca798081	-1.0129697
90dd56f1	e39d5ef8eeed	-0.81064856
90dd56f1	ddaac9f658fb	-1.8879151
90dd56f1	4c2568828e3b	-0.6003092
90dd56f1	637c474f5233	-1.3254844
90dd56f1	9eb29a3223cf	-0.7053268
90dd56f1	9802f4769e01	-0.8157668
90dd56f1	068192d50c27	-0.45800275
90dd56f1	8402147a5028	-1.3021339
90dd56f1	d9af64788cec	-0.4752153
90dd56f1	ee2717e6ad00	-0.7099638
90dd56f1	7664d2389a31	0.81868374
90dd56f1	8bd1a0ce269f	-0.2929131
90dd56f1	119782aa86f7	-0.46785566
90dd56f1	6dba026a892c	0.34488216
90dd56f1	ae6df64816f4	0.73191285
90dd56f1	e22d5f5c4345	0.758232
90dd56f1	12e94e359af5	0.64610195
90dd56f1	a492076e73b4	0.64610195
90dd56f1	53ae171f349a	0.64610195
90dd56f1	96f728bbd3c4	0.564432
90dd56f1	2275e0e4099e	1.0199484
90dd56f1	110c487113ba	1.0199484
22ea48c9	93cefec12b2c	-2.5527396
22ea48c9	752719dcc640	-0.9767202
22ea48c9	4f93b9dd0e55	-1.0889101
22ea48c9	12ce988eaaf1	-0.6332069
22ea48c9	d6a58b03a0ae	-1.1991358
22ea48c9	c3b389d94778	-0.77120227
22ea48c9	dc28d6de66c2	-0.55653524
22ea48c9	3b5b595ab951	-0.13298601
22ea48c9	3f653ca56ba1	0.41722983
22ea48c9	b3929e1f4eed	-1.3846903
22ea48c9	c010c7148f1f	-0.24641661
22ea48c9	2413beb3d1df	0.001758379
22ea48c9	b9dd17007a04	-1.4774407
22ea48c9	e9dfe4547de4	0.32780632
22ea48c9	9adb4d4de871	-0.4398702
22ea48c9	ea4ee28dd228	0.6422519
22ea48c9	7794e94c37c1	0.7616121
22ea48c9	8cfd2d9ad1db	0.9615191
22ea48c9	3b5d96e6cd95	1.5973018
22ea48c9	bd4834f6d3b7	1.601519
22ea48c9	12ca1a297e7f	1.434399
22ea48c9	b5c24f0d2310	-0.34835467
22ea48c9	707af7485d20	-0.656311
22ea48c9	398b6471f061	-0.16973394
22ea48c9	4f6612a05698	-0.5521888
22ea48c9	322a12906e88	-0.23524359
22ea48c9	7474ebed51ff	-0.24387945
22ea48c9	bbc7c50e3a21	-0.029884564
22ea48c9	7d033ddcbbf8	0.27482888
22ea48c9	1900de55032f	-0.1302363
22ea48c9	eac4500360a3	-0.017420823
22ea48c9	7d198801da70	-0.18837716
22ea48c9	cad8b2e1d41e	-0.54884964
22ea48c9	af45cc212132	-0.53541636
22ea48c9	0fc7636010b3	-0.610017
22ea48c9	7e71bc5297fc	-0.15274972
22ea48c9	700cc4ac1149	-0.25566217
22ea48c9	8b1b7b6d5d48	-0.2516171
22ea48c9	55df6f3497ea	-0.20930094
22ea48c9	316877f909ec	-0.2629044
9d475797	93cefec12b2c	-2.2490067
9d475797	99d9781db47b	-1.897662
9d475797	cdd735fe2075	-0.8201166
9d475797	84410bcbd089	-0.39972776
9d475797	68a5c0a99884	-0.70528305
9d475797	8f7c31224362	-0.6921309
9d475797	ecee598dbeec	-0.31301343
9d475797	3688afb848b5	-0.58052844
9d475797	1813b802e5d7	-0.49568215
9d475797	60560c69b416	-0.47542223
9d475797	ef2a590f9f8a	-0.47503227
9d475797	5e21451bb0be	0.45689473
9d475797	c860c6fae64d	-0.6656981
9d475797	938648ab8438	0.32612088
9d475797	ecea9383fafb	-0.7878506
9d475797	743a8fbcfa6b	-0.44820055
9d475797	c48a39ecdae2	-0.7744575
9d475797	7beddf1d55cd	-0.32117888
9d475797	8a6759ce1bcb	-0.27879816
9d475797	ad022027d2fd	-0.06337588
9d475797	da55847563da	0.13677827
9d475797	d2d6384f47a0	0.63021106
9d475797	5158873a9e53	-0.18685718
9d475797	22120b1a5a0a	0.657185
9d475797	720c25c7245f	-0.7060199
9d475797	bd5d1c6472f8	-0.22737703
9d475797	e0ddd9938fcf	-0.120033495
9d475797	d2c4a6196c90	-0.1727243
9d475797	30d72e5078e0	-0.13825177
9d475797	0ea8866e33e1	0.37056884
9d475797	9b7dc64479c1	-0.81197876
9d475797	0b9c09e92be3	0.23126814
9d475797	c3cd669beddf	-0.45938614
9d475797	aa32943ee56d	-0.14199418
9d475797	d9244fa39126	0.7505175
9d475797	523b6625d479	-0.100949265
9d475797	68b03d756867	0.12687837
9d475797	e81afd6d2b43	1.0135533
9d475797	acf9662b31e4	1.0135533
9d475797	e71ac026a32f	1.0532024
23eb3744	f47c6b13170f	-0.10469791
23eb3744	93cefec12b2c	-1.7635117
23eb3744	567e03786ad5	0.3088605
23eb3744	faa22bd367ac	-0.08125063
23eb3744	f2656c4dae97	0.19882888
23eb3744	561a6fe2172a	0.6901633
23eb3744	01f0491e011b	-0.18320593
23eb3744	8cd7999a3396	-0.0672278
23eb3744	38ee4cf27e0a	0.10964582
23eb3744	f7e2e2147f8f	0.48201582
23eb3744	c6a66211b60f	0.37159142
23eb3744	57c829e13557	0.027949946
23eb3744	0d60d5bd07fa	0.33538434
23eb3744	d22d64aebc1b	0.2866622
23eb3744	eb981d6aaa26	0.2866622
23eb3744	a974b63eae4b	0.39636818
23eb3744	516f39756497	0.39636818
23eb3744	d8acaf5ef5b4	0.37429312
23eb3744	c052f4717a17	0.20236328
23eb3744	a37485eb79ab	0.46600404
23eb3744	fa2d8a4944c3	0.35758868
23eb3744	b8a141639624	-0.012613586
23eb3744	156912ac8ffb	-0.29969248
23eb3744	1fa19bf23a50	-0.123514555
23eb3744	355da53d6c9e	1.2816834
23eb3744	21e71eccbbe4	-1.6476048
23eb3744	b98a8f74be9c	0.8255551
23eb3744	88bf70867842	0.6158512
23eb3744	e15c8a8f3e06	0.44384953
23eb3744	0b9b092da806	0.4203162
23eb3744	b5711abb0e90	0.8729177
23eb3744	0ae23dcf54d4	0.73894787
23eb3744	0e9f1223485b	0.24816109
23eb3744	ac4eb266ed71	1.56843
23eb3744	40872b18df92	1.2104414
23eb3744	cac3ad83c449	0.5431681
23eb3744	f15c0398d125	1.041851
23eb3744	996d2a8e1b79	0.6740859
23eb3744	101c3ac49d38	1.1719544
23eb3744	eb82ecc82c7a	0.97596335
385221d0	93cefec12b2c	-2.458162
385221d0	2e9d58aa54e3	-2.154325
385221d0	9e5a846921e2	-1.2581799
385221d0	ab5fd55a9e19	-1.1115234
385221d0	2b39fddaf348	-1.5195429
385221d0	485f98ed0006	-0.833447
385221d0	1dc1d835a72a	-0.8428964
385221d0	b3f0e1bef061	-0.748119
385221d0	6474c64aaeef	-0.34430283
385221d0	d3f521ea8e9e	0.26527584
385221d0	e061b9bb01a0	-0.12411722
385221d0	d0bae163590d	0.37272695
385221d0	c84dd9be8207	0.32817176
385221d0	f24ef764cf12	1.0198197
385221d0	f03678667ad2	0.507369
385221d0	ef8a33c16a2e	0.507369
385221d0	30950d827bec	0.507369
385221d0	1e729ed2d225	0.30043125
385221d0	aa6057137896	-0.1860286
385221d0	e1a4eb6f8f76	-0.1860286
385221d0	d7af085d3aba	0.99391425
385221d0	981207292cd3	0.34660754
385221d0	7fd82f52ae7c	0.041514233
385221d0	62e036594084	0.9890342
385221d0	b3ad0e245ff1	-0.29909354
385221d0	51e739a5c97a	0.589
385221d0	c5f20b8d9891	1.2066694
385221d0	7936b1413c3e	0.9890342
385221d0	d03c9af7d06d	0.42910197
385221d0	011862408554	-0.5268426
385221d0	8ac5d7234186	0.28014296
385221d0	c4742cdf8a59	-0.48997083
385221d0	6f5e3b5d6e42	0.7635494
385221d0	b557c421e118	0.13518392
385221d0	f76f4399d3c1	0.13518392
385221d0	65c5f8034be6	-0.59269226
385221d0	51cea636e5e5	-0.6160705
385221d0	2ac9c840d40c	1.1268327
385221d0	d74847d8231e	-0.5774935
385221d0	21d671afd8ee	0.54588014
385221d0	dff6fb57ff0b	-0.66456443
385221d0	f324e6738a00	0.7470594
385221d0	f2c356db9049	0.77300304
385221d0	c81db8102767	0.4712852
385221d0	f8caed3a968b	0.21357907
72006801	e8dbb09f7304	-1.3140317
72006801	e34bdd750b42	-0.0924244
72006801	d8a4b9273189	1.8950515
72006801	2a2cfbc35cab	-0.48351714
72006801	6f6e630f3e1b	-0.21250881
72006801	0a536056d09b	-0.5620271
72006801	ef0b26edf5c5	-0.7997241
72006801	4466c4452c55	-0.17734487
72006801	45877c444d9c	-0.26758793
72006801	8ff7a9466808	-0.39118698
72006801	48587f154c33	-0.52097064
72006801	7021a0fe0707	-0.16920339
72006801	1106bcf2f9fc	-0.29536244
72006801	b4c1b04cf597	-0.026001025
72006801	928e83e35e8d	-0.2586845
72006801	329c32e17eb8	-0.37473217
72006801	c25df00df88d	-0.3099204
72006801	1ebd1823c606	-0.27249333
72006801	d7a72ff02f30	-0.37348828
72006801	eff42354a766	-0.51637703
72006801	a8923baf0c24	-0.35630897
72006801	475140701252	-0.25384352
72006801	85916d5480ec	-0.4191775
72006801	86f7fe5c934d	-0.18531828
72006801	232c4139fdd3	-0.6694297
72006801	75635d3c018a	-0.28474846
72006801	025ebd3d4450	-0.4295651
72006801	f2fd8a090c31	-0.3961471
72006801	8ec6a8212718	-0.37687698
72006801	41228897e7ef	-0.14578019
72006801	ac97dc9e5666	-0.18561833
72006801	302b567c3b1e	-0.14730588
72006801	f2042230bc4c	-0.29709348
72006801	51e1a706f84b	-0.26812783
72006801	4284a0acc8a1	-0.2866799
72006801	e5725844f7aa	-0.22031163
72006801	3be479d5061b	-0.23611383
72006801	1ff66415ad74	-0.1878251
72006801	e7850f001acb	-0.26688394
72006801	f665a9a05c17	-0.2681892
77e1d405	93cefec12b2c	-2.4804504
77e1d405	fa366e2b3699	-1.7947792
77e1d405	fef124a452c7	-1.9632938
77e1d405	5fccb6e1549c	-0.3072723
77e1d405	b611ece9489c	-2.0492458
77e1d405	21d492dd9a43	-2.1953924
77e1d405	3df5bb00383a	-0.1492538
77e1d405	feec21df56f6	-2.0605109
77e1d405	352f42ab36cb	-1.8230675
77e1d405	7cfb17cb3c95	-1.5808225
77e1d405	79cf092389f0	1.2600178
77e1d405	1e02911d3e11	-1.3999872
77e1d405	bbd53297d4c0	-1.0914896
77e1d405	89549ff9cd21	0.2039056
77e1d405	19b86f951d72	0.074999616
77e1d405	1fdef13b5b8f	0.61863816
77e1d405	7f2a05c6ed4b	0.40755495
77e1d405	78093122615d	0.30606595
77e1d405	165906b64a0d	-1.1321272
77e1d405	6becf3f97731	0.17977062
77e1d405	942926e0ec3f	0.13141719
77e1d405	cba86e38a712	-0.7833302
77e1d405	83663b10afd6	-0.94366926
77e1d405	cfc1ba7d2b32	0.36612448
77e1d405	9ed623915ba2	0.23598303
77e1d405	432ee5f8f129	0.34057137
77e1d405	6392928a6eaf	0.21219066
77e1d405	20d70d51c290	0.6249884
77e1d405	d18b72a7aaea	0.47017953
77e1d405	b71378040547	0.8983488
77e1d405	39d4b212dd6b	-1.0697829
77e1d405	b410d16b1e74	0.19078621
77e1d405	cfc6b26e962f	0.17138931
77e1d405	a596124cc345	0.11718682
77e1d405	fbcfde9c3c6d	0.061074406
77e1d405	faaf8cf5aa8e	0.2966342
77e1d405	d64acf6b179e	0.21182173
77e1d405	2ac4f63f3913	0.096024066
77e1d405	0b7e5624c967	0.12975869
77e1d405	280491059862	0.0323655
6e408ac4	70f2cd2fa818	-1.1041791
6e408ac4	e16ee603ceed	-2.0003142
6e408ac4	a007155b2d16	-1.2420688
6e408ac4	a155a439a9b9	-1.027983
6e408ac4	3bf8982b827e	-1.307564
6e408ac4	8695b9a15f42	-0.8106672
6e408ac4	9e11a4412953	-0.52357554
6e408ac4	dfe72b97f75e	-0.25071278
6e408ac4	39f496f29d70	-0.18616752
6e408ac4	a99fceeb187e	-1.4744984
6e408ac4	a84b174b346f	0.057757683
6e408ac4	269b919c9e4d	0.4082602
6e408ac4	37eebcaca65f	-1.2328506
6e408ac4	754ae2d7e3f7	0.15188383
6e408ac4	05b7ab4c5e54	0.011802959
6e408ac4	72312a6717b0	-0.096169055
6e408ac4	8b7751d1cafb	-0.1094194
6e408ac4	c4e0b6900b62	-0.55517715
6e408ac4	fbaca0b01911	-0.6360577
6e408ac4	fd8d60dfbec1	-0.09962465
6e408ac4	1dbf5875e3e7	0.4785379
6e408ac4	bd69e7c98de2	0.38541743
6e408ac4	0049ab4011ef	0.5352492
6e408ac4	9a7599c6b093	0.59750205
6e408ac4	0f6455844fa0	-0.69178706
6e408ac4	0898b0b865d7	0.2971563
6e408ac4	c98dca44d4a5	0.6245204
6e408ac4	cfa5ddfbce9c	-0.4339667
6e408ac4	f9f01ae9ef54	1.1613888
6e408ac4	06ac5f36a1d6	-0.3212261
6e408ac4	553d64039522	-0.3431854
6e408ac4	2a4aea4dd565	-0.04013382
6e408ac4	1eb476b66438	-0.6467987
6e408ac4	b5a0248f26ad	0.31705233
6e408ac4	2cf00ad272fc	0.21910305
6e408ac4	871cc03111f7	-0.1393707
6e408ac4	83595572c918	-0.16903903
6e408ac4	64ab40882973	-0.12117978
6e408ac4	26707d9fabfd	-0.27865508
6e408ac4	c96692c5f169	-0.5835629
a7eaf7e6	d884bf53ba79	-1.0772694
a7eaf7e6	93cefec12b2c	-2.5527396
a7eaf7e6	149845c2f102	-0.78664416
a7eaf7e6	db5c86ef7880	-0.44506034
a7eaf7e6	a3cfd0938d06	0.054407112
a7eaf7e6	3e7f9170ddb8	0.1798256
a7eaf7e6	5d69c1779243	0.18459786
a7eaf7e6	dce0bc2028df	0.20113395
a7eaf7e6	46f7192fd147	-0.017834637
a7eaf7e6	ebcacdcf62bd	-0.15058948
a7eaf7e6	fec7cda56fe6	0.9314189
a7eaf7e6	45e708624dc2	0.1023644
a7eaf7e6	920748c07fdb	0.7706003
a7eaf7e6	e94da85afeb4	0.40763035
a7eaf7e6	a436a291152a	0.11340434
a7eaf7e6	5f5f6e8c716b	-0.34492907
a7eaf7e6	67360f2934cf	0.3806874
a7eaf7e6	4551b4f412fa	0.41555002
a7eaf7e6	21be0420260e	0.044911966
a7eaf7e6	7f163e9bfca6	0.42717674
a7eaf7e6	bcabf4872d39	0.3313448
a7eaf7e6	4293e17d1978	0.27882877
a7eaf7e6	59f827e6e4ae	0.43077853
a7eaf7e6	7f76ee97be1e	0.5274386
a7eaf7e6	c5cb38e87baf	0.82439464
a7eaf7e6	387387388b84	0.3700051
a7eaf7e6	29255e340907	0.5056497
a7eaf7e6	ab04b7254011	0.3851895
a7eaf7e6	ef1afd91b422	0.4129428
a7eaf7e6	9f118b7bffc4	0.5232935
a7eaf7e6	efca1c7025fe	0.5214874
a7eaf7e6	d66ab24ce8bf	0.37338838
a7eaf7e6	e18ab0a54107	0.22401321
a7eaf7e6	7cac8641ba35	0.36099824
a7eaf7e6	925907635300	0.5538935
a7eaf7e6	66dece21d0e1	0.56145996
a7eaf7e6	cee5d1e3392a	0.40440777
a7eaf7e6	cba610d350ae	0.22802076
a7eaf7e6	8f831b1149d0	0.6254249
a7eaf7e6	4152a148b13e	0.14015941
b04e1fd0	93cefec12b2c	-2.607228
b04e1fd0	603f00356cb3	-1.0084761
b04e1fd0	3f1b268ecd72	-1.2944283
b04e1fd0	5253fe1abeef	-1.074211
b04e1fd0	867666965d67	-1.074211
b04e1fd0	e8a8060dcd7b	-0.7733601
b04e1fd0	8ee54ba550f2	-0.8793824
b04e1fd0	b6fb02979319	-1.162102
b04e1fd0	745a1fc7d6ec	-1.3722053
b04e1fd0	9b07e3620d41	-1.2044883
b04e1fd0	f4716377f1b1	-1.8145134
b04e1fd0	acd5948836b7	-0.7669528
b04e1fd0	4ed2329edce9	-1.380704
b04e1fd0	cbc41de6040c	-0.24134082
b04e1fd0	622b76661b84	-0.92753226
b04e1fd0	b5cd93f74c60	-0.9886446
b04e1fd0	0e3b2c487302	-1.106553
b04e1fd0	6486be3a44ca	-1.607658
b04e1fd0	b852f6d26005	0.05566805
b04e1fd0	b63fafd4fbc2	-0.17836523
b04e1fd0	fba2222b75b1	-0.38204554
b04e1fd0	25a5b1f51195	-0.021584975
b04e1fd0	703986ae9fa3	-0.46120837
b04e1fd0	c5d0b703275a	0.0236844
b04e1fd0	b9869dc38dca	-0.114029676
b04e1fd0	e0394481083f	-0.3143272
b04e1fd0	4257c546a5eb	-0.54099774
b04e1fd0	3aa0b22821b0	0.028697433
b04e1fd0	d08af9bd8e11	-0.0904061
b04e1fd0	f2bd30b9ebe8	0.27218476
b04e1fd0	7b79e4619b7d	-1.3047602
b04e1fd0	96b6597747dd	-0.36328033
b04e1fd0	ef4931cec756	-0.7030994
b04e1fd0	dab1b28a95b7	-0.9054982
b04e1fd0	2fc10c2d503a	0.85802966
b04e1fd0	46f2fb3e55b0	-0.8026334
b04e1fd0	efbfc23ce87a	0.023909668
b04e1fd0	7fd58388a464	0.4499574
b04e1fd0	910e4e025b60	-0.7690854
b04e1fd0	a79908e4dea4	-1.1520374
24678c88	93cefec12b2c	-2.375093
24678c88	bb4641d98302	-1.5618229
24678c88	1e34a713484f	-1.430259
24678c88	18969a60bc86	-1.2386198
24678c88	e5b27433d29b	-1.3025885
24678c88	7929a534b96f	-0.8743673
24678c88	4fe1ab438ecb	-0.25655323
24678c88	735cf4cf656b	-0.083754405
24678c88	a7e658a2d9f8	-0.62043124
24678c88	56db28201fa6	-0.43346444
24678c88	95b65ea75120	-0.53360057
24678c88	c95dc6387b75	-0.42794338
24678c88	734779cf1b18	0.116664775
24678c88	c66e2aa4f5fd	-0.6941053
24678c88	a526f1234921	0.27595392
24678c88	dd838e2b048c	0.049760982
24678c88	fffd313ab5c5	-0.1686434
24678c88	2ec79652e4c8	-0.31258798
24678c88	4d6a54ce0fad	-0.14717193
24678c88	aa128e4a715d	-0.015748302
24678c88	0656c80011cb	0.39644343
24678c88	2765e0cc7a86	0.5797322
24678c88	c7c7619fa84a	-0.28606707
24678c88	1db2f1a8b915	0.3484595
24678c88	b3a8784e2bb0	0.16785787
24678c88	3d0afeabae8a	-0.81197876
24678c88	f245c8efe1a2	-0.8909878
24678c88	788cbd3df4c4	0.2868677
24678c88	7ce21f7c6eb2	0.39024898
24678c88	0c1f6af7bcb8	0.20895298
24678c88	0fa9ea423b8c	-0.50791013
24678c88	b527dea9ecaf	0.33253357
24678c88	51997f41b820	-0.5741901
24678c88	ae78ac54eccd	-0.18188553
24678c88	0c2ef9882200	-0.09332449
24678c88	5a22f6ad9fb9	0.42823353
24678c88	20531058c751	0.38181195
24678c88	662077ee48cc	0.5916968
24678c88	c8677d1fe694	0.9454618
24678c88	c757e88a6e79	0.60100037
0dc8b491	93cefec12b2c	-2.4112654
0dc8b491	99618353d382	-1.7024585
0dc8b491	3f8ce02a94c2	-1.723043
0dc8b491	961a49686437	-0.8724587
0dc8b491	e7859e46303d	-0.88588
0dc8b491	86a12ad97a6b	-0.8438496
0dc8b491	3d3be09c5715	-1.115497
0dc8b491	6025b382bceb	0.47151414
0dc8b491	d8e6b0c8825a	-1.6824994
0dc8b491	4ad1a8ac3a7a	-1.7234541
0dc8b491	f4671fad3207	-1.7754864
0dc8b491	0f5479c10ff0	1.104735
0dc8b491	b6a23bb5d092	-1.6000292
0dc8b491	43658540af39	-1.6363088
0dc8b491	b1f188eb2e28	-1.7437109
0dc8b491	375e052ea9da	-1.519348
0dc8b491	b8696ff595d3	-1.7372408
0dc8b491	f0b7646de0a3	-1.6539431
0dc8b491	035f7b9078af	-1.0795317
0dc8b491	0c9987c4fffe	-0.90442955
0dc8b491	d483008dbdbe	-1.67005
0dc8b491	2686f6a45eb1	-1.5914112
0dc8b491	97ca1dad7b40	-0.78709346
0dc8b491	4caed5c2287d	0.6796774
0dc8b491	3ebb28d1307e	-1.083616
0dc8b491	dd3fa8716832	-0.9782613
0dc8b491	259292b59d53	-0.61134434
0dc8b491	5b0a27b1c01c	-0.5777147
0dc8b491	d738b4a18e2d	-1.3820876
0dc8b491	5d22c7266519	-0.6469168
0dc8b491	73216d61aab1	-1.5519533
0dc8b491	f9c31353a802	-0.5886391
0dc8b491	afcfdf68a266	-0.45658824
0dc8b491	604979f7de20	-0.45658824
0dc8b491	b54108dbe985	-0.68145037
0dc8b491	d105e98b312a	-0.49414426
0dc8b491	545c04647287	-1.3594792
0dc8b491	daca204e3594	-1.4308653
0dc8b491	cfc62f26df56	-0.5318109
0dc8b491	b13e1aac573a	-1.4825166
dced9e30	93cefec12b2c	-2.5446842
dced9e30	b9a354da0dd5	-1.0390787
dced9e30	fbd201de1ada	-0.43636903
dced9e30	5b4f19c1b9a8	-1.1984895
dced9e30	5baf95b2dbf1	-0.1665135
dced9e30	8ee26708e76e	-0.9317667
dced9e30	6721e7ddbdf3	-1.1646422
dced9e30	3386a62a2ed5	-0.26568094
dced9e30	d40628041039	-1.1538821
dced9e30	7d1934e4a6c1	-1.1015071
dced9e30	15f7e79de125	0.7109681
dced9e30	46b1d438ed35	0.6222346
dced9e30	51d51ef52b25	0.3161417
dced9e30	7721ca8c3b3a	0.65847415
dced9e30	41f64ae2feda	0.44759986
dced9e30	783710bca70c	0.24728583
dced9e30	aa09a1a0a8e8	0.42035344
dced9e30	6fbfd33ac431	0.5820952
dced9e30	bd03b9c51bc1	0.9002327
dced9e30	1abeec1e4563	0.47525093
dced9e30	deeef1fae7dd	0.41530094
dced9e30	b2f8889425bb	0.6463979
dced9e30	af48c445f09e	0.40737942
dced9e30	54bdddecd486	0.6588229
dced9e30	efad35cab111	0.5477815
dced9e30	4cf020e357cb	0.6591563
dced9e30	c94814a67ed3	0.6591563
dced9e30	f7ed9bafc917	0.10961332
dced9e30	6013054d9f52	0.46165708
dced9e30	24f066e8d773	1.0063151
dced9e30	f4807373e1be	0.7898224
dced9e30	41a13711b316	0.15469825
dced9e30	962af85a244d	0.09506703
dced9e30	73ca500a4f22	0.6389513
dced9e30	f0eb25e8495f	0.55076164
dced9e30	814e4c8a6f33	0.55076164
dced9e30	03cf39911b63	0.14010899
dced9e30	8e2971540cd1	0.05616472
dced9e30	adfa9b7b4dbe	-0.005351292
dced9e30	714b9c2cc290	-0.005351292
93fded1b	44ff3f124298	-0.6237416
93fded1b	781a3e63cb07	-2.2036984
93fded1b	47e61c50b804	-0.08663933
93fded1b	cbb56e67f4ea	0.11250757
93fded1b	e1f7f8f8d78e	0.100920066
93fded1b	20bb49774c19	0.034198735
93fded1b	de39b1e48b42	0.034198735
93fded1b	958d387d3255	-2.143244
93fded1b	0471626e7224	-1.5852529
93fded1b	dbd1a30815ea	-1.1417624
93fded1b	c1f1f6b30d0d	-0.11348561
93fded1b	e83578db8ad2	-1.0479554
93fded1b	634e4873c833	-0.99082524
93fded1b	f22ec60b11a9	-0.8885832
93fded1b	48adaf50857c	-0.98877966
93fded1b	f59ee42e1d53	-1.1064548
93fded1b	07b404f87d28	-1.0126258
93fded1b	33d1c59cfde5	-1.4067444
93fded1b	8456529bc10b	-0.790784
93fded1b	17b3fcf41d51	-1.3583167
93fded1b	62b0afd7fc28	-1.1249111
93fded1b	b85eefda1952	-0.79979855
93fded1b	98bed56fe182	-0.85007846
93fded1b	1500d0be2e06	-0.5863764
93fded1b	56dfff1c177d	0.26315594
93fded1b	f73cdea4d3a7	-0.7593235
93fded1b	2294648fb68b	-1.2334992
93fded1b	4f3733666258	-1.2365124
93fded1b	7310bf7f328a	-0.78082997
93fded1b	c3fd501f0ccb	-1.2927943
93fded1b	edcd5091a02b	-0.9852403
93fded1b	e2661142f09b	-1.1250743
93fded1b	7a7cd22e7495	-1.3396777
93fded1b	40862af86bb9	-0.57719904
93fded1b	59a36e23ccd7	-0.80356884
93fded1b	9181fdf812b5	1.9447931
93fded1b	57362aa5a6bf	-0.8659558
93fded1b	526f22893740	-1.1709336
93fded1b	588e01f8bd8c	-0.83877254
93fded1b	36f59346d2ea	-1.011611
ea95df86	59a594f1a750	-1.0863175
ea95df86	8a245437dffa	-0.8237742
ea95df86	fd3c8b0055ca	-1.7618387
ea95df86	007f693d3a7f	-1.5673728
ea95df86	170ff967d1b4	-1.5011852
ea95df86	50cac323da08	-1.5410233
ea95df86	f3c2d81ba34f	-1.5410233
ea95df86	3aafb15866a4	-1.5410233
ea95df86	86739ba4259e	-1.1738629
ea95df86	50f0b79fb95f	-1.1669227
ea95df86	dab7e52e2e77	-0.17265108
ea95df86	8c08ae5d60c5	-0.5661765
ea95df86	d27e2e6fbf06	-0.37669092
ea95df86	267c2341c4ff	-0.38005665
ea95df86	6ff61828c8dc	-1.366894
ea95df86	800b3af64537	-0.6966077
ea95df86	c9f1d671a8ed	0.27746704
ea95df86	2708cf4bfc87	-0.47220942
ea95df86	5b69fedcdde5	0.20560136
ea95df86	6e25fc3c33fc	0.52080804
ea95df86	28e245c257a7	-0.80758643
ea95df86	3f0cbde2dc5a	0.25755563
ea95df86	86f7bd64af7a	0.22625116
ea95df86	ddfd2d9ed7bb	-0.17587729
ea95df86	9314c5189263	-0.08491721
ea95df86	68f497b17dde	0.23970596
ea95df86	bb2bbe1622b4	0.08924209
ea95df86	54525b8edbd3	-0.015353354
ea95df86	ad9303a444e6	-0.37152082
ea95df86	4431fccc224d	0.0102686575
ea95df86	ee3bad6476bf	0.042367883
ea95df86	19a95e13ff69	-0.20119697
ea95df86	191a22d398a4	0.313768
ea95df86	0f3dd566147d	-0.098510005
ea95df86	519613f7b6b7	-0.19000472
ea95df86	7e895ba6c5a6	-0.24275173
ea95df86	3cfeb0d45396	0.098660536
ea95df86	0746a21c79b1	-0.072540216
ea95df86	e84bd788860a	0.07859079
ea95df86	d88bfb7b7fe3	0.064984016
85dbc756	dce01171d2de	-3.0055437
85dbc756	9ee8d17102bd	-1.1485616
85dbc756	74f5fbb639cb	-1.3555954
85dbc756	0166c16491a5	-1.013288
85dbc756	9c75f87435dd	-1.121183
85dbc756	f2e5031956ff	-0.2806117
85dbc756	994a2f4c3d14	-0.8408822
85dbc756	57bb0fbcd7d9	-0.8081522
85dbc756	c02527f90f69	-0.020294247
85dbc756	62a80948ddef	-0.28590572
85dbc756	12bc3b8b8008	0.033185877
85dbc756	ac2b87c6d01c	0.05524682
85dbc756	a02c6cf822d9	0.0066314368
85dbc756	9bc93c9613a2	-1.7548778
85dbc756	c9924095d84f	0.058533944
85dbc756	3b0d51aeb394	-0.28472564
85dbc756	04bfba834137	-0.08485804
85dbc756	9e8d50a33d15	0.24000527
85dbc756	0044902a71c6	-0.03142175
85dbc756	6ba808fe68e4	-0.05895175
85dbc756	a4efdda816bf	-0.11826309
85dbc756	b33b16c5e616	0.3026568
85dbc756	b8cbce538fde	1.0346142
85dbc756	594eb39b267e	0.9870621
85dbc756	d33e448c78f2	-0.16845772
85dbc756	bd4ca69bdd80	0.6014492
85dbc756	dc5fabf79f8e	0.28507295
85dbc756	2d771dc1edc4	1.610693
85dbc756	91f876397b0f	0.16503043
85dbc756	7ae7e9f0fd6b	0.25627258
85dbc756	5ca7f829aeb2	0.43358156
85dbc756	f2d105fd6f6c	0.19152427
85dbc756	ff6968cb02b8	0.46887925
85dbc756	760c271b4e2f	0.22554138
85dbc756	9d93a9b20802	-0.06560222
85dbc756	4e27fac5cb00	-0.06560222
85dbc756	3a3ba6b2d2e8	0.13114585
85dbc756	a9810436c2c7	0.38182983
85dbc756	5727f9e58991	0.22573191
85dbc756	d1aa889dc71b	-0.76967376
2dd6a669	5d7e1137a221	-1.712501
2dd6a669	afcea0d93f71	-1.460652
2dd6a669	ca878e6261a5	-0.82412773
2dd6a669	083d26566e9d	-0.42811477
2dd6a669	bdc695803f54	-0.53546256
2dd6a669	649d8870bc23	-0.17224775
2dd6a669	44db1e686d10	-0.30216953
2dd6a669	e6268d9ed3e8	-0.49600142
2dd6a669	91d9add5a87c	-0.1448456
2dd6a669	3847862659c1	-0.051075533
2dd6a669	8c3c1b4457a6	0.36036918
2dd6a669	9aceaed32031	-0.16143608
2dd6a669	2adc55b8ae2d	0.072716415
2dd6a669	bdc2290c90bd	-0.04403422
2dd6a669	9ebad1d714ac	0.06765275
2dd6a669	b9f1c9ecdcd4	0.72528875
2dd6a669	23381d91f857	-0.14271086
2dd6a669	e781c6c3ac1e	-0.092356116
2dd6a669	2dfaae43c2fc	-0.04391563
2dd6a669	ad0a6ba8b3ee	0.33448398
2dd6a669	b9b917982dc4	-0.27832732
2dd6a669	78b4a3bd0246	-0.26042014
2dd6a669	c89a8bdc51c1	-0.11511306
2dd6a669	20e9fc18bfca	0.06024371
2dd6a669	37305e155999	0.41562003
2dd6a669	c43c91d29414	-0.03159021
2dd6a669	f87a894024a8	0.13372383
2dd6a669	bb0d742d3a57	-0.04544022
2dd6a669	a828d2e38f4f	-0.19315445
2dd6a669	35e216f4654d	-0.0065983953
2dd6a669	a5cc288fbf68	0.011519349
2dd6a669	a6d1d2240ea7	-0.11446937
2dd6a669	1af7775625f0	0.38475716
2dd6a669	ea7e3a463658	0.14031217
2dd6a669	370679a2ba54	-0.16699953
2dd6a669	48e37c09345a	-0.04942073
2dd6a669	1de959c5e01c	-0.233769
2dd6a669	8a6a184f1a38	-0.23353684
2dd6a669	94afb5171359	-0.18276522
2dd6a669	8c484ca2cb5b	-0.28883013
1a925944	aa1f9812eb12	-1.838703
1a925944	4a11ba898de4	-1.838703
1a925944	9d2ea24e3f8a	-1.838703
1a925944	8a5c26e43fdd	-1.838703
1a925944	91c078916c02	-2.3241427
1a925944	6b148bcbcd4d	-2.3004086
1a925944	b8e57757e8a3	-2.3359969
1a925944	f7df99d8388c	-2.365183
1a925944	07bebaa3dc41	-1.2619773
1a925944	f59c37ad242e	-0.22687078
1a925944	5c08d1264f96	-1.757445
1a925944	617bb1530584	0.5798569
1a925944	b58aa62565a7	-1.631329
1a925944	a7802387be12	-0.19152653
1a925944	8fa995a12b59	-0.9139913
1a925944	ef708a9fd9dd	-1.1644526
1a925944	aaefad5bfca0	-0.84166735
1a925944	6503365835ec	-0.56878793
1a925944	7ed0b89421ba	0.06623309
1a925944	eaebe969d189	-0.9325601
1a925944	b04668eece04	0.22955865
1a925944	4f04a4907b3c	0.504885
1a925944	104565a4e18d	-1.122075
1a925944	217a5bdb9052	-0.075438455
1a925944	76c05144aca3	-0.07597046
1a925944	8f972f8ec84f	0.2032854
1a925944	a59fbe62c29e	0.3615671
1a925944	8369fb20a202	0.11914669
1a925944	ab39934a7ad4	0.040549055
1a925944	f46a35cf274b	0.92440325
1a925944	93406fd50f10	-0.32150054
1a925944	2d4259442ddd	0.19725074
1a925944	5ae99a8d9887	0.16193107
1a925944	b09d3c607e5d	0.20914796
1a925944	87122e3b4a75	-0.11401259
1a925944	369aede7a848	-0.34992075
1a925944	e5cedfb62173	0.08092671
1a925944	b54260226ab4	-0.19315934
1a925944	a470f958e541	-0.4044493
1a925944	dd5e9822a761	0.43613476
f27c52b7	2404fc7e52af	-2.0707269
f27c52b7	867fec4a646d	-2.1471758
f27c52b7	ae3adaee0ca8	-1.1240344
f27c52b7	092db1528958	-1.1932238
f27c52b7	56f309a497f4	-0.106600575
f27c52b7	8ac6be80b9f4	0.59354156
f27c52b7	4e5a742686d5	0.9527691
f27c52b7	e91acf4acb17	0.4864267
f27c52b7	a79021ca3c9d	0.39924535
f27c52b7	5e9f2dadc69a	0.5629778
f27c52b7	009af62faa6c	0.6118317
f27c52b7	56a5a16e5854	1.2063264
f27c52b7	9eb7b0d471a2	0.6738778
f27c52b7	0b843a0f7af2	0.8423217
f27c52b7	92f96bf8d68b	0.42524478
f27c52b7	4e9dbd8112fd	0.5649272
f27c52b7	fd6b1878483e	0.4818767
f27c52b7	e787f862e62b	0.46802464
f27c52b7	6eb88b193629	0.46513852
f27c52b7	3bbe39a05cd3	0.19483826
f27c52b7	8efaa986e902	0.87428397
f27c52b7	8a7181e7e161	1.7287221
f27c52b7	b2b10772950a	0.17107108
f27c52b7	78cdf34507ff	-0.4102629
f27c52b7	30c835cd712a	0.23618516
f27c52b7	d22492ec1c87	0.594375
f27c52b7	73ca500a4f22	0.4304498
f27c52b7	f0eb25e8495f	1.1075408
f27c52b7	58ae2be0d7c8	-0.11974795
f27c52b7	fd0361579cc1	0.40374157
f27c52b7	4a9ce7aba561	0.18864574
f27c52b7	900770c81d4e	0.07260541
f27c52b7	72386fb8730f	0.22410098
f27c52b7	cf567189a035	0.36079392
f27c52b7	59470291900d	0.33379707
f27c52b7	f12aa7f57e34	0.33379707
f27c52b7	4736b51ee9b7	0.33541724
f27c52b7	2cdb5b97fb53	0.5451898
f27c52b7	7ba031fd1eef	0.5847027
f27c52b7	0e098af49c38	0.0829949
7a8987f0	abf7c20e496f	-1.7847195
7a8987f0	e896cfa42677	-1.7585233
7a8987f0	41f3d82576ef	-1.0271292
7a8987f0	8960fc8205b8	-2.665858
7a8987f0	2a86fc025725	-0.6003381
7a8987f0	3ef6aa8af5de	-0.37321553
7a8987f0	b4772c66b231	0.53545845
7a8987f0	7f4ec63e03f3	-0.092423
7a8987f0	a73bd54e21d3	0.53545845
7a8987f0	c899c431cb29	-0.10950591
7a8987f0	2460ff3313fc	-0.050373368
7a8987f0	bbbe8c999798	-0.398222
7a8987f0	01d55ebde18d	-0.20819667
7a8987f0	03da1ef8bf44	-0.07391188
7a8987f0	88cf8029c630	0.9653207
7a8987f0	1d1f68e6a0dc	0.74760616
7a8987f0	1019b52765d5	-0.5083573
7a8987f0	99a7e6998a3d	-0.033992402
7a8987f0	5722da383c17	0.29811254
7a8987f0	3e7a97028404	0.29922184
7a8987f0	fc7f4839529a	-0.17501025
7a8987f0	d71143415f1c	0.016626213
7a8987f0	41af55d17fb5	0.90617126
7a8987f0	cc40be91a054	0.12082232
7a8987f0	de7f43bdf96e	0.3617114
7a8987f0	a74b3bceabd0	0.9500131
7a8987f0	c44549e410b9	-0.06774492
7a8987f0	7def603d8d7a	0.04671193
7a8987f0	a7100b8047bb	0.70094633
7a8987f0	dfc9ec7241c9	0.2036604
7a8987f0	33b4d26c118b	0.3650575
7a8987f0	f87b718405be	0.69674015
7a8987f0	0c6ec04af153	1.0665497
7a8987f0	d9c053170d20	0.3240085
7a8987f0	a2e17c052a1b	0.58417237
7a8987f0	0982806cef8f	-0.24498144
7a8987f0	9ed62219ea87	0.35629898
7a8987f0	c7d4db0eb951	0.21309417
7a8987f0	832416085bc0	0.7384129
7a8987f0	acb95716c977	0.4359205
b3218fd7	93cefec12b2c	-2.5475216
b3218fd7	5fee478b27e8	-1.8664837
b3218fd7	b11c540aef37	-1.2461824
b3218fd7	f5e316b58e38	-0.35052857
b3218fd7	42fa5151ea21	-0.43024138
b3218fd7	6b2322856e6e	0.43852648
b3218fd7	4ee33e36579a	0.34000286
b3218fd7	cf7b3c0ed2ab	0.41520402
b3218fd7	bced7348af5c	0.39031175
b3218fd7	f0088624b38d	1.0771375
b3218fd7	8032f5555581	-0.34677574
b3218fd7	458a2677d89d	0.83821803
b3218fd7	924cb808db75	0.8598296
b3218fd7	c637d87bb1e4	0.2716817
b3218fd7	c5995a692f30	0.30976257
b3218fd7	9354b9f490d2	0.28941151
b3218fd7	1294049fc105	0.69406927
b3218fd7	88d16fa7c96e	-0.041846093
b3218fd7	26d217a5c665	0.603926
b3218fd7	c696f6365c28	0.603926
b3218fd7	b8e1d2b9c030	0.603926
b3218fd7	e688c1b3669c	0.8861892
b3218fd7	1402a9e813de	0.31750765
b3218fd7	2c2dcb1d0895	0.4548395
b3218fd7	eb2af53421a0	0.59192806
b3218fd7	2bf519ba719c	-0.13556369
b3218fd7	4dd10e37235e	0.23979078
b3218fd7	be166a659a52	0.29430333
b3218fd7	946afa5fd1bd	0.69950116
b3218fd7	6375c664cd95	0.66769654
b3218fd7	28b2041531c1	1.0588851
b3218fd7	e131698deaa3	0.5122446
b3218fd7	882d1569638e	0.5848296
b3218fd7	b70bd1e9b644	0.32766226
b3218fd7	cff257bd5c0e	-0.8413414
b3218fd7	3c4b51c3420b	0.116836086
b3218fd7	0d262326a161	-0.90800244
b3218fd7	35171ef34334	0.16568843
b3218fd7	2f5fdd18b813	0.1624563
b3218fd7	3d293e37f6f3	0.38775668
db7dc64f	cf4f55bc4022	-0.92411333
db7dc64f	df0fef5c7282	-1.1002821
db7dc64f	09af77fb82a3	-0.4158427
db7dc64f	4946effd2594	-0.5825718
db7dc64f	09370c44d43d	-0.26039734
db7dc64f	ab8f02d05982	-0.14836758
db7dc64f	96b64c8c29af	-0.17268871
db7dc64f	19aee83ec68c	-0.9774081
db7dc64f	fc550ca57e8f	-0.7672666
db7dc64f	f78afa719a04	-0.6114221
db7dc64f	94a133b80c5a	-0.7294163
db7dc64f	947afa9d7925	-0.9240858
db7dc64f	1c2bf2d15630	-1.243839
db7dc64f	e395fa9b0b71	-0.9240858
db7dc64f	ee6f16e7c915	-0.9240858
db7dc64f	a97e817eccb6	-0.47754297
db7dc64f	90d85bd6bf9e	-1.1033021
db7dc64f	83e223172f29	-0.5942472
db7dc64f	58c815158dd8	-0.0026341404
db7dc64f	d041d7ae1a27	-1.0015565
db7dc64f	366d40e5a795	-0.83186084
db7dc64f	033c2e7d77c2	-0.92498136
db7dc64f	fd86c5bfedbe	-0.62575597
db7dc64f	751d35e46c8d	-0.4770937
db7dc64f	b14c1563d029	-0.79447454
db7dc64f	58da42bb02ec	-0.34091893
db7dc64f	fbd8f162d297	-0.2760171
db7dc64f	c5b106004970	-0.669301
db7dc64f	1e68937dd8da	-0.15101175
db7dc64f	77ac3690b160	-0.4080676
db7dc64f	fb7ddf005746	-0.46321586
db7dc64f	c7a5b1fde2be	-0.61338127
db7dc64f	71c77e235009	-0.41060123
db7dc64f	c33030633066	-0.05202695
db7dc64f	edc07423c4f9	0.029495483
db7dc64f	f84e8063dadd	-0.995897
db7dc64f	64e0de55dfaa	-0.63938254
db7dc64f	e3fa4f0241ad	-0.5191328
db7dc64f	acce5ca95f02	-0.6693864
db7dc64f	24e2e118256e	-0.75676244
84b4d9e7	66fc25b32a9c	-0.92411333
84b4d9e7	1de959846c03	-0.8543504
84b4d9e7	4937ee66b273	-1.6820824
84b4d9e7	7b19d3a583c3	-0.41105542
84b4d9e7	c631e1ee2743	-1.1307054
84b4d9e7	a6d62c4369de	-0.19207416
84b4d9e7	80f883f7c20c	-0.7449291
84b4d9e7	f899f8ad76dd	-0.6916225
84b4d9e7	ca80c3409c08	-0.71625376
84b4d9e7	ba1c9317298f	-0.1999623
84b4d9e7	5d30d95dae81	-1.3093916
84b4d9e7	66aecf68a7b2	-0.44801083
84b4d9e7	ab0b5b9357c5	-0.1590952
84b4d9e7	1a6f86b6561a	-1.0194681
84b4d9e7	c3308a947848	-0.12858464
84b4d9e7	51d42a112c54	0.22184305
84b4d9e7	78afb5b26e99	0.07182845
84b4d9e7	57ee50da0566	0.16619602
84b4d9e7	d64395a721a4	-0.18836848
84b4d9e7	0d6f32685b2b	0.0360656
84b4d9e7	53cece1471ae	0.0403181
84b4d9e7	d18da225a261	-0.30339938
84b4d9e7	052cc16b14b4	0.60834664
84b4d9e7	d508e498ce39	-0.6456773
84b4d9e7	64b697b7f4b2	-0.011621474
84b4d9e7	78ebd5c8a451	0.7010111
84b4d9e7	d1539da48073	-0.023009464
84b4d9e7	d8fd63186321	0.55880344
84b4d9e7	b1167170eb7f	0.041654997
84b4d9e7	5cea5a49bb10	0.20165502
84b4d9e7	14c74074e3fc	0.40166113
84b4d9e7	7776c34584b3	0.9716342
84b4d9e7	853bb5b6d33c	0.24049874
84b4d9e7	119782aa86f7	0.2956527
84b4d9e7	a03bcfa34c0e	0.37236312
84b4d9e7	d4d3ad4a4759	0.16839123
84b4d9e7	9d510a3931bc	0.24269326
84b4d9e7	3677ed3ec4c3	-0.3994033
84b4d9e7	d5c71a5e0b1c	-0.79199463
84b4d9e7	71b44e8e26b5	-0.69403654
cd94859a	364c4e7902aa	-1.0680717
cd94859a	8ff4ec96c217	-0.78822
cd94859a	94de6a3445d6	-0.68637556
cd94859a	42a8c22c9909	-0.3163212
cd94859a	87ef7f3e0913	-0.51093787
cd94859a	bed6558cc2f1	0.2849432
cd94859a	888b0a34aafd	0.52172875
cd94859a	81b2e5b17d10	0.06099884
cd94859a	e8000903868a	0.181595
cd94859a	4edea003a6bc	0.1611087
cd94859a	bd2a8ac7f0b3	0.23915532
cd94859a	05a20308f3a3	0.24209826
cd94859a	d23502290590	0.7918749
cd94859a	9a536f227228	0.1572934
cd94859a	92bdf4aed05d	0.5525261
cd94859a	da3e7e786ec9	0.087715514
cd94859a	8195447f2ecf	0.3537122
cd94859a	e24dfd02d2b1	0.26938087
cd94859a	d8bc6acd6a00	0.3450543
cd94859a	efb3fee5f77f	0.35897043
cd94859a	b98f679042b8	-0.6893091
cd94859a	fbcba5032130	0.3662562
cd94859a	bb3ed4d2c915	0.30914837
cd94859a	2937e8653fd2	0.27639225
cd94859a	d19e4fbdcbf1	0.14292991
cd94859a	3b7291d4f203	0.31691945
cd94859a	4548d4a352ee	0.33252066
cd94859a	f957a94743be	0.23931861
cd94859a	511ac70fcc40	0.20282853
cd94859a	1afbd0389fd8	0.26227257
cd94859a	64ceff9a5f9f	0.13110416
cd94859a	040bca6cb673	0.29258916
cd94859a	c214b3f34b97	0.22453254
cd94859a	c3e11d5f35dc	-0.3534355
cd94859a	f31290bf2f8d	0.14686386
cd94859a	ab569deb1837	0.09958983
cd94859a	c7fe58c4ab16	-0.04542096
cd94859a	6cb3de08c182	-0.25703707
cd94859a	dfc60f70bef0	0.55861825
cd94859a	98f3656c601f	0.15594448
03a377ff	61e1a5da863f	-0.96716475
03a377ff	c1120c833ead	-1.2737352
03a377ff	0dd97f07ab6d	-1.2408526
03a377ff	5a15df025efa	-1.4097974
03a377ff	4400c96c0581	-1.4200561
03a377ff	b44ae7c7a325	-1.3591928
03a377ff	c98dc74eef0b	-1.0037088
03a377ff	b841b6e7f5af	-1.2502358
03a377ff	f71a292cb8b5	-1.2965056
03a377ff	eb2ea8d7c5c5	-1.0930676
03a377ff	7580f2957bd6	-0.728093
03a377ff	d9987353e954	-0.58367264
03a377ff	5e2cc5fc0c5d	-0.7332917
03a377ff	7e6c46707fb7	-1.0207998
03a377ff	683e180309f9	-0.17952257
03a377ff	b6ad123470df	0.28031084
03a377ff	1b5d52c203b3	0.28357583
03a377ff	b688515debb7	-0.56342554
03a377ff	8d5c3bccc154	-0.41882384
03a377ff	f321a19fcb40	-0.053525053
03a377ff	0d05b7162721	0.64448315
03a377ff	063d61261247	0.12210108
03a377ff	4775eec5ca46	-0.5559156
03a377ff	a2e83bea0cec	-0.1570611
03a377ff	5bbcdf453949	-0.5073079
03a377ff	1494c99a6309	0.28703657
03a377ff	22a7a4f29122	-0.51200044
03a377ff	9d4c6849e9c3	0.72419935
03a377ff	636f1b74d5a1	-0.5117741
03a377ff	5a6bb3529604	0.37460023
03a377ff	95b407a6cb1d	-0.4038811
03a377ff	7d0035b6377b	-0.3893571
03a377ff	f0f692c0aa22	0.1372247
03a377ff	7716e98d09ab	-0.15893836
03a377ff	24c12b93ec73	0.4841212
03a377ff	3253bb653516	0.19767147
03a377ff	2dc198cc232b	-0.087809764
03a377ff	ab75659b470c	-0.17401396
03a377ff	2486704f54a9	-0.15144941
03a377ff	e4ecc2141d0e	-0.7352601
7f90b3de	2eaeba690d85	0.645032
7f90b3de	b5de38020aeb	-0.17076322
7f90b3de	d036162153ac	-0.7495917
7f90b3de	333c743d72cb	0.8308172
7f90b3de	ae7085952744	-1.1869994
7f90b3de	55532bcdd98f	-0.53742135
7f90b3de	d7460bdc6c38	0.2333051
7f90b3de	e72546228d88	-0.51121527
7f90b3de	152ea6f20b0a	-0.15432021
7f90b3de	91509b0cca86	1.0323389
7f90b3de	fa4668a54fe8	0.10476736
7f90b3de	d52bba95ec21	-0.2005172
7f90b3de	19fad5af5d20	-0.051565945
7f90b3de	955202b501de	0.021368569
7f90b3de	f1239b139f3a	-0.12416691
7f90b3de	b724cb1c92b2	0.2571105
7f90b3de	42b419542baf	0.27672082
7f90b3de	73973bada3f1	0.03545194
7f90b3de	8ee7da473b51	0.207384
7f90b3de	434ec5bceb60	0.105545744
7f90b3de	442682bf5eb9	0.025314648
7f90b3de	1a6ca5f91041	-0.4437909
7f90b3de	6a5c62b5c45f	0.2999774
7f90b3de	ebd16c93fd38	0.27222416
7f90b3de	81eb6f0631c3	0.19822165
7f90b3de	6fd6028d08fc	-1.0105565
7f90b3de	93cef9526bbe	-0.22314683
7f90b3de	98453bb401e6	0.3165324
7f90b3de	5e6be4f98cac	0.216816
7f90b3de	c03ad0f79f80	0.63376695
7f90b3de	2bc0782d787e	-0.97581524
7f90b3de	de5dc10ffcf5	-0.9223966
7f90b3de	c8925d4c164d	-0.08516287
7f90b3de	9b5f13096522	0.76342624
7f90b3de	02027f87a526	-0.67496604
7f90b3de	063e5dc70ad6	-0.90036035
7f90b3de	4d4723ab4cc6	-0.9442075
7f90b3de	58a171950ce1	0.30110815
7f90b3de	011015b7886f	-0.8981198
7f90b3de	156a26759288	0.032545853
f1bb94a1	b55a75d2106b	-0.93912464
f1bb94a1	f56dc56de31f	-0.93912464
f1bb94a1	8f6da90c429b	-0.5738572
f1bb94a1	035e92c940f4	-0.5738572
f1bb94a1	157b6ebce98a	-0.8397904
f1bb94a1	78a273e691ed	-2.1784034
f1bb94a1	8ac66e0f11a2	-2.20984
f1bb94a1	289b168c3f70	-0.6251789
f1bb94a1	4ba6e708076f	-0.7361834
f1bb94a1	49403264fe31	-0.7522857
f1bb94a1	cfafd0671f08	-0.2973598
f1bb94a1	d81f25ede0b3	-0.64175767
f1bb94a1	de55b81fbadd	-0.14159729
f1bb94a1	b9de21791e7e	-0.6538805
f1bb94a1	491a9fa6346f	-0.03557595
f1bb94a1	ce73a08218b4	0.25820282
f1bb94a1	ebc3f9722bc5	0.3191973
f1bb94a1	025ca87226ae	-0.011752869
f1bb94a1	28a5c10e4199	0.19109705
f1bb94a1	b8fb997ec9c1	0.014794446
f1bb94a1	27e22fc37885	-0.47987932
f1bb94a1	0cc1bf4f68af	0.61811113
f1bb94a1	1776cf91fc6e	0.14686412
f1bb94a1	71fdf8b7a0d2	0.24587248
f1bb94a1	523d2521a455	0.38598043
f1bb94a1	50ac3c3fcf9e	0.16655625
f1bb94a1	6b3ec36b2b79	0.16655625
f1bb94a1	a4e628580358	0.16655625
f1bb94a1	43e1a9e0a91e	0.18713365
f1bb94a1	0d4aad2bf5cf	-0.6205393
f1bb94a1	93c38e31ff4c	-0.06862569
f1bb94a1	b287afe3b622	-0.042148195
f1bb94a1	aad17344ef32	0.64905924
f1bb94a1	c36155fe481b	-0.56775945
f1bb94a1	f10572e7bad9	0.05335003
f1bb94a1	7d38e097c6ff	-0.04581996
f1bb94a1	db832fe81243	0.46405157
f1bb94a1	4b65134fb796	0.86774045
f1bb94a1	e5217082048b	-0.14636998
f1bb94a1	20169a87d442	0.05051831
8b0b5fdb	fdfb13e39fb0	-1.5109434
8b0b5fdb	398e06b69bae	-0.9531783
8b0b5fdb	3d2bdce973d5	-1.0819697
8b0b5fdb	53899264ed4c	-0.37967834
8b0b5fdb	bb8128475269	0.3679464
8b0b5fdb	c40dbf050409	0.6597151
8b0b5fdb	fa36b8021c55	0.68417746
8b0b5fdb	dba3e7d986c8	0.4663772
8b0b5fdb	ca485ea8ee6a	0.40092948
8b0b5fdb	13833693c93e	0.6639061
8b0b5fdb	6043c0e0078f	0.681198
8b0b5fdb	339e788bb786	0.3786185
8b0b5fdb	c197ba6acd8f	0.14269127
8b0b5fdb	27ec537a07b5	0.10814432
8b0b5fdb	ded63cdf7c1d	0.7925911
8b0b5fdb	1d7cbdfdeeb7	1.2851962
8b0b5fdb	d8defde558b3	1.2433606
8b0b5fdb	9cfe8a5b6f1d	0.30508357
8b0b5fdb	95e08fec1f6e	0.30044302
8b0b5fdb	e17b33dd355e	0.19588847
8b0b5fdb	f1b1f3855612	0.9554046
8b0b5fdb	cc4f63dc134c	0.90327275
8b0b5fdb	9b17d344b33b	0.39804098
8b0b5fdb	a0a4f1cb4e74	0.72485775
8b0b5fdb	302928fb072a	0.5332856
8b0b5fdb	cc958a583aff	0.5332856
8b0b5fdb	defe91988ff2	0.50819933
8b0b5fdb	c048e59d6c00	0.52620715
8b0b5fdb	6982f79a568c	0.6538596
8b0b5fdb	3fba57440422	0.47131822
8b0b5fdb	e773609d7362	0.5409603
8b0b5fdb	6373c17630b4	0.6125842
8b0b5fdb	b1275750b3e2	0.43939027
8b0b5fdb	d51dc7830647	-0.8191176
8b0b5fdb	673bd2d93898	0.0949993
8b0b5fdb	c70fff0ee84d	0.35913095
8b0b5fdb	7abc1d4e7fa3	0.44094232
8b0b5fdb	3156dfa1c8ea	0.12270825
8b0b5fdb	ae1809fd95a7	0.491909
8b0b5fdb	349c4c410857	0.27788374
96f4b100	663b186fa722	0.00556063
96f4b100	5b0ccbd5914c	-0.0606727
96f4b100	4144169b488b	-0.23518926
96f4b100	56858dadec03	-0.23518926
96f4b100	2e157ae40251	-0.13960545
96f4b100	b667d01c0665	-0.15519586
96f4b100	6168c156dd21	-2.3435419
96f4b100	a97293dabc6f	-0.20678337
96f4b100	3c9199f9a3a2	0.046815097
96f4b100	7d61f6c64c67	-0.14737312
96f4b100	4a1dd95071c5	-0.10077868
96f4b100	b2936fb6d75a	-0.07167896
96f4b100	661d8beaff12	0.30250174
96f4b100	eadcc81c8365	-0.19362362
96f4b100	9e3dfe5308bd	-0.22027071
96f4b100	b9ba69befc0b	-0.35981277
96f4b100	79858ce03e88	1.7653219
96f4b100	661b34a126d6	0.70669776
96f4b100	51b5a0c91da9	0.37820375
96f4b100	88654d88a7ae	0.22769429
96f4b100	f6a4be1364dc	0.24458672
96f4b100	fbbcb3a45dcc	-1.5624932
96f4b100	fa0246613e32	0.25357878
96f4b100	993ad86bcc60	0.21825917
96f4b100	123547e012c4	-1.8326803
96f4b100	ddb2d73f662f	0.04696657
96f4b100	a07adccb01f0	0.42546868
96f4b100	59c919f5f44d	0.30875438
96f4b100	302787cb9b7e	0.2734347
96f4b100	a802e7b03f62	-0.07317714
96f4b100	80434b5a6606	-1.5126501
96f4b100	5c72be753a67	-1.5350972
96f4b100	54581f684374	-1.5130222
96f4b100	b2c2554c5f2f	-1.5130222
96f4b100	83119e0b6e72	-1.2145473
96f4b100	4d6236065aa1	-0.9855384
96f4b100	6bbe95287cb8	-0.90193087
96f4b100	20049f8a8f7f	-1.5178821
96f4b100	39d13d296e26	1.414216
96f4b100	94b7777ca59b	-1.2763278
a82cc52e	93cefec12b2c	-1.9386544
a82cc52e	cf79529cb8a5	-1.9150875
a82cc52e	47f12a7acc47	-1.8023593
a82cc52e	d3ee6e8fa46c	-1.8023593
a82cc52e	c918d8add9a1	-1.8057846
a82cc52e	0c22773011b3	-1.6875578
a82cc52e	4370846054bb	-1.6333603
a82cc52e	5e493f0178b2	-1.7886431
a82cc52e	8bb4af53005a	-1.9026309
a82cc52e	ef62a15ff78e	-1.4419001
a82cc52e	e4b93803a47d	-1.7887675
a82cc52e	9fcc13b885a9	-1.5959984
a82cc52e	7a6fe3e15118	-0.9472824
a82cc52e	81d8aadb6dab	-0.573867
a82cc52e	7317b8223821	-1.4644543
a82cc52e	94b5664c6c13	-0.69645435
a82cc52e	1dc7bafeb045	0.16418049
a82cc52e	b8b0d96e2999	-0.2295809
a82cc52e	c907eef4f658	-0.37634197
a82cc52e	c87533f5e994	-0.32130727
a82cc52e	f582667d7ff5	-0.385786
a82cc52e	fdf25602627a	-0.73881465
a82cc52e	53d8db4bfa40	0.0013476243
a82cc52e	94d657177c01	-0.13556035
a82cc52e	e31faf0c83d4	-0.18586808
a82cc52e	553753cd1ae0	-0.28528076
a82cc52e	cfd0e6497e6a	-0.17118739
a82cc52e	56bc4f9c082d	-0.41521657
a82cc52e	755119d0d123	0.00306266
a82cc52e	3194e3d78dbe	-0.003761987
a82cc52e	aded0c688703	1.2255075
a82cc52e	7f0c648cb1e1	0.010267938
a82cc52e	b38388175254	1.0638473
a82cc52e	13c0ad33ce9d	1.2094147
a82cc52e	e2c3891d92d3	-0.20972759
a82cc52e	a13cde7fc1db	0.7636347
a82cc52e	82ac182c3e57	-0.17446417
a82cc52e	e6d6a9a63521	-0.26817277
a82cc52e	22f850c640ec	-0.36310926
a82cc52e	6862de5c1122	0.9976828
c9564415	93cefec12b2c	-2.4032106
c9564415	096d3c7b241a	-1.1265062
c9564415	209097fcc9b5	-1.5818027
c9564415	448a7212ad14	-1.7886686
c9564415	f28f322e3ee5	-1.7359735
c9564415	fe1d5caf6a75	-1.6290245
c9564415	3b7a54d5948d	-1.3925383
c9564415	482e3926bbc1	-1.4233902
c9564415	f34e084a8a53	-1.3676205
c9564415	52a2fcecf464	-1.8020482
c9564415	6b69c786289c	-0.28162304
c9564415	4e6cb4bc6ece	-0.30672812
c9564415	116a0139d622	0.48770198
c9564415	a3a8df6e7eb7	-0.6592899
c9564415	eb4b3ddb8f9b	-0.2980412
c9564415	4fd9eaf8d021	-0.5028203
c9564415	933903d3843a	-0.7967207
c9564415	e6b7c5fe4a41	0.3522252
c9564415	e4804228bb2b	-0.36836776
c9564415	fd9deb10619d	-0.9158889
c9564415	b7e759c7e87b	-0.5014441
c9564415	af96f1c82d69	-0.75074345
c9564415	e00dac25d376	-1.2582736
c9564415	bc3cb6122682	0.07187633
c9564415	049a52d05faa	0.48158357
c9564415	c8e746f9dcd6	0.61058646
c9564415	4ef2d5664535	-0.4385177
c9564415	d3673f9dd7b9	-0.5247649
c9564415	cb60cb191e79	-0.9164764
c9564415	9b9e9a8c9b0d	-0.670055
c9564415	b79ddee043bd	0.18351682
c9564415	54774f7746ec	-0.61326224
c9564415	474f6d770da3	0.4769617
c9564415	ef0eb9198fcd	0.94640076
c9564415	939fb4571bce	-1.1483008
c9564415	0f6fe0bc4190	1.2850161
c9564415	f281e1559f7f	-0.7064849
c9564415	20377bbc011b	-0.9076821
c9564415	8f1018dd4e97	-0.68290114
c9564415	26aaeea07830	-0.12463235
89a8c108	28a7b6bf0bf8	-1.8942723
89a8c108	83593f9e62e3	-1.1830838
89a8c108	175b6dc2ec6b	-1.749096
89a8c108	67eac8f0fe0b	-1.5957956
89a8c108	4fedff944fa7	-1.386988
89a8c108	1101856130fd	-0.89736086
89a8c108	55241cad9951	-1.2357332
89a8c108	fa1111b4068b	-0.8839886
89a8c108	d8840cfc3e31	-1.0873456
89a8c108	5fca9e3157e7	-1.2121928
89a8c108	0c3e90b3cd15	-0.55294335
89a8c108	ac207117be45	-1.4216359
89a8c108	5572954d87b5	-1.0496216
89a8c108	b457b66e3e2e	-1.3402734
89a8c108	b4d26ed2cb94	-1.6437951
89a8c108	816722f79678	-1.2291203
89a8c108	abb8a0218b0a	-0.95966834
89a8c108	09ce26f34f2f	-0.95966834
89a8c108	4ab05e16f867	-1.1552447
89a8c108	659e1a74687a	-1.1228758
89a8c108	2725c76f7cbf	-1.4861708
89a8c108	85bc36caf764	-1.3489946
89a8c108	2cc38807fc52	-1.2471199
89a8c108	ca53953a4998	-0.59961545
89a8c108	d9bc74ac168f	-1.5380402
89a8c108	61b0eb93a8b4	-0.597496
89a8c108	fd82a914d10e	-0.89617294
89a8c108	9fb26e43de0d	-0.8776788
89a8c108	2ed3600f18c5	-1.4497818
89a8c108	3727cc212898	-1.336454
89a8c108	14e2078a6195	-1.5476112
89a8c108	841a65632ef2	-1.2492205
89a8c108	8adfd43384d2	-1.1125998
89a8c108	784b6d94c694	-1.1078804
89a8c108	5d4bba0f5a15	-1.2435523
89a8c108	7dec2bb32364	-1.0215002
89a8c108	46b8920f9a70	-1.2105185
89a8c108	e4fccee2baa7	-0.5713396
89a8c108	5621de535002	-1.245551
89a8c108	dcf9d02ac75c	0.12958737
5e18c9de	aeb8d92f31aa	-2.1573844
5e18c9de	20586bd2d5bf	-2.1017053
5e18c9de	fa2803841a20	-2.2387676
5e18c9de	930f29110344	-2.2812297
5e18c9de	809ada9992ef	-2.436882
5e18c9de	cf0d3cd5969b	-2.2583094
5e18c9de	52684f45196a	-2.1319633
5e18c9de	3a6cdec07b29	-2.1374264
5e18c9de	546ef3d59718	-2.0514555
5e18c9de	8cdce2cd28db	-1.9053022
5e18c9de	d783e9f81dac	-1.6117879
5e18c9de	252127381fca	-1.4001597
5e18c9de	09f1f453c7df	-1.3359208
5e18c9de	e7677f29d985	-1.3573265
5e18c9de	7896da848354	0.7723289
5e18c9de	d78a46ad0eaf	0.81115156
5e18c9de	b0c6774fdec5	0.49247906
5e18c9de	729d859f8994	0.41890728
5e18c9de	c8dbd21bfaf6	0.5439796
5e18c9de	20359bfe7556	0.19840246
5e18c9de	c3c89da383d6	-1.9804876
5e18c9de	112fdc386b45	-1.301796
5e18c9de	f3e8dffaf7db	-1.5085399
5e18c9de	0cf7f18d5a06	-1.5395904
5e18c9de	9ba35b9a3b63	-1.5395904
5e18c9de	26d4b2be7601	1.1237364
5e18c9de	467a0bdc8284	0.8201513
5e18c9de	595b9ffd35de	-1.9185566
5e18c9de	ef6076daa761	-1.9730794
5e18c9de	629ae10f443b	0.47228944
5e18c9de	5dd895992cd8	0.56332487
5e18c9de	2860fd5cfa48	-1.541606
5e18c9de	91e7dbfa57e6	-1.2415601
5e18c9de	f2129de0b885	-1.2415601
5e18c9de	0e8f27873998	-1.5322268
5e18c9de	6c8a9d3378c8	-1.4704632
5e18c9de	d22d202c1193	-1.3588932
5e18c9de	1629cbadd494	-2.0316582
5e18c9de	d1d344c4fd01	-0.8439248
5e18c9de	144516dd8255	-1.698262
5e18c9de	2f06a95434a6	-1.4013199
5e18c9de	acf0ac9ad337	-1.5344403
5e18c9de	8e5f9e0e6de8	-1.5875465
5e18c9de	5e1fab293dcd	-1.3251054
5e18c9de	e90546d92f6b	-1.4819233
5e18c9de	8b2bdb5ef9ce	-1.4170682
5e18c9de	9b6a2fdf041b	-1.2974005
5e18c9de	161f7ce5ef1a	-1.3041605
5e18c9de	49d5b53b23c2	-1.292602
5e18c9de	fbc3bd6ddf10	-1.7138915
5e18c9de	d2c596fc13e4	-1.6036173
5e18c9de	539eb5b0ad79	-1.6757652
5e18c9de	62c4531253a0	-1.6757652
5e18c9de	7d4bd61b5561	1.0215394
5e18c9de	0dbadeb32fcf	-1.1912804
5e18c9de	29c8308a7eee	-1.4038703
5e18c9de	e38b9d503f42	-1.2937301
5e18c9de	f3e238ef560b	-1.4384408
5e18c9de	a48fd2dd17db	-1.2842078
5e18c9de	af29044c9201	-1.5556978
5e18c9de	4c31902e8905	-1.287332
5e18c9de	daccb0243573	-1.6120206
5e18c9de	a4a6837989db	-1.5793566
5e18c9de	43878ebb4330	-1.2468154
5e18c9de	e36a2d6f51ea	-1.6699451
5e18c9de	7762dc748614	-1.7077913
5e18c9de	3649d5d89d89	-1.3037629
5e18c9de	1f3e5f778669	-1.4451388
5e18c9de	165bb091a214	-1.5000236
5e18c9de	4d18d5d7444c	-1.5000236
b20afc3e	93cefec12b2c	-2.532016
b20afc3e	cbcc6f7131a1	-1.89124
b20afc3e	f303e254c28b	-1.9337639
b20afc3e	2905eeb2c54f	-1.4736359
b20afc3e	9d5b38050d1b	-0.9661418
b20afc3e	3e72377d7526	-1.0196846
b20afc3e	5fcea344c1e5	-0.9496438
b20afc3e	d0b3d5caee2e	-0.49217334
b20afc3e	be32e39d3252	-0.778987
b20afc3e	ee9c587a0a34	0.53818136
b20afc3e	cbf199211014	-0.029551735
b20afc3e	16527daf0195	0.60774046
b20afc3e	0cc3e1bc3d3e	0.6782482
b20afc3e	c0e13488c8f0	0.4854888
b20afc3e	cf2a48f07b61	0.52751577
b20afc3e	9532ab34c0c1	0.57887226
b20afc3e	9455bd51fe20	-0.1265613
b20afc3e	d17ddb1edf31	-0.06917221
b20afc3e	0da194cb1d50	0.3872026
b20afc3e	9d41660510c4	0.414569
b20afc3e	6f670fd0065c	0.76642007
b20afc3e	886d19d6ae48	0.85081804
b20afc3e	f6c438d28164	0.63928276
b20afc3e	b3e4618836a3	0.073199786
b20afc3e	4ca1cce24348	0.073199786
b20afc3e	eefebca7e326	0.22348179
b20afc3e	4920706fe0b6	0.9958285
b20afc3e	999c8de82581	1.2795042
b20afc3e	e0a2de837b9a	0.32647637
b20afc3e	e41104f041a4	0.35819176
b20afc3e	bfa97fe0573e	0.07534627
b20afc3e	65fad7b97f73	0.038576715
b20afc3e	617ee8251a84	0.015157956
b20afc3e	6f561deb2d43	-0.10749803
b20afc3e	99898ba6d9a3	-0.15071963
b20afc3e	5f7c12663b9e	-0.01267158
b20afc3e	e0f4736c8486	1.0172518
b20afc3e	6a44695344dc	0.80308896
b20afc3e	48b6af58233c	0.97824365
b20afc3e	909bdcb8a677	0.5215352
ce4c4f82	93cefec12b2c	-2.3766007
ce4c4f82	05ef3afe1a31	-0.9078314
ce4c4f82	69afd5edf8a7	-1.2933848
ce4c4f82	f452c557c0a6	-1.201066
ce4c4f82	334b604856dd	-1.1804016
ce4c4f82	55677667edd1	-0.80453026
ce4c4f82	daddc62a7d08	-1.1536065
ce4c4f82	5d32ab6236f4	-0.70131135
ce4c4f82	7293b52eb376	-0.9498584
ce4c4f82	d774fef4b5c9	-0.61224693
ce4c4f82	c33582eb8530	-1.350302
ce4c4f82	bd3ca77dd7eb	-1.0586345
ce4c4f82	92229f15c250	-0.6576578
ce4c4f82	d2e2bf8585a2	-0.3323466
ce4c4f82	31b9e0fe70b1	-0.81617355
ce4c4f82	7e8d14302d47	-0.6334826
ce4c4f82	e7fa1ef05126	0.035743497
ce4c4f82	e2f5e12e687a	-0.71872616
ce4c4f82	572ad0cc7b48	-1.2144186
ce4c4f82	2ba74e45c8ef	-0.66386116
ce4c4f82	fee9c0b23735	-0.71228546
ce4c4f82	961df46d8796	-0.3191701
ce4c4f82	dc936838b8df	-0.25889266
ce4c4f82	7f992029a2d2	-0.3941953
ce4c4f82	e9bef337baf9	-0.56337667
ce4c4f82	a555ce6c7a00	-0.33339745
ce4c4f82	31a42bd56acf	-0.237956
ce4c4f82	03cbe8bdc3b5	-0.237956
ce4c4f82	779cb305f7f4	-0.77180004
ce4c4f82	73588183d0c8	-0.5588046
ce4c4f82	9142bad0de10	-0.38664243
ce4c4f82	bdc8414f7284	-0.42235506
ce4c4f82	971517b73c2d	-0.60506076
ce4c4f82	f5308bf6511f	-0.4889342
ce4c4f82	3c39282ff704	-0.12676513
ce4c4f82	7d55cd1e7c8d	-0.012996293
ce4c4f82	c52bb6d2e896	0.05486335
ce4c4f82	bd378399b7c2	-0.6328881
ce4c4f82	106039ac4c9a	-0.491091
ce4c4f82	2c7c536c0de6	0.49127516
65bd0892	e9ad4c236094	-2.0523832
65bd0892	d782b892e447	-2.4276962
65bd0892	93cefec12b2c	-2.5527396
65bd0892	23165697d933	-2.4567218
65bd0892	b9ab6659b869	-2.7007055
65bd0892	f5682cc3a917	-2.5173464
65bd0892	6681e17800e8	-1.4025953
65bd0892	130d84d35a41	-1.4025953
65bd0892	6233e7285250	-1.6866206
65bd0892	8bace4d050c7	-1.2083831
65bd0892	b4afe3c997f3	-1.2168708
65bd0892	b943eecda6fb	-1.8117756
65bd0892	886a6f1a6662	-1.2096447
65bd0892	2515d19038d9	-0.9062354
65bd0892	9f6edcfde627	-0.95890677
65bd0892	aa427b32ed1d	-0.81693065
65bd0892	af2004b00c1e	-0.9259798
65bd0892	d752c7145c28	-0.28702083
65bd0892	19215d56faad	-0.89661103
65bd0892	52c2bdd6a880	-0.63794935
65bd0892	adcf0ac54db1	-0.64036536
65bd0892	c312c0901ed8	-0.6181644
65bd0892	debbb4821858	-0.574036
65bd0892	4dfb170090f1	-0.16146487
65bd0892	af1d48c8dcaf	-0.52987236
65bd0892	4f16337f2bfd	-0.14554259
65bd0892	d6ba101eaae0	-0.49762806
65bd0892	34073dfd6793	-0.03935375
65bd0892	7b8ace8a5853	0.22746742
65bd0892	ee9bb61ae09c	-0.23317748
65bd0892	1f705c7c7e75	-0.31825358
65bd0892	298526e4411c	-0.64293295
65bd0892	d6641b61adee	0.7368121
65bd0892	bc9ce1d76a44	1.1565242
65bd0892	68a51a48cf0b	0.72592896
65bd0892	9c9e790246f1	0.6873552
65bd0892	c8073bfcc9ae	0.7318389
65bd0892	58babbf669f7	1.0073075
65bd0892	4dbb8366fb75	0.8703943
65bd0892	39bc03f37abe	0.7825951
e9985b4e	93cefec12b2c	-2.4851193
e9985b4e	e5e43714f1d7	-0.7445696
e9985b4e	aa335622defb	-1.259706
e9985b4e	bad90aad8c94	-1.1418319
e9985b4e	c8858c6c17d6	-1.1418319
e9985b4e	7d0bb0c5afd6	0.25312185
e9985b4e	9bf7c679ce81	-0.4070992
e9985b4e	10805baacfdf	-0.46612647
e9985b4e	f344bfb28b3e	0.51109314
e9985b4e	cbe8d35903fa	-0.8739406
e9985b4e	47ce0adf4c90	-1.2627493
e9985b4e	db90a3ea59d0	0.043525703
e9985b4e	8950a1780e04	-0.96966326
e9985b4e	475013622906	-0.8559601
e9985b4e	4b32cacc81f1	-0.84021676
e9985b4e	40295cc37c8b	-0.9357796
e9985b4e	e602fe605a40	-0.8384563
e9985b4e	c7cb099ccd69	0.70252776
e9985b4e	8a5cb753b4b4	-1.1076323
e9985b4e	4b5484150044	-0.8714079
e9985b4e	76f713fcf551	1.013698
e9985b4e	6f64cc0cbf4d	1.1568445
e9985b4e	80693a2ddc01	0.4165103
e9985b4e	1a081901ae35	0.7039991
e9985b4e	8a25891758d7	-0.93850183
e9985b4e	f36daa3b2a2b	0.8438959
e9985b4e	7e5380f69539	-0.6095593
e9985b4e	aa70dc4f6460	-0.5427154
e9985b4e	55d665c9c429	-0.77191967
e9985b4e	e5b2cbb05a45	0.17111984
e9985b4e	1f5b5eb0976e	-0.36639497
e9985b4e	e76b6b03f619	-0.6940829
e9985b4e	067ceb8ab405	0.56704026
e9985b4e	81869e8fb20b	0.60347843
e9985b4e	2320954772bb	0.54003096
e9985b4e	2cc999edc915	0.26843253
e9985b4e	39293de90415	0.61989045
e9985b4e	ee2c1a138b91	-0.5089189
e9985b4e	e47c14387b15	-0.5155086
e9985b4e	9b4174d0c2b4	-0.8309372
f485171c	df5d25db8b6a	-0.9431075
f485171c	321724d27697	-0.768611
f485171c	70664014ae35	-1.0557691
f485171c	8b01ad37146a	-0.35722095
f485171c	ec0aff29b82e	-0.47300312
f485171c	a580567db3aa	-1.1216893
f485171c	ecacfa3451ee	-0.5810854
f485171c	d310a2d00151	-0.5921937
f485171c	0fd25d8b3a1d	-0.24332754
f485171c	6e0ab7e15019	0.40591338
f485171c	819bb9851c34	0.11873417
f485171c	3308f14b6e75	0.044619665
f485171c	e8fecbe5664a	0.13101614
f485171c	ea258c1b29b5	0.02328609
f485171c	729a296aaa4b	0.41065913
f485171c	4c7083982a36	0.5103569
f485171c	68f85047ca1b	-0.037109606
f485171c	659192fc8143	-0.66133744
f485171c	953d0c013a16	0.48698166
f485171c	27aebe93091c	-0.33719668
f485171c	b69b8fd19867	-0.24713948
f485171c	a686cabaa298	-0.5056947
f485171c	19984405b2e9	-1.085312
f485171c	4cc124f047a0	-1.1544336
f485171c	34461391266d	1.7596428
f485171c	9fd7391f7374	1.3776821
f485171c	5e14be2ebbd5	-0.10433391
f485171c	99da1819f30e	0.55531174
f485171c	a1bdb9c25fdf	-0.28172472
f485171c	e5bf0dc03573	-0.6700116
f485171c	8ea191c0a860	-0.24639933
f485171c	aa3ebc3e81c0	-0.5058079
f485171c	c9b6ee663b7f	0.0097538745
f485171c	56064119a22c	-0.31971586
f485171c	5135e3489b33	-0.30211622
f485171c	9465a493c51b	-0.00072553
f485171c	0c96acec8219	-0.21615186
f485171c	8c24ae667a67	-0.189573
f485171c	dbf7425632d0	-0.29612857
f485171c	bf2220399f53	-0.22258416
bfd9e123	0af2e01f4a06	-1.1305566
bfd9e123	0520386b8870	-1.0416821
bfd9e123	e076c8ed400d	-1.8501136
bfd9e123	0ca4826c3f9f	-0.925836
bfd9e123	ff1e10ae2729	-0.7483613
bfd9e123	b5e6e3b555ab	-1.8615302
bfd9e123	d5c2185a21c0	-1.0667179
bfd9e123	79a7d18ab962	-0.504291
bfd9e123	41b0476c2510	-0.3488835
bfd9e123	374ab557e5cc	-0.7814994
bfd9e123	50df04e021d5	-0.37968475
bfd9e123	143f4125b522	-0.52686673
bfd9e123	73c2c502c9a8	-0.46869335
bfd9e123	c50ba1850a3f	-1.1849549
bfd9e123	71f31c0dd13d	-0.7023318
bfd9e123	fa3af0d90b86	-0.7331379
bfd9e123	34226f4dd7d0	-0.21624154
bfd9e123	5d6c4877b572	-0.76528215
bfd9e123	de6131450ee8	-0.65951174
bfd9e123	a803ed820c86	-0.7709301
bfd9e123	1eb309fe9cbd	-0.6710352
bfd9e123	ee2c0fc6a14c	-1.1494236
bfd9e123	9b3349de114c	-0.7446982
bfd9e123	ff689f682c53	-1.190189
bfd9e123	bf7ec5c8776e	-0.87744564
bfd9e123	635c26193c56	-0.92094827
bfd9e123	156b9a49414d	0.12480379
bfd9e123	8526064cc0df	-0.7024228
bfd9e123	f628fbeebdcf	-0.6816992
bfd9e123	8452cc5238e0	-0.7060953
bfd9e123	d9c7d725362e	0.46209309
bfd9e123	1a9087d2eda0	-0.289854
bfd9e123	d56291c010a0	-0.26734442
bfd9e123	3d680cdb3066	-0.81866324
bfd9e123	3738b5865897	-0.12343966
bfd9e123	dd7b1614d426	0.10897436
bfd9e123	4e14b4422aca	0.032956522
bfd9e123	53905868dd05	0.29918838
bfd9e123	f99b6dfc4f87	-0.36535752
bfd9e123	91f7c39c2561	-0.5308226
9093b1bc	ee2c3d9906aa	-2.1609395
9093b1bc	fc5296efb31a	-2.2594266
9093b1bc	41f211f32dd0	-2.1354911
9093b1bc	df5bb9769d65	-2.2025282
9093b1bc	8904322f5115	-2.1218817
9093b1bc	e75f0a5890bb	-2.1855729
9093b1bc	5df1d861d8f1	-2.064812
9093b1bc	9b1ad2a89034	-2.0451047
9093b1bc	32537bd4ba4e	-1.7134473
9093b1bc	8fb99efc7971	-1.8606219
9093b1bc	94220e57fbfe	-1.8230861
9093b1bc	be04d24f0d12	-1.508631
9093b1bc	f8648653d193	-1.0690954
9093b1bc	3c8a6fb10892	-0.9276908
9093b1bc	5ac92596aa5c	-1.3894328
9093b1bc	4f1e19124439	-0.88268155
9093b1bc	216fd4d322d5	-1.0109701
9093b1bc	f87b8db0f7bd	-1.1006494
9093b1bc	03083dc74301	-0.8817303
9093b1bc	478dfa4ae04d	-0.69362646
9093b1bc	78ed1254817a	-0.2576739
9093b1bc	9d66c9432dbe	-0.28542724
9093b1bc	70da93079982	-0.7502416
9093b1bc	e93cd54b34cc	0.19581872
9093b1bc	64ddb61a6f7d	-0.93064415
9093b1bc	70d2800fd26a	-0.050313056
9093b1bc	251ec80443c9	0.22916144
9093b1bc	6cd98128fa9c	0.20458438
9093b1bc	ed45b346fd92	-0.8491268
9093b1bc	6559ff0c794d	0.03361134
9093b1bc	c1a2888d113d	-0.045185093
9093b1bc	c53a6b55030d	0.34032372
9093b1bc	9094261e80dc	0.40083972
9093b1bc	d29da6ceef7e	0.18053053
9093b1bc	f35b8b849aa4	0.16471773
9093b1bc	0385904c7d96	0.003294049
9093b1bc	402d4bbac236	0.99986243
9093b1bc	8ae439a58dea	1.2690737
9093b1bc	843de2019254	1.2660606
9093b1bc	d3911c63bf47	0.6106469
bc26c101	93cefec12b2c	-2.4977875
bc26c101	1597f354b7cd	-2.0025177
bc26c101	001758698e98	-1.7276607
bc26c101	547560b4a2dc	-0.888202
bc26c101	ee08ec9311cc	-1.1946161
bc26c101	dd3f489fa443	-0.9248691
bc26c101	b9c329f63505	-1.2204381
bc26c101	e610c6ff242d	-0.9475434
bc26c101	1ece2237e806	-0.62792313
bc26c101	1a2e72aa8992	-0.77393967
bc26c101	61b3675eaddc	-0.77104163
bc26c101	3601facb6c40	-0.7715606
bc26c101	c3c9b98891b0	-0.85913676
bc26c101	373668dea0e1	-0.7446482
bc26c101	31c099bed3f7	-1.3385307
bc26c101	ec514ca5325e	-1.2808837
bc26c101	6058fe9ad364	-0.9581363
bc26c101	062ab26098ee	-1.0555705
bc26c101	34fc437b3585	-1.0825982
bc26c101	9155ff6c4add	-0.8917504
bc26c101	0488e90392fe	-0.8739406
bc26c101	6ef42bb89488	-0.8739406
bc26c101	9ad8bcac5187	-0.8739406
bc26c101	7ed7d81c6d1a	-0.8739406
bc26c101	dd53ab2b4839	-0.8559601
bc26c101	b3d14936dcd7	-0.8559601
bc26c101	339f29b208f3	-0.8739406
bc26c101	366d91dd48c3	-0.8739406
bc26c101	bc5ffd6ad845	-0.6853407
bc26c101	c7044039cfc7	-0.4470619
bc26c101	28061fc4f20f	-0.44977033
bc26c101	22dac3721cc4	-0.67637926
bc26c101	015167de8229	-0.61641234
bc26c101	f4f64d56d77f	-0.21625921
bc26c101	38baa3ee53a5	-0.37565213
bc26c101	3a45bc97e69d	-0.5303664
bc26c101	429a9940fec0	-0.71283185
bc26c101	2da301efec59	-0.6727763
bc26c101	7127d567cf82	0.4970235
bc26c101	103021b92dfa	0.66272986
212741c7	3910fde54490	-0.5929968
212741c7	e1d6ded8e0a2	-0.1217685
212741c7	dc1f47ce2564	-1.1372633
212741c7	d6c326bdf6cd	-0.72584194
212741c7	c197944e4b91	-0.4312683
212741c7	18d8e2f1588e	-0.21438456
212741c7	2ee18b4acd8d	-0.49484557
212741c7	cb25bc48c4f0	-0.22363396
212741c7	56d884d9c9bb	0.1900167
212741c7	8482186b6ad7	-1.8162673
212741c7	ea2639e98c68	-1.0025144
212741c7	2e412be417bd	0.22931892
212741c7	3d00801e38e9	-0.37285617
212741c7	66563b9d2090	-0.31316283
212741c7	fd83df554eb0	-0.42040116
212741c7	cb65dbadb95b	0.008152963
212741c7	454f618220bc	0.1270095
212741c7	361112928fbf	0.54758996
212741c7	e95732f8ffd2	-0.16613953
212741c7	013b6deba514	-0.35312253
212741c7	d9f45a52257e	-0.15983394
212741c7	2498253f9f6f	0.59492135
212741c7	6217c2c10d48	-0.3181335
212741c7	f3728957bb66	0.008198094
212741c7	5adc8ea582e6	0.27513933
212741c7	b98dc40ca8f6	-0.02734254
212741c7	f7dadb6ff3fe	0.008198094
212741c7	97a89ead4c2e	0.16742183
212741c7	54c36dfd6c68	-0.00079522433
212741c7	91a845a44452	-0.02734254
212741c7	260da98c85e0	-0.02734254
212741c7	e10fd4a19699	-0.02734254
212741c7	02ddd2fd3af3	-0.65081984
212741c7	8daba2d22c37	0.034745403
212741c7	3b6104c40003	0.32619652
212741c7	73d369f48b2a	0.12304355
212741c7	1a436b7bfe99	0.8438016
212741c7	b8adb6664be5	0.6319449
212741c7	ddc324bdcd60	0.9171216
212741c7	192daa4d9a77	0.74689645
2571cd89	93cefec12b2c	-2.532016
2571cd89	4354f7ecdf4d	-0.8106349
2571cd89	f647c25fa430	-0.3670375
2571cd89	57976da07f16	-0.6238993
2571cd89	f0d5b51652f8	-0.0442705
2571cd89	4f4ee75f91cc	-0.66010153
2571cd89	6d60359f7e64	-1.4828584
2571cd89	45ad4b72031d	0.26673397
2571cd89	da078aeeef68	-0.8679212
2571cd89	7d7463bc62cb	-0.23334892
2571cd89	3004b0b800d9	0.018488932
2571cd89	d81fff02e1b6	-0.18111834
2571cd89	12e31655ebed	-1.0656862
2571cd89	f4eed6ed5461	-0.19980597
2571cd89	63a59ffda8cc	0.29856452
2571cd89	fb8322439508	-0.31548336
2571cd89	0f0491f88340	-0.3325669
2571cd89	e55702a18926	-0.34294423
2571cd89	b63dad965df1	0.07173875
2571cd89	8793a0225047	0.6416261
2571cd89	f6372a7c1294	-0.24867797
2571cd89	ebb27812a7ea	-0.6759354
2571cd89	e515f02f3ad9	0.27669886
2571cd89	a721c0b50f12	0.3173658
2571cd89	2359da35c778	0.3671958
2571cd89	80d5d0e34ad5	0.22305104
2571cd89	7c6184b21479	-0.15322755
2571cd89	be9a1bd1bca5	0.25860175
2571cd89	b69dcf064516	-0.15013067
2571cd89	8cdee4c48f0f	-0.15013067
2571cd89	fbb163941c78	-0.15013067
2571cd89	fb712e76d5f7	-0.1899688
2571cd89	63c0ef25b86a	-0.1899688
2571cd89	0d08aac40571	-0.1899688
2571cd89	0dc5f78efe80	-0.32647738
2571cd89	cee122e49ac6	0.41072676
2571cd89	edbffbc8aa69	0.32068428
2571cd89	54ed6d605e51	-0.050597727
2571cd89	3d8fd48664fe	0.10709174
2571cd89	68bb6809cfa4	0.023006095
3e0de5e7	93cefec12b2c	-2.5446842
3e0de5e7	45d9c3263685	-2.131853
3e0de5e7	6d9671ecca25	-2.3406045
3e0de5e7	8c2ca3e354d6	-1.9338787
3e0de5e7	a65994de4b04	-2.05499
3e0de5e7	dc4a86ee1453	-0.92411333
3e0de5e7	de2464ce6e64	-1.6847875
3e0de5e7	3ac9b808eebc	-2.021083
3e0de5e7	dbfe81431df8	-1.2692493
3e0de5e7	50937a459da2	-1.2692493
3e0de5e7	2e5a3b393b60	-1.1158388
3e0de5e7	3d20a6d640e3	-1.1158388
3e0de5e7	d871a5c21465	-1.1158388
3e0de5e7	409dca0f05f4	-1.1158388
3e0de5e7	d6e6d5a3057c	-1.9107519
3e0de5e7	901478287803	-0.8996807
3e0de5e7	f8bf194225f1	-0.8996807
3e0de5e7	989ac161c116	-1.6240151
3e0de5e7	d5385f8f559d	-2.0509887
3e0de5e7	2f065136e414	-0.7531902
3e0de5e7	ac8a8f6d186e	-1.8649925
3e0de5e7	adc17edc32f0	-1.2184126
3e0de5e7	8efa4b7720a7	-1.2184126
3e0de5e7	0d951b3ff867	-0.050689235
3e0de5e7	7168c97a0df3	-0.1309256
3e0de5e7	c8a10402637e	-1.9282564
3e0de5e7	b208e5a26a68	-0.004262627
3e0de5e7	1c8c6761e047	-1.8643912
3e0de5e7	d558ed7245d8	-0.709741
3e0de5e7	6554151b067a	-1.8722771
3e0de5e7	413ab723efb6	-0.95494914
3e0de5e7	526e1f4f995b	-1.7802104
3e0de5e7	ef806b1dc5f4	-1.7802104
3e0de5e7	191aacac413c	-1.6788913
3e0de5e7	1b72ac277189	-1.916303
3e0de5e7	e7be3cd805f7	-1.8224185
3e0de5e7	d500b3fe6974	-1.6249931
3e0de5e7	9468d7057009	-1.3066787
3e0de5e7	13263e3a89d2	0.0943549
3e0de5e7	f8d356cd542a	-1.1242236
3e0de5e7	2e26d0b37959	-2.0483472
3e0de5e7	ec7a0f904af4	-1.1876944
3e0de5e7	1927affa3561	-1.1876944
3e0de5e7	852157daba96	0.00096084387
3e0de5e7	344c6e0d0b48	-1.5308927
3e0de5e7	e8c9b3119545	-1.5308927
3e0de5e7	25c5b108d104	-1.3342705
3e0de5e7	bf9416cbb99e	-1.2993528
3e0de5e7	9ee82976e73d	0.08932077
3e0de5e7	1290da1555cf	0.12974378
3e0de5e7	4bdfc3806eab	-0.6255884
3e0de5e7	8dd8072d035c	-0.17764871
3e0de5e7	57952d9c7f29	0.44846836
3e0de5e7	279debd3539d	-1.3737278
3e0de5e7	052ce2a488b0	-0.46832287
3e0de5e7	614d60a2838e	-0.27278927
3e0de5e7	6aed970f6029	-0.24915186
3e0de5e7	250fbedd7def	-0.56352776
3e0de5e7	027e172278a4	0.96294874
3e0de5e7	7ede28438f4b	0.12258216
3e0de5e7	af7f926ba0dc	0.28935316
3e0de5e7	9b7f661e0db0	-1.2490277
3e0de5e7	f7536508ea79	0.05136084
3e0de5e7	490a5f161277	0.838852
3e0de5e7	6cafd46fddca	0.104827784
3e0de5e7	5684c16c44d7	0.05610561
3e0de5e7	3bb839aecaa8	0.12663029
3e0de5e7	cf5ff71be33b	0.077908166
3e0de5e7	7db24363891c	0.1577557
3e0de5e7	162b125acef4	0.91314113
3e0de5e7	423efbf9beb9	-0.3944643
3e0de5e7	a0ded9d630a2	-0.15700434
3e0de5e7	d2ecb0ec75ef	-0.15700434
3e0de5e7	e8a75b67b7e7	-0.15700434
3e0de5e7	8971933fda4f	-0.15700434
3e0de5e7	b28694d4962b	-0.15700434
3e0de5e7	301db43c4a1c	-0.15700434
3e0de5e7	4137f826ddf1	-0.15700434
3e0de5e7	b512d553e6e1	0.05956042
3e0de5e7	efe2b01ab39e	0.12774695
3e0de5e7	e2b3dbcf52b6	-0.15700434
3e0de5e7	cfa6c8063c19	-0.15700434
3e0de5e7	ceae47a4841a	-0.15700434
3e0de5e7	cee0c137d427	-0.15700434
3e0de5e7	81c6d6fafe18	0.12558109
3e0de5e7	9d3d3fb5cc96	0.16843718
3e0de5e7	793c67e02da9	0.11971504
3e0de5e7	08406a297673	0.17430323
3e0de5e7	7d690ba9801b	0.12558109
3e0de5e7	4ca50b4d29e7	0.33532134
3e0de5e7	2a3b5461090a	0.40049246
3e0de5e7	622dd40427bc	0.33532134
3e0de5e7	391f04c4b72b	-0.5476185
3e0de5e7	2ef39145d0c9	0.26832125
3e0de5e7	3baaf399cc37	0.3340186
3e0de5e7	11d0b29f8944	0.33532134
3e0de5e7	e66481f42623	0.0054010265
3e0de5e7	e4d37dffbc95	0.11409709
3e0de5e7	e1c6bff87ae6	0.5769597
3e0de5e7	bd0082decce1	-0.37888741
3e0de5e7	fbdb258b1138	0.14973332
3e0de5e7	421f9d2ed150	-1.0646957
3e0de5e7	bb8bb8fc82c8	0.14973332
3e0de5e7	58544a3abcd2	-1.4658353
3e0de5e7	490ea822d706	0.19508058
3e0de5e7	83f0d52c73f9	0.43723932
3e0de5e7	690d7ccac640	-1.6573172
3e0de5e7	d9521d2a674b	-0.77392906
8317e464	424bbfe3c324	0.6932723
8317e464	e94264f66b6c	-0.22692741
8317e464	679e8beec116	0.068838075
8317e464	cfea51e3c233	-0.9079993
8317e464	b6feb4a1b7a2	0.012573615
8317e464	b13278439b70	-0.5875602
8317e464	4e2bdb9b13d9	0.22026333
8317e464	609e1928565f	-0.8735861
8317e464	1dc391fc80b4	0.20391412
8317e464	daf6686b715b	-0.39754575
8317e464	6bb23d82222f	0.4534617
8317e464	1fce514275f6	0.4145057
8317e464	ec443919a239	0.5039188
8317e464	46eaafa52bb9	-0.47934696
8317e464	8674136f935a	0.7881359
8317e464	8562cd75f0b2	0.38096556
8317e464	18e43f8d35d4	0.5773877
8317e464	b60b55992a69	0.4985501
8317e464	f856955db050	-0.9815903
8317e464	4bb70d7252fd	0.38938007
8317e464	edb34a223a83	0.45557788
8317e464	0647fd363d2a	0.046494126
8317e464	cceb8bd6ba5c	0.5119874
8317e464	a83c0e14bb27	0.64907503
8317e464	ce32cbac293b	0.34373453
8317e464	c04354022973	0.7470649
8317e464	ccf7ff9a4195	-0.7707393
8317e464	0a0796c0e41c	0.37916043
8317e464	3bf15b418fac	1.1102505
8317e464	171317ad98c5	1.137788
8317e464	5d285e64875c	0.32226834
8317e464	ac3651aa738c	0.83109015
8317e464	a41f7755f9a4	0.4152247
8317e464	fd0da360a6f1	0.48650435
8317e464	822e255c2f5b	0.8731115
8317e464	a4f8cc0b8aea	0.86389655
8317e464	1df3ac7789ed	0.6885608
8317e464	3eae74397d9b	0.6885608
8317e464	91274de5973f	0.7268302
8317e464	3904d9132f52	0.55864763
5090c225	93cefec12b2c	-2.5527396
5090c225	a3fd1b0df24a	-1.3039075
5090c225	a9da63285389	-1.3039075
5090c225	6b58fbc59aeb	-1.3039075
5090c225	b376f054e74d	-0.75917286
5090c225	14a5ec87a277	-0.6330746
5090c225	2fcd695a66c8	-0.8321611
5090c225	f2deb99c8c40	-0.7387544
5090c225	17776a8d66e1	-2.2332993
5090c225	1971f29ea6fd	-0.8353699
5090c225	aeb3fc4460ce	-1.0019972
5090c225	04a3d539c5de	-1.525557
5090c225	b4bdb83f39b1	-1.525557
5090c225	e44cbd606cc5	-1.4581573
5090c225	b67299c11882	-1.8938307
5090c225	603ffe68ce78	-0.7882095
5090c225	25c901f2b1fb	-1.3752452
5090c225	56f2b038fbc7	-0.5973571
5090c225	4e0bc67de58e	-1.491457
5090c225	540c8fc9e40a	-0.7474513
5090c225	243e7e69a26d	-1.6131991
5090c225	e038bb813ccf	-1.6223497
5090c225	319ca8a653c4	-1.0435421
5090c225	69cb59ebbe43	-1.3883986
5090c225	7b87f406da94	-1.2303815
5090c225	929c957c9264	-0.4882265
5090c225	20327d2de382	-0.6833685
5090c225	96652c985fdc	-0.6172965
5090c225	7cbfe4d4cd4d	-0.51507366
5090c225	b9c72572a515	-1.1031872
5090c225	3846cf988c94	-0.7934619
5090c225	59af489ed310	-1.2885969
5090c225	709aadc1c356	-1.1905203
5090c225	2b2fc936e74c	-0.3406199
5090c225	7d925c4d2dd7	-0.3611909
5090c225	33dbc7480ab4	-0.60193545
5090c225	6a3d27daab02	-0.6799171
5090c225	bc077cd3e652	-0.6799171
5090c225	a70dafbd4c88	0.6754558
5090c225	9855bdc68706	-0.60003245
5090c225	02bec2340470	-0.8284149
5090c225	ea0e6df6b54c	-0.87394524
5090c225	a1f340192470	-0.87394524
5090c225	fa0f112a7d8a	-0.3807114
5090c225	20096f9b90fa	-0.79014367
5090c225	484596006e15	-0.093511604
5090c225	06faeaf9f5e0	-0.8647823
5090c225	8fb38299f64c	0.1039402
5090c225	144371722ba6	-0.6247059
5090c225	8eaf65f3e2cf	-0.040393867
5090c225	7f39e2ed0966	-0.83917654
5090c225	9d07ec4a28cd	-0.15651472
5090c225	09059f92b7aa	-0.41063753
5090c225	ce28a57d8ff0	1.0281044
5090c225	cda5d2edb2d5	-0.6379242
5090c225	e6a27b31bc17	-0.5586373
5090c225	a781ccb48102	-0.5586373
5090c225	69aae0192366	-0.51085246
5090c225	4475e1cad272	-0.041683286
5090c225	6462b2812ea7	0.6324516
5090c225	e69ee0dbed1b	-0.124469094
ed5ca610	93cefec12b2c	-2.5527396
ed5ca610	d2b396b71268	-1.4228566
ed5ca610	ade67ca5f821	-0.7924279
ed5ca610	8f7e7b2fabda	-1.1334774
ed5ca610	ad80499b3e7d	-1.272683
ed5ca610	25ecc761c39e	-0.7886812
ed5ca610	aed0c1615421	0.1802095
ed5ca610	3f529a64b216	-1.0849215
ed5ca610	378e6487ed6a	-0.96520245
ed5ca610	acc5d963699d	0.404463
ed5ca610	e0b3da96464d	-0.9417682
ed5ca610	6c24cbc1a1f1	-0.9646996
ed5ca610	b62f578ddc44	-0.74229336
ed5ca610	f107cfe4396d	-0.6975455
ed5ca610	3fb976401631	-0.747903
ed5ca610	e491f909c65f	-0.3657885
ed5ca610	74ea35516d0f	-0.61307836
ed5ca610	ce04476314ae	-0.77997035
ed5ca610	e8d6f239ae11	-0.8984723
ed5ca610	55730a750997	0.2573854
ed5ca610	6f2a96480156	-0.7723086
ed5ca610	29dddaafc148	0.43497226
ed5ca610	69fde7687cd0	-0.61733097
ed5ca610	fd3cb9f055e3	-0.9125768
ed5ca610	b9cc1af50e8c	-0.92829627
ed5ca610	df3c2772e2c0	-0.47692108
ed5ca610	adede305d1e6	-1.1120855
ed5ca610	0ad55bdf2343	0.38479295
ed5ca610	3ec385874bc2	-0.7721975
ed5ca610	ccee73cbfde7	-0.8099523
ed5ca610	a7bba473fb46	0.5516415
ed5ca610	d4f1dee76f40	-0.6360401
ed5ca610	c4b33f46afaa	0.4289703
ed5ca610	56244bbccf9b	-0.5765673
ed5ca610	29e1a25dd5f4	-0.5765673
ed5ca610	1171212ddb8a	-0.6550618
ed5ca610	8a756a973ba6	-0.6550618
ed5ca610	a1a983b1dc41	0.755775
ed5ca610	6cbc83daddee	-0.909527
ed5ca610	ce58980274a3	-0.58415395
29838a8d	93cefec12b2c	-2.5527396
29838a8d	3d3cd855c2be	-0.95358515
29838a8d	8b145a787412	-0.7615295
29838a8d	a9d567dbd150	-0.9744333
29838a8d	8f9f0e2541aa	-0.45437735
29838a8d	d8662b5486fd	-1.4374053
29838a8d	e93db71df59a	-0.28466532
29838a8d	60aadbdc041b	-0.5586413
29838a8d	ac8b963b2fd3	-1.2627891
29838a8d	30aa31474da5	-0.8022427
29838a8d	cf291b515e38	0.30359352
29838a8d	4b28b70df7a9	0.028523048
29838a8d	7d5be845fbea	-0.43753263
29838a8d	0ebe3e8312c3	-1.0253122
29838a8d	0d4fe3424595	-0.870161
29838a8d	6fa7a1001105	-0.6035966
29838a8d	ebb27812a7ea	-0.11020697
29838a8d	7b31d81ef2d0	-1.2744544
29838a8d	be80736eccf8	0.34015927
29838a8d	d6d82419d50b	0.26675388
29838a8d	812881d48fdb	0.7348679
29838a8d	6b2e1088354f	-0.598887
29838a8d	061a86e48f58	0.6061087
29838a8d	842cba00a7a0	0.27460304
29838a8d	96a017b43182	0.81779087
29838a8d	02b69a0000b8	0.018474413
29838a8d	ac927188c492	1.0043287
29838a8d	3c4dbdd44de2	0.56111765
29838a8d	d98b0b7f37cb	-0.38301182
29838a8d	ccce81f928f5	0.6578203
29838a8d	4738c8462b97	-0.69536406
29838a8d	44b6239a8ad4	0.24677108
29838a8d	e6154e443071	0.3848627
29838a8d	40752772ad79	-0.6381523
29838a8d	be9644af76f4	0.023299722
29838a8d	97d769f72a06	-0.0014470348
29838a8d	3d6aeb7709de	-0.14811862
29838a8d	a397b81e0c39	-0.19397813
29838a8d	9a7811f967b4	0.37129143
29838a8d	a74c63875ee8	-0.3281664
89ec773d	93cefec12b2c	-2.6198962
89ec773d	fb312729ff8c	-0.9880082
89ec773d	03a5342d87af	-1.2163541
89ec773d	4a9c90e559d3	-1.6431265
89ec773d	56aaf1ed7b59	-1.1091896
89ec773d	513ec69c7429	-0.53046435
89ec773d	8ec636b0cade	-0.52008003
89ec773d	097f4eda909e	-0.84583503
89ec773d	24c9be8ed43d	-0.7068799
89ec773d	e8f825330d60	-0.7055342
89ec773d	ef508700be97	-0.4717986
89ec773d	700a6cc283a0	-0.14799242
89ec773d	78285628e2b4	-0.013007563
89ec773d	963711ee5e1a	0.29707286
89ec773d	752882ea813c	0.24237996
89ec773d	4fb7d724c364	0.26575825
89ec773d	23381d91f857	0.28521666
89ec773d	b1d78b958e5a	0.70866334
89ec773d	3531e38c1192	0.5372209
89ec773d	2fa24672ef38	0.52233475
89ec773d	9c73e1093bf5	0.26242766
89ec773d	ac00ac221cae	0.9957504
89ec773d	f5546ec91727	0.4524622
89ec773d	15f4dc3ddae5	0.52357465
89ec773d	d7540e0450e4	0.24888992
89ec773d	268ae3c84c66	1.4313147
89ec773d	96b747542cbc	0.63143224
89ec773d	7db8505ba716	0.9407527
89ec773d	ed9566584d77	1.0020009
89ec773d	84de5a8eda4f	0.8826699
89ec773d	b88b13eb0f8c	0.24564983
89ec773d	45b880d98800	-0.72267896
89ec773d	0c68080358cf	0.46357277
89ec773d	9dcbbd1adfe0	-0.51284826
89ec773d	b3bc6633d860	-0.2945794
89ec773d	7ddd918a89d5	-0.77605444
89ec773d	3fc3427c7a33	-0.28833145
89ec773d	cac51077793c	-0.58457905
89ec773d	d5b1045c320c	0.57003134
89ec773d	ad94dd5f05a5	-0.29527038
728cc7df	93cefec12b2c	-2.6872187
728cc7df	48041fa45bee	0.72523665
728cc7df	976e91761e7f	-0.03525109
728cc7df	a854a8ac351c	0.3249909
728cc7df	75637eaaab49	0.6624928
728cc7df	ca56864808b8	0.6624928
728cc7df	c8e80d9222a0	0.7965009
728cc7df	8b5a7b638632	0.80842024
728cc7df	6496ecbd08c9	0.06119012
728cc7df	ca89e9deb5c9	-0.027996538
728cc7df	bed4a97e9ecb	0.72384423
728cc7df	fdcad0ed2a89	0.9111974
728cc7df	671ece13dc28	0.80082124
728cc7df	7cd8a5161d21	-0.15151836
728cc7df	fb069e51166f	0.674021
728cc7df	a791489317e8	0.30724028
728cc7df	e47e59ac0ba8	0.96450937
728cc7df	bcb7cdaf0670	1.17435
728cc7df	f7ffa6233d7e	0.44766203
728cc7df	136e290630b7	0.80887353
728cc7df	1c794438300a	0.26918557
728cc7df	ba4ebb95114b	-1.0731585
728cc7df	b042a4a7de91	-0.18153213
728cc7df	57f1f53d9bec	0.83509696
728cc7df	d50824e52bae	0.9656185
728cc7df	1b31477b6f64	0.254679
728cc7df	5bb856088210	0.8189947
728cc7df	40d345971647	0.96828806
728cc7df	1f049154969c	0.8461267
728cc7df	bbc8d06b1167	1.0894928
728cc7df	8317600dd6ba	0.57187665
728cc7df	a4ec6ec4c874	0.23554479
728cc7df	5198d2d60f54	0.9886669
728cc7df	800da7489d47	0.9905897
728cc7df	97daa6829bcf	0.68444604
728cc7df	139cb67d523b	1.3734285
728cc7df	3d61a0767e29	0.4781218
728cc7df	afa18f5c3f52	0.55395496
728cc7df	9f532145a922	0.5784463
728cc7df	943850b43b4a	1.0338502
846a9381	93cefec12b2c	-2.526798
846a9381	f6fe841276fd	-1.6849004
846a9381	8b3371aed0a2	-1.1965194
846a9381	69d3650deeb3	-1.6480964
846a9381	4e871420fa49	-0.88319266
846a9381	35e65cda60b2	-1.4204379
846a9381	daa39ddf3c86	-1.7666895
846a9381	8fc53d024b13	-0.7452267
846a9381	7d3b6d20974f	-1.6818545
846a9381	fda52d7823b7	-1.2106117
846a9381	d603fd8e50af	-1.1593707
846a9381	d81699a051ac	-1.2258017
846a9381	68293fca78bb	-0.88997126
846a9381	4182f44cd87e	-1.4088864
846a9381	f253920e8318	-0.4548232
846a9381	328c4d085bdb	-0.79234946
846a9381	9a2ee981d897	-0.79551107
846a9381	a720f455f728	-0.43302557
846a9381	a876d7f73daa	0.1440052
846a9381	bbe7b21e4f23	-0.1021888
846a9381	cbe92ee1c13e	-0.052751184
846a9381	d6fbee7122e5	0.0772792
846a9381	9fba1e21998f	0.0095558725
846a9381	30e6da0bf0a1	0.44503975
846a9381	e35e6da560a0	-0.42808023
846a9381	8c17e6e32dfc	-0.41435567
846a9381	e53237860b8e	-0.30634326
846a9381	f5295d20ff1d	-0.84060895
846a9381	789437dee36c	-0.6178095
846a9381	de7e90fec739	1.1333075
846a9381	e52e2e1af78e	-0.5092805
846a9381	aa0ead8f99bc	0.05121032
846a9381	e7e398d83c64	0.22125736
846a9381	1d6c2bbfdc0d	0.21689346
846a9381	9222952ce722	-0.43195376
846a9381	9e8d60a53982	0.47166082
846a9381	f033fe4ac6a8	-0.24432744
846a9381	a654f3d24668	0.19059119
846a9381	f0b05cedca32	-0.37158826
846a9381	88384e00b7cb	-0.68962526
532de107	d9c99a58d7fa	-0.9696369
532de107	df6cfa6a4f39	-0.7266692
532de107	de860656e791	-1.184989
532de107	d30ae6e111fb	-1.2846243
532de107	49262f050e20	-0.94105345
532de107	b5fed1c50893	-1.108948
532de107	1ea316ca34fe	-1.4761742
532de107	51050d7d13c8	-0.39706293
532de107	ca82db97f521	-0.19734722
532de107	1f6cce1684c3	-1.1825018
532de107	0caf08e52172	-1.4029263
532de107	fccbfc075397	-0.6599538
532de107	dea749b2fb59	-0.9599414
532de107	b71daa14ae19	-0.25832906
532de107	075c6601e502	-0.8934454
532de107	b6fa1d1f42ba	-1.3795301
532de107	b3c53bb79d7c	-1.1281388
532de107	418fa25739a9	-1.1734163
532de107	ae452a11b3a1	-0.2180645
532de107	1b5f2f83fad5	-0.9681122
532de107	9602bfc59744	-0.9681122
532de107	fee921eb3c92	-0.59146935
532de107	962bf00b45b6	0.09537989
532de107	563a5e22afef	0.0104958145
532de107	2d3ee240bf37	-0.6578603
532de107	413da2415cf1	-0.6578603
532de107	dcbb5e358c7e	-0.094861835
532de107	b2fa54164da6	-0.34457228
532de107	f2349cf076ff	-0.40580752
532de107	ed42d3f1b013	0.63571894
532de107	69df4fdad9b2	-1.6490878
532de107	93c78b8d0d56	0.5030174
532de107	91168fa9b39f	-0.09134569
532de107	4c713b4c28f8	-0.8434355
532de107	9fda0d2f8895	-0.76679164
532de107	99db75ff5a7a	-0.7148269
532de107	24cfe4381aed	-0.14899847
532de107	db6bebafde04	-1.1572552
532de107	842e426a22fb	-0.9397428
532de107	5ca3ea57548e	-0.83885354
021b0c88	93cefec12b2c	-2.5446842
021b0c88	344ccea076a0	-1.4898473
021b0c88	9a6b5fa3d1a2	-1.4898473
021b0c88	622d7f8d60e9	-0.9822953
021b0c88	016bb24af586	-1.0990158
021b0c88	08a220edd092	-0.26546845
021b0c88	3ec24af939f1	-0.045621656
021b0c88	3a4de4b99e22	0.4176012
021b0c88	13dd88cb37b7	0.3560552
021b0c88	4c1d3415a09f	-0.63636476
021b0c88	489d79560e74	-0.67429113
021b0c88	d8bd89362e8c	-1.8297536
021b0c88	90f5176f5253	-0.60009587
021b0c88	3ca58aa0f051	-0.47531986
021b0c88	3daf43d496ce	-0.8732892
021b0c88	a8c269e63545	0.7288676
021b0c88	64ef8d210c0f	1.3003619
021b0c88	0a18411de2b8	-0.53428507
021b0c88	a2fb7fbf7e9e	-0.32185808
021b0c88	517f6169ac65	-0.8119378
021b0c88	ca9d34ae7674	0.8143246
021b0c88	d4a5ae90e514	-0.7582791
021b0c88	eb2bd6954fcc	-0.5117123
021b0c88	3c9db4bb6359	-0.34970978
021b0c88	1126e91d69ee	-0.24048403
021b0c88	99a86b76d14e	0.49757397
021b0c88	0d674f488c96	-0.44879177
021b0c88	8f4d60a93fa4	-0.44931075
021b0c88	331071bcdd5e	-0.37276086
021b0c88	bb5a2845c291	-0.3151134
021b0c88	17ecaaf7e30c	-0.08618878
021b0c88	5f3a97fb2c31	-0.29997283
021b0c88	78e0656e9a9a	0.8861974
021b0c88	84739a419c9d	0.6182687
021b0c88	0fbe939d07f6	0.4414973
021b0c88	3b5d129e7503	0.49981442
021b0c88	df02a5d71d57	-0.15544784
021b0c88	0f1bc7b0d83e	0.30871
021b0c88	6d9839bbc489	0.06303186
021b0c88	f47e864023df	0.4492987
4ad25403	b21a40363081	-1.537073
4ad25403	93cefec12b2c	-2.6198962
4ad25403	3a74b945cc0d	-1.3411264
4ad25403	1685658160b9	-2.3051794
4ad25403	a5cec5109132	-2.1996894
4ad25403	863a7d8ca233	-2.1952534
4ad25403	0914c57555c6	-0.93890923
4ad25403	9789e48cbe04	-2.1604128
4ad25403	e285c0f6be2f	-1.0238332
4ad25403	59f7eadc6586	0.2919551
4ad25403	ccc1d9d3c868	-0.670374
4ad25403	c13158fdf3a3	0.7883519
4ad25403	967150e9cc3e	0.5937643
4ad25403	9b226017e972	0.35845426
4ad25403	bd48b85cd3b8	-0.13654508
4ad25403	f081454b3454	-0.13654508
4ad25403	e7ee278dc3e1	0.035226263
4ad25403	b426c4241a67	0.5175019
4ad25403	14540f7e5321	0.45579466
4ad25403	dc804a6d3bc4	0.5669042
4ad25403	336779d8035c	0.80632824
4ad25403	d76c876f3980	0.7287065
4ad25403	4c905952a705	0.95697355
4ad25403	f9d5aebf9abf	-0.5468334
4ad25403	1d14952d5704	-0.35682583
4ad25403	c499194fc4d0	0.7513397
4ad25403	10681a7ac59f	-0.22058867
4ad25403	cecccaa952c0	1.343409
4ad25403	de78b6111b80	-0.5717067
4ad25403	67924c5a5100	0.435531
4ad25403	dcbf872d7926	1.505128
4ad25403	17eb77e91ab7	0.34603778
4ad25403	03531a3ccf1d	0.3143225
4ad25403	2a3571720723	0.38434014
4ad25403	fb6aeef2649a	0.38411924
4ad25403	599e3eeed26b	0.0691189
4ad25403	c53d439ef4d6	0.51091796
4ad25403	02598ef1ac0e	0.043654628
4ad25403	20a31259c8ed	-0.83886164
4ad25403	869f803e12f3	0.19786637
7e7dae92	93cefec12b2c	-2.5151157
7e7dae92	ce7d372c09c7	-2.0278223
7e7dae92	df41b5562e08	-1.2914152
7e7dae92	2152d2affa7a	-0.6408488
7e7dae92	55aa55723b9b	-0.3062044
7e7dae92	05c684c1452b	0.32433093
7e7dae92	bbb4600177f3	-0.09293634
7e7dae92	0308d06ea518	0.5607063
7e7dae92	32ed5355adc7	-1.2319138
7e7dae92	878f8965bc96	0.18313283
7e7dae92	eda799806f48	0.13735078
7e7dae92	439b7c4e8802	0.52001745
7e7dae92	162e0a383459	0.5585883
7e7dae92	15c0e3df0c5d	1.0488935
7e7dae92	7197e5348553	1.0653288
7e7dae92	f94ecdb793e8	-0.1294206
7e7dae92	7c09b28c04b3	-0.0033992163
7e7dae92	bba6ac12b361	-0.7659083
7e7dae92	2fe51f05c209	0.31159207
7e7dae92	16a0d0e4e5e8	0.9416536
7e7dae92	4e8688d2b698	0.36358455
7e7dae92	967d8ef5a755	1.3042724
7e7dae92	4b77150aa5ba	0.23814881
7e7dae92	2f5515908fdf	0.7689051
7e7dae92	34dd2de5b59b	-1.2957401
7e7dae92	45119638db02	0.51743156
7e7dae92	203549af3cf0	0.34989402
7e7dae92	7fa85c9aa01d	0.40667143
7e7dae92	a8e67222587b	0.6327541
7e7dae92	21353f589cb6	-0.98955387
7e7dae92	dcaff87745dc	0.22889209
7e7dae92	4f2aec092a89	0.22889209
7e7dae92	3019aed10c2f	-0.941889
7e7dae92	5f20eb5e0afc	-1.0117135
7e7dae92	57d298825b43	-0.8897945
7e7dae92	c5a1bdccddfe	-1.1744417
7e7dae92	d9dfdbd86bb6	0.43422776
7e7dae92	45d0d74e862b	-0.34967372
7e7dae92	c4d918b28449	-1.1062301
7e7dae92	c97ce37144f7	-0.10871119
95ff4e43	895f06a5e5cb	-0.9889669
95ff4e43	442e3bcb7f44	0.14014341
95ff4e43	34f33dd7d4fb	-0.33725286
95ff4e43	f5ffc8e8625a	-0.023602784
95ff4e43	ec0b067fcd62	-1.5437336
95ff4e43	b64450d779e2	0.7107091
95ff4e43	0da0051c67d9	-0.022664825
95ff4e43	1dfb21f2827d	1.337715
95ff4e43	ee27c434fa20	1.4404216
95ff4e43	9a4b50615f94	1.0231061
95ff4e43	6b60ac99f378	0.45975026
95ff4e43	a32aaa6d77ed	0.9193618
95ff4e43	86a8879366ee	0.5083185
95ff4e43	4a167dc284da	0.8940031
95ff4e43	2fb544af0b93	0.3675895
95ff4e43	6408a3cb7b5d	0.81117624
95ff4e43	a6520d05564a	0.9683873
95ff4e43	0fd83e5edd2d	0.9415736
95ff4e43	3734c9f7bbcb	0.5779857
95ff4e43	628b9139dffa	0.7890963
95ff4e43	75aa4c501bef	0.95167476
95ff4e43	5e5081102d23	1.1045122
95ff4e43	74ff30bf9b78	0.9921981
95ff4e43	19645f9d0aad	1.6272485
95ff4e43	f128afe7256b	1.606547
95ff4e43	412a1488d219	1.3486298
95ff4e43	9acf334e0c94	1.8576871
95ff4e43	2e6fd32c0055	0.81383926
95ff4e43	321061d97b2c	0.6119196
95ff4e43	1cfcd73314fa	1.0001411
95ff4e43	74b51267fde1	0.9578392
95ff4e43	6aff894c77c2	0.9214779
95ff4e43	24cd313e5333	-0.49365056
95ff4e43	11ae40820d30	0.9913308
95ff4e43	daef3f5203ce	1.0019076
95ff4e43	7a094ea88419	0.983904
95ff4e43	288737a386ee	0.75598097
95ff4e43	5e0b747b1d52	0.591748
95ff4e43	6a37168847e9	0.6776657
95ff4e43	add9481ddc97	0.6353637
54b646c4	f23bb493c327	-1.1039426
54b646c4	0fc792796f7c	-0.7824826
54b646c4	88e3025252fc	1.0842983
54b646c4	860936414327	-0.7264502
54b646c4	d0efef5df0e4	-0.7264502
54b646c4	1f8fad3478b6	-0.74118125
54b646c4	7779a7a24aa0	-0.74118125
54b646c4	8985319ecd69	-0.74118125
54b646c4	722cabedbe67	-1.2937573
54b646c4	1f605364ac68	-0.74118125
54b646c4	12a9ce83434f	-0.74118125
54b646c4	20335357388a	-1.2937573
54b646c4	25386bcbd0f7	-1.2937573
54b646c4	4543ffafdf49	-1.2937573
54b646c4	65614503b65f	-1.2937573
54b646c4	a778ac79f415	0.41840145
54b646c4	7c924070d1be	0.116237655
54b646c4	ef29eabe27c4	-1.1815776
54b646c4	f54bd74fe845	-0.9900618
54b646c4	c7403e31324a	-0.20523892
54b646c4	ca32fc33b0a1	-0.94325006
54b646c4	f38d35307b07	-0.7522156
54b646c4	0dce8903fde4	-0.74004287
54b646c4	a7da847ed3b0	0.08488275
54b646c4	0cddeb345597	-0.78014266
54b646c4	dd5e2d212a22	-0.85679626
54b646c4	0d76a7c50f46	-0.85679626
54b646c4	27c95f04d61d	-0.6677935
54b646c4	8a3bcdaf0b89	-0.6677935
54b646c4	9be7c9b0c886	-1.2747387
54b646c4	e971e458c234	-1.3345752
54b646c4	f825c25cd80d	-1.3345752
54b646c4	b31951bd9b41	-1.3345752
54b646c4	e457697900e1	-1.2747387
54b646c4	3e18ba2755ae	-1.2747387
54b646c4	d18e087d9a96	-1.2747387
54b646c4	2bf221ee7f0f	-1.1536474
54b646c4	b2def3cd75cb	-1.1536474
54b646c4	fb597982e22c	-1.1536474
54b646c4	461799fad374	-1.1536474
aa22fbe8	404a6dfc0a5e	-1.041642
aa22fbe8	f72a51cb22cc	-1.471534
aa22fbe8	7049c5ee0da4	-1.1251017
aa22fbe8	65de77f67b2a	-0.7642957
aa22fbe8	48f207ad3911	-0.8416374
aa22fbe8	ece288eb4633	-0.7087261
aa22fbe8	4e5a60dcdbb2	-0.18314756
aa22fbe8	4cde7982afb7	-0.51980126
aa22fbe8	bfaf39aaff1f	-0.029618489
aa22fbe8	59524ec4f968	-0.68048126
aa22fbe8	ac3d44cac927	-0.5736657
aa22fbe8	ce91b30d003c	-0.2838932
aa22fbe8	e0eef85be401	0.076889075
aa22fbe8	8758a050f48b	-0.69653976
aa22fbe8	5494ff8a1630	-0.14355038
aa22fbe8	e83ae661ca59	-0.242147
aa22fbe8	fa511bc34a67	-0.21483833
aa22fbe8	e2e0810eb151	-0.178905
aa22fbe8	c26f08bf0858	0.010994978
aa22fbe8	708d8b3fa7a6	-0.40027422
aa22fbe8	083ec239d434	-0.691281
aa22fbe8	04815be0bee3	0.66817665
aa22fbe8	1edac263527d	-0.4057159
aa22fbe8	267c1091348d	0.14449407
aa22fbe8	8eb0e1486fa5	-0.34194258
aa22fbe8	cf229fa8e834	0.0015521204
aa22fbe8	81ae24093cd9	-0.30524275
aa22fbe8	92f15137168a	-0.14063415
aa22fbe8	d4e70a2e558c	0.67847747
aa22fbe8	f8f1fa046a0c	-0.1389216
aa22fbe8	4aca3420dee3	-0.2012481
aa22fbe8	ffd363376980	0.35388562
aa22fbe8	4400b90c5ee5	-0.69618356
aa22fbe8	62e6be050db0	0.56077427
aa22fbe8	c160306ee372	-0.16789559
aa22fbe8	6c9af7a9ab3a	0.19864787
aa22fbe8	9e7f24033c3d	0.3011115
aa22fbe8	259804952536	0.30415234
aa22fbe8	fbe11a748918	-0.19254895
aa22fbe8	238f4a0bef0a	-0.21018581
44d19926	80d27a60c92a	-0.92058486
44d19926	d73e77bc565f	-0.9370581
44d19926	cc492b774a00	-0.8303065
44d19926	f80daf7a6bd9	0.05768182
44d19926	cda8988363d0	-0.80228883
44d19926	a4cd459f25e9	-0.5224185
44d19926	4ad0768bfe1d	-0.37088764
44d19926	ce43dfd64e87	0.8333165
44d19926	c3830ec8f3d6	-0.11102029
44d19926	85df2176e4f3	-0.44675836
44d19926	32a7c7f43d9c	0.38967386
44d19926	9648560b5ece	0.13822286
44d19926	b5d6f09e43fa	0.404713
44d19926	ec88f8a9e725	0.5965952
44d19926	2df88cc34b16	0.24685872
44d19926	ee6415cfd2d6	0.56751347
44d19926	6baa732f7a6a	0.33528444
44d19926	18c743922fc1	-1.1670324
44d19926	e67d8e71d481	0.178107
44d19926	78872aa0a482	0.04613134
44d19926	a25b5038a557	0.42173854
44d19926	460fd2a11fe0	0.41078463
44d19926	b7d12c7c7c90	0.24015418
44d19926	cee240978a44	0.3103623
44d19926	f241fc9df7e6	0.32352552
44d19926	a1b7719ffd8d	0.5088382
44d19926	0aaceb324f02	0.92464256
44d19926	f0714a32933e	0.27676424
44d19926	3ba88dbf9302	0.6684928
44d19926	f6e5c30185e0	-0.43178847
44d19926	0483e6acb7a0	-0.01751254
44d19926	b6cf48233e4d	0.14050451
44d19926	ba066dc12fbb	0.26124066
44d19926	832e2c4418d9	0.084725894
44d19926	87af4384b5b6	0.14050451
44d19926	43c49cd6e881	0.113857485
44d19926	2d867527b23c	0.07998068
44d19926	e54ce8a6cd2d	0.92070276
44d19926	3f0f6276817b	0.41774872
44d19926	25d71c886484	0.22353375
bfa87042	93cefec12b2c	-2.5013912
bfa87042	db438ca2529c	-2.0241308
bfa87042	ba1d2240c951	-0.99095476
bfa87042	d0b23fa3494d	-0.9299344
bfa87042	5b0f98f42346	-1.331189
bfa87042	a268e459d5a7	-1.3211136
bfa87042	ee8ccbbc8216	-1.2848566
bfa87042	6d0253a56d01	-0.4356128
bfa87042	7fb36aca90b5	-1.0677623
bfa87042	4edf4bb68674	-1.1392463
bfa87042	d2c25e6776e2	-0.6872168
bfa87042	abd2ae390405	-1.159877
bfa87042	40a9909c78f3	-0.59658885
bfa87042	fc9eb40a7527	-0.06184975
bfa87042	aba59fbff080	0.21932378
bfa87042	3ec14f420b91	-0.18851057
bfa87042	6d14b9aa7e24	-0.1699931
bfa87042	9c12a1e96c96	0.16269854
bfa87042	4d1302848c50	-0.5845405
bfa87042	0d69d6d6fc3e	-0.68695134
bfa87042	378aa6eaab60	-0.51486516
bfa87042	a4bc20dea5b7	-0.13666843
bfa87042	40aa602c5ee1	-0.5566378
bfa87042	24a1c2f315a3	-0.5832849
bfa87042	5392dc5aebd3	-0.09671982
bfa87042	3027558e6143	-0.34329453
bfa87042	875d14ba2228	-0.43546432
bfa87042	7901b00a480b	-0.14794397
bfa87042	60b97448a93c	-0.32508707
bfa87042	ee6c15bc8719	0.14595374
bfa87042	ff688f0671ed	0.11595335
bfa87042	6635a7cdcad9	0.6636247
bfa87042	8cf6f2742ce8	-0.24149996
bfa87042	33af3bd1877c	0.2220055
bfa87042	73e55eef2543	-0.4436406
bfa87042	6d4322f71992	0.9555622
bfa87042	4c22efb03900	0.9135886
bfa87042	c3d65143291a	-0.6391181
bfa87042	797e8bb05f27	-0.18612984
bfa87042	af4ffcd18bf4	-0.44080567
03205b68	edc68ba41040	-1.2940168
03205b68	2b804c3b983a	-1.058439
03205b68	9fc38150414e	-0.7570024
03205b68	0daafc66d95c	-0.82473934
03205b68	72ea48967bc7	-0.6650969
03205b68	5997554213b7	-0.6650969
03205b68	ce3393420c26	-0.1683598
03205b68	e0ce37114aa9	-0.81028736
03205b68	975fdd83ff09	-0.6675302
03205b68	a2e9a5ffcb6a	-0.42984444
03205b68	eab1cbce82e4	-0.42984444
03205b68	3f2c5ee2d28f	-0.29462108
03205b68	51321da45101	0.62605065
03205b68	a7ddda8704f7	-1.0394256
03205b68	4813b5a1d807	-0.6606708
03205b68	4b3ab2e5bc99	-0.6606708
03205b68	eed76f407ea1	-0.35048494
03205b68	00d880b0ec1c	-0.37417856
03205b68	c0277e165196	-0.35506722
03205b68	c311d4e289f0	-0.5091682
03205b68	d11da8ded1ca	-0.5345332
03205b68	001ad5442241	-0.5555568
03205b68	2cf9d11c765c	-0.49848184
03205b68	8d2d59b55c71	-0.6915485
03205b68	bbe927aa1791	-0.78441656
03205b68	0fc80d60a967	-0.6560174
03205b68	1d2d8a5e9d68	0.19868681
03205b68	e4fc20d17f36	-0.7663758
03205b68	d9e56a28587e	-0.701185
03205b68	ec24c1990db1	-0.8603422
03205b68	7afbd21e3a37	-0.20459157
03205b68	97b27c7a477e	-0.76368934
03205b68	0f3597467948	-0.76368934
03205b68	a416c6a68c2a	-0.6037962
03205b68	b8d60164f159	-0.78966796
03205b68	ff54d62cfcd2	-0.7988187
03205b68	7b07e109acb8	-1.2248726
03205b68	c6de1f3e9238	-0.94799
03205b68	6f4512ac1b1e	-0.8763701
03205b68	3850b9328c8c	-0.8532127
89919b90	49221a9dbaa5	-2.0159338
89919b90	b443df24c9bb	-2.0750663
89919b90	56d7cf21dddb	-2.0750663
89919b90	324170d7c970	-1.91322
89919b90	192a42b65d28	-1.939072
89919b90	cb0d907a92d0	-1.916997
89919b90	559778d5d208	-1.3248299
89919b90	10557e7ec928	-1.5360318
89919b90	7ec8036ffccc	-1.2745854
89919b90	317abbc88241	-1.1641765
89919b90	8204b362a478	-1.2690246
89919b90	8154b826d2d6	-1.2749022
89919b90	bf25f1288cb6	-1.5243952
89919b90	49b52c920844	-1.0138558
89919b90	82e250ca9ac7	-1.2662356
89919b90	f8547ec5a77f	-0.76543456
89919b90	8a4544a6dd50	-0.5059115
89919b90	0633abac8e69	-0.5768957
89919b90	22164e5ceacd	-0.8927427
89919b90	9bdd6fba7ec2	-1.0173582
89919b90	a47ca360d1c3	-0.91710037
89919b90	8c718c768143	-1.0690747
89919b90	58e063e16497	-0.5223279
89919b90	c1e2b5ab5a05	-0.94483286
89919b90	061e3b5563d3	-0.4612196
89919b90	9b3f96f183c2	-0.43481302
89919b90	f42a6898d0ad	0.90062916
89919b90	465b176a5255	-0.7422241
89919b90	27c4acd35703	-0.8840067
89919b90	b8c572925f44	-0.5415382
89919b90	06d74e342dce	-0.77403325
89919b90	840779141ee6	-1.062344
89919b90	ad46b91d2002	1.628603
89919b90	10ac6336d098	1.6649132
89919b90	c29f6b5eb70c	1.5139738
89919b90	6ce013f5a441	-0.6314006
89919b90	2a6439410697	-1.0757903
89919b90	3e02a598e83e	-0.6596659
89919b90	4f7ced2cc01e	0.22548546
89919b90	44dec5df4c28	-0.85060626
960b61b4	933e46725bc0	-1.6451628
960b61b4	df8ca21645a4	-1.6818597
960b61b4	ad08f9b00f90	-0.4478201
960b61b4	e2ea1d2ecaa6	0.17913876
960b61b4	e3882462e468	0.21656194
960b61b4	b97e7ba9420f	0.32849094
960b61b4	2c74fd2380fa	0.25794834
960b61b4	f691490a3daf	-1.0169185
960b61b4	4c2d9b4810f1	-1.0169185
960b61b4	3036304f10de	1.414417
960b61b4	8a0319da5a3d	1.3745788
960b61b4	7c4d9871b302	1.3521583
960b61b4	251f5460eb89	1.2318742
960b61b4	48690cb1659d	0.88108075
960b61b4	aa545283b337	0.8602423
960b61b4	cac3e8a27bb7	0.6020685
960b61b4	dfcbbeb1c2ac	1.072555
960b61b4	332562bc132e	1.072555
960b61b4	ad5bab285824	0.62899333
960b61b4	bdc35536f487	0.6681612
960b61b4	5fb234f19670	0.59118086
960b61b4	0a9c2d0683e1	0.6284598
960b61b4	1a20cedde256	0.6284598
960b61b4	cda6bc6a1821	0.38955328
960b61b4	d9cc47bf091b	0.729149
960b61b4	48812ebccd80	0.73849547
960b61b4	d10bcb6f6197	0.49854293
960b61b4	f07a63bc5af3	0.48002544
960b61b4	d03197afe3a4	0.59698266
960b61b4	7bb1902b057a	0.6003274
960b61b4	8e96ef233a01	0.7978937
960b61b4	648bbaf695f6	0.9522739
960b61b4	4c42bb1ebf88	0.55146253
960b61b4	c627de682bec	0.8389333
960b61b4	7365290beff6	0.8469911
960b61b4	b269c95ea3f7	0.78756946
960b61b4	d096ddfcc0a5	0.061286315
960b61b4	35a66bba5426	0.5420617
960b61b4	1d19ee648763	-0.18584856
960b61b4	a758e024ecaa	-0.35869855
63bfd9f5	93cefec12b2c	-2.458162
63bfd9f5	5c8a68355618	-0.888202
63bfd9f5	f103c037925e	-0.5658715
63bfd9f5	709952d6fa71	0.2598142
63bfd9f5	78682de6c47c	0.36859992
63bfd9f5	45190c9217b9	0.29196385
63bfd9f5	b9c3ae9f6580	-0.11754658
63bfd9f5	151a7d3c8ebc	0.1749289
63bfd9f5	ac33d010e70e	0.35950774
63bfd9f5	5d1b63e6dae7	0.2717833
63bfd9f5	b0a2a4b5e4e2	0.34047404
63bfd9f5	1012071ab06f	-0.5136495
63bfd9f5	d845b3c4a211	0.56051207
63bfd9f5	6c3f33a98832	0.50112987
63bfd9f5	c61c5bf4d38f	0.6554418
63bfd9f5	3fc92d028dd4	0.6048074
63bfd9f5	7734f1b28e91	0.68144345
63bfd9f5	b65867e28171	0.6472858
63bfd9f5	ebd8c280b6bd	0.63995117
63bfd9f5	fa2ea32cafeb	-0.56928146
63bfd9f5	c792f3bb468d	0.9844514
63bfd9f5	c0c3bd3cda5c	0.17892982
63bfd9f5	7ab910170933	-0.28238127
63bfd9f5	0315db92e7d8	0.04119262
63bfd9f5	88bbd29e5daa	0.6365529
63bfd9f5	024e61c36873	0.4306278
63bfd9f5	043c1b8b6c01	0.60583484
63bfd9f5	3d7aad02cee3	0.542541
63bfd9f5	94cad629a39d	0.50748116
63bfd9f5	dfad721e4d30	-0.47588715
63bfd9f5	f15568d5de9c	-0.16054374
63bfd9f5	21742ed3e014	0.014988785
63bfd9f5	900d0df25d70	-0.8206139
63bfd9f5	30edd85f6c16	0.2556511
63bfd9f5	c3dcd9c0f270	-0.9183124
63bfd9f5	3c7fdbaa53ef	0.51271003
63bfd9f5	a18415a2be74	-0.56099063
63bfd9f5	a3334146c2a6	0.295356
63bfd9f5	e06293932efe	-0.87545466
63bfd9f5	a8b72b735252	-0.0718201
0241951d	93cefec12b2c	-2.532016
0241951d	73634d3ef7b1	-1.0941886
0241951d	7e14ae983ecf	-1.394319
0241951d	84d0a02a527e	-1.7922887
0241951d	8027c2936193	-0.5755254
0241951d	40e324a4bcac	-0.21694198
0241951d	f447796531b5	-0.7894038
0241951d	024513c22de0	1.0832121
0241951d	3217f799fd9e	0.83263457
0241951d	8ceaf43c269b	0.53786844
0241951d	61cb1fe72b60	0.721761
0241951d	237468e409fe	1.0512688
0241951d	846cb9bcb475	-0.54732496
0241951d	8ed5c349e8d9	1.1172928
0241951d	38dcf7d28827	0.66100866
0241951d	258edbb34bb0	0.6900589
0241951d	c2dafa5a80dc	0.5792577
0241951d	80dbd2f2f67d	0.49435395
0241951d	751d3fb9d0a8	0.48984143
0241951d	3563c47ee9d4	-0.42453882
0241951d	577ec416b6ed	-0.8880943
0241951d	130243d04f4c	-0.0042644087
0241951d	17bb1512e1e8	-0.0042644087
0241951d	73b46a31eab5	0.09694951
0241951d	89868a9832ff	0.030707791
0241951d	b63583468757	-0.14053501
0241951d	3e069315bbfb	0.6987485
0241951d	26aadbf31a0a	-0.58882433
0241951d	0dc3abab2b45	-0.49799487
0241951d	621884efaa49	1.2772683
0241951d	7ad5a1eb5646	-0.62607956
0241951d	928d8df55cf9	0.91915274
0241951d	ed8fbabd5232	-0.4516996
0241951d	e4f004bbeaf6	0.7908584
0241951d	fdb8dade4a33	-0.8640062
0241951d	614d931cea52	-0.29134977
0241951d	8770c57963e5	0.24777687
0241951d	41f28d782f4b	0.5104515
0241951d	0bcaf6451a80	0.7532351
0241951d	3d996fcfbcd1	1.1343457
1e8e1e69	93cefec12b2c	-2.5527396
1e8e1e69	9f4275106418	-1.0311738
1e8e1e69	723d7bcf5fce	-1.1637304
1e8e1e69	103e84069202	-1.2349768
1e8e1e69	b8960a188bc0	-0.72644913
1e8e1e69	2e84f805f884	-1.1233008
1e8e1e69	1ea31dafcb71	0.47167745
1e8e1e69	e7bd6a0dff8b	-0.8093369
1e8e1e69	ed5c969df694	-0.82890195
1e8e1e69	58e8a2836af5	-0.8446366
1e8e1e69	9e3dd62fa00f	-0.7222209
1e8e1e69	c8ea5336e624	-0.38797942
1e8e1e69	9b8ec7a72fad	-0.342214
1e8e1e69	49e551dec2a8	-0.4912646
1e8e1e69	49572743cff2	-0.7029738
1e8e1e69	95d03db4ef91	-0.2140285
1e8e1e69	239a6887e566	0.2671418
1e8e1e69	63fec558bf0d	0.10746322
1e8e1e69	605843783948	0.042776637
1e8e1e69	892f7cdc4222	0.30925387
1e8e1e69	649c9a491a5d	-0.559155
1e8e1e69	58c514bd3b5e	0.5000379
1e8e1e69	dc2e822544c9	-0.74965113
1e8e1e69	64213610f486	0.70527697
1e8e1e69	d0b9449e04e9	0.5597349
1e8e1e69	30ed6f9cc392	-1.0227116
1e8e1e69	78c7a141f6e0	-1.0426211
1e8e1e69	a64e4571cbba	0.1601347
1e8e1e69	94cf69f986db	-0.03959564
1e8e1e69	7126fd6df9b0	0.043387383
1e8e1e69	8a906a47b68c	-0.0048523443
1e8e1e69	684bd92eb9d9	-0.70954555
1e8e1e69	2c2bf4529ff2	-0.9417827
1e8e1e69	f050c152cae2	0.91715413
1e8e1e69	afb227e20206	0.06716106
1e8e1e69	5d533a6b2947	-0.42020085
1e8e1e69	bae98ac004c3	0.10000449
1e8e1e69	418da27bf4f7	-0.39317
1e8e1e69	d6563aa0eaeb	-0.5523828
1e8e1e69	aad900c989f7	-0.14162001
138dd319	b7bf1de660f3	-2.2245262
138dd319	c83cf8c4bbf7	-1.3708
138dd319	c444297e3427	-1.0929195
138dd319	4846b87d0116	-0.9056769
138dd319	12257b6b56a8	-0.8110108
138dd319	bcfa861ce16f	-0.7764003
138dd319	44943747fb05	-0.37845737
138dd319	b49153ed074b	-0.8052317
138dd319	6925ebfd84ae	-0.504952
138dd319	2ecb516cf36e	-1.1911061
138dd319	623d9eb39fb8	-0.5375826
138dd319	63472d6da5f2	-0.55534244
138dd319	056b6c495771	-0.6185392
138dd319	b771445dd7e6	-0.31633565
138dd319	8cc922890fba	-0.26566604
138dd319	d3932bef78bd	-0.17786708
138dd319	08ce73a2f5b2	-0.0937731
138dd319	f2565cb8b20d	-0.33445483
138dd319	a941ab825f66	-0.53597337
138dd319	d2d1fbbd18ed	-0.17422698
138dd319	2e898d6c9fc2	-0.47543246
138dd319	8de9767042dd	-0.66981477
138dd319	7d5a9fdfc177	-0.54914844
138dd319	37f3f25d502a	-0.018869702
138dd319	df873a92f5be	0.24314836
138dd319	503f54f28a08	-0.16590469
138dd319	5222ca2edec6	0.022067191
138dd319	39dca23e8912	0.29235044
138dd319	7aef537e8f52	0.2676118
138dd319	4a8bc7813f0e	0.48837593
138dd319	ea9a5a0c95ea	0.020752447
138dd319	9a372cf582c3	-0.44189277
138dd319	170766423776	0.1274006
138dd319	f716b3c88569	0.36340973
138dd319	0930ac2d7751	-0.4433856
138dd319	c9f38f0638a0	0.66871697
138dd319	57696a37dbf8	0.4951291
138dd319	ede6d641f5ce	0.6930895
138dd319	65705239b66d	0.16387403
138dd319	78d28308f420	-0.32726502
7fa28de5	f9be80acafbc	-1.3824445
7fa28de5	57e0dc24bc48	-0.8678995
7fa28de5	93f278ca306e	-1.4427186
7fa28de5	85d910cce5a8	0.73419017
7fa28de5	6d90a52ee4fe	0.68904907
7fa28de5	82b78d2f39f4	-0.62097
7fa28de5	bd411db16f35	-0.34648618
7fa28de5	60198a3e21d1	-0.6301999
7fa28de5	00e3ec23560f	-0.28240645
7fa28de5	aa9a1072b1c9	-0.6069094
7fa28de5	c3afd966df7e	-0.5533146
7fa28de5	a921871c0174	-0.66333497
7fa28de5	87f9e5a19813	0.06424437
7fa28de5	90ff3fac8487	-0.20605925
7fa28de5	74ef22a0daf2	-0.44683483
7fa28de5	e8c78b5fb99a	-0.50651187
7fa28de5	c082b30e0b8e	-0.28845915
7fa28de5	01ac1f0a7e66	-0.46419564
7fa28de5	0ae5fb850f6d	-0.415872
7fa28de5	f2a195311d7d	-0.67471826
7fa28de5	1821266f92a2	-0.8454935
7fa28de5	1c98cb0ed01b	-0.13760208
7fa28de5	1dc03e2e4031	0.41090253
7fa28de5	ec7edc343ae9	-0.81491596
7fa28de5	9c9a351a53b7	-0.30034828
7fa28de5	3c1c749c96c4	-0.28473705
7fa28de5	f7cb039b450a	-0.50138694
7fa28de5	27cefd80baaf	0.5569408
7fa28de5	4be046313578	-0.2762646
7fa28de5	a02803f1dba3	-0.19189821
7fa28de5	930387af6bcf	0.7729195
7fa28de5	57aeadbd4175	-0.42507896
7fa28de5	839af0d781ca	-0.2727836
7fa28de5	f9ea1548babe	0.38032755
7fa28de5	789c195eb20b	0.26430818
7fa28de5	fa97e8db4816	-0.13958907
7fa28de5	fe6e5dddaf31	0.40966976
7fa28de5	48b7b94ecc51	-0.49404195
7fa28de5	531b96989c54	-0.15872127
7fa28de5	630005d25f19	-0.37773553
07b569a8	93cefec12b2c	-2.532016
07b569a8	cf7701f34a79	-1.9282742
07b569a8	f7b8b0064898	-1.4367028
07b569a8	96f01c8f7c0e	0.9685319
07b569a8	ed5597db578b	-1.1372815
07b569a8	fc829589fcfb	-1.2908581
07b569a8	07e3a3c5d56b	1.1255292
07b569a8	09720fda11b0	0.9950246
07b569a8	af51f360a12d	0.8280359
07b569a8	1946394b5b10	0.7715234
07b569a8	8e475bb447c1	0.4865665
07b569a8	dcec98cab987	0.7819322
07b569a8	8081e3c4a44f	0.84951454
07b569a8	76a5740c9fb6	0.653944
07b569a8	81d90173e883	0.96327
07b569a8	6beb46f49d25	0.96327
07b569a8	fa64035baec0	1.3762861
07b569a8	e8a0232c37f1	1.3762861
07b569a8	29d753a86151	1.3762861
07b569a8	6591cf40b7e9	1.3762861
07b569a8	60dd69a75147	1.3762861
07b569a8	a7d8850d0eac	1.3762861
07b569a8	93d88905b6e0	1.3762861
07b569a8	92327775df36	1.3762861
07b569a8	e8e7dfdde73c	1.3762861
07b569a8	0689047b97eb	1.3762861
07b569a8	2f5e53efb9f3	1.3762861
07b569a8	780d8d4d4d6a	1.3762861
07b569a8	e34c11010d0f	1.3762861
07b569a8	171b5d901dd4	1.3762861
07b569a8	80ac8342211a	1.3762861
07b569a8	89d8d663f7e6	1.3762861
07b569a8	499c1710b931	1.3762861
07b569a8	4c18ec228f18	1.3762861
07b569a8	d288169ce158	1.3762861
07b569a8	53d4532b7ca6	1.3762861
07b569a8	d3663bcf41b7	1.3762861
07b569a8	c315363040a3	0.6891535
07b569a8	907c63fe7566	0.50268793
07b569a8	7e189fa3929c	0.6754859
a084f75c	93cefec12b2c	-2.5446842
a084f75c	82fe2ac2a2ff	-2.1392493
a084f75c	cbebe522c60e	-1.526254
a084f75c	d966db1baf52	-2.1457949
a084f75c	e31958082826	-0.9633952
a084f75c	c7d7922da0e1	-1.0442448
a084f75c	4e6bf585a6b4	-0.32258758
a084f75c	97a51b620921	0.4416485
a084f75c	e98b502ded2f	-0.0315773
a084f75c	f3c4bf88cff2	-0.0030315972
a084f75c	e2fe594b968a	-1.0651325
a084f75c	60ab87699460	0.9382536
a084f75c	d4cca5984ac2	0.9382536
a084f75c	4e39d40e25cb	0.23779477
a084f75c	93ad6c93540b	-0.6875802
a084f75c	97906f73c484	-0.8542113
a084f75c	b30f3cc966b6	-0.32425207
a084f75c	975ce93a005e	-0.3269816
a084f75c	4f4557b85619	0.33240625
a084f75c	2dc1fdf4d367	0.7879042
a084f75c	0df2a5367c4f	0.11623739
a084f75c	8998d31cd0ad	0.07639921
a084f75c	bd0d7c7d45a1	0.07639921
a084f75c	496b4f14c18d	0.07639921
a084f75c	1a6286f43ab2	0.11623739
a084f75c	17b58ccc2549	0.11623739
a084f75c	142b37534549	0.11623739
a084f75c	588b3e09398a	0.07639921
a084f75c	3c30f91803b7	0.07639921
a084f75c	879169c55a15	0.30337998
a084f75c	a5d4ad31b258	0.30337998
a084f75c	4baebec281c9	0.30337998
a084f75c	182c1ffc914c	0.78709537
a084f75c	1c94b0b9392a	0.322242
a084f75c	135887a30825	0.3653908
a084f75c	b5497f81ba23	0.6913249
a084f75c	b5d7b73dff54	-0.00031452754
a084f75c	7f2f903e937d	0.22979787
a084f75c	09ba6cb08634	0.37722602
a084f75c	175b0288e069	0.47504804
50fa646d	577ec416b6ed	-1.0143081
50fa646d	28ee0b32206b	-1.6013408
50fa646d	481453dd4b0c	-0.34819832
50fa646d	943e9b520bb3	-1.6556273
50fa646d	29e6a83c2126	-1.8280492
50fa646d	741de5de6b62	-0.971574
50fa646d	62f889a5cf3b	-1.4552693
50fa646d	6eb0439a2772	0.8860257
50fa646d	5ae93b778341	-1.1792697
50fa646d	3540a85e128a	-0.6870538
50fa646d	a6724ae4df0d	0.28256568
50fa646d	19b57daddbf0	-0.6802589
50fa646d	84c78a3d3d6c	0.54284984
50fa646d	952462ec1b1a	0.33747375
50fa646d	0f12e9a601c5	-0.02375162
50fa646d	f79093568de5	0.14809442
50fa646d	f60e47972d1e	-0.40569836
50fa646d	0e4f9a151e2d	-0.29850104
50fa646d	c8d25bc071ff	-0.14123124
50fa646d	eec15c14a8d2	-0.22672442
50fa646d	954b5ff45a9c	0.013058521
50fa646d	da212cd34975	-0.68284744
50fa646d	038e653d2e50	-0.44277456
50fa646d	be9d350ab383	-0.3740762
50fa646d	4ddbc78b1c26	-0.20061377
50fa646d	3929675dd4e5	-0.08057613
50fa646d	8d81e01c3f97	-0.07661872
50fa646d	d9f4d244979b	-0.121851034
50fa646d	45c9e4481783	-0.15060595
50fa646d	25bd2c0db64c	-0.39101306
50fa646d	bc6d5ae6ce9d	-0.029656662
50fa646d	a55b8ab71f29	-0.2176445
50fa646d	e68a9d239ff2	0.17648506
50fa646d	6221a90d1c60	-0.48691154
50fa646d	93dea09d0dad	-0.46104124
50fa646d	1892299ecbca	-0.5254529
50fa646d	6e1027d8f9c7	-0.4257215
50fa646d	bbebf26ca0c6	-0.6903622
50fa646d	9dfbf64faa87	-0.047805488
50fa646d	01ffa08a94e7	-0.305396
509434e0	93cefec12b2c	-2.5527396
509434e0	f2c4a9ae3641	-2.358719
509434e0	61e89fca45bc	-2.1003323
509434e0	f4120bb48b53	-1.7736857
509434e0	166d6de00606	-1.5849546
509434e0	5323258dccca	-1.2078391
509434e0	9f02f56f8792	-1.6168526
509434e0	9a36b6a89fdf	-1.0019661
509434e0	57f7a3af31ea	-0.73050624
509434e0	2050231435a0	-1.8167863
509434e0	f44d09ec0931	-0.94161135
509434e0	e923546fba2e	-1.0057001
509434e0	93aa6138a6d6	-0.7905839
509434e0	501159bb22cd	0.012682236
509434e0	55ace8df3f12	0.7041234
509434e0	fe914299d62e	0.50171393
509434e0	49c37c5bf2dc	0.3680451
509434e0	577ec416b6ed	-1.1486626
509434e0	226ab02cbbf7	-0.0011314758
509434e0	7f44c290de5d	-1.2868333
509434e0	cd68bfa34e46	-0.44058084
509434e0	98735c6c9bb6	-0.4497462
509434e0	47d933ab49f6	-1.3833295
509434e0	016f0e634503	0.5671355
509434e0	6b75c6d1717c	-0.34063435
509434e0	114344dc7b90	-0.0082356045
509434e0	ae7689016ece	-0.53546274
509434e0	089cdc4693cf	-0.08631182
509434e0	f6d48f9216a3	0.27061483
509434e0	15240835b9a7	-0.53654647
509434e0	6ec35a3b3195	-0.15420455
509434e0	011610876cbc	-0.08622443
509434e0	d7f7bd07ade9	0.040893726
509434e0	243b09a55da5	0.46321133
509434e0	0a9e1e7b2c85	-0.61986417
509434e0	d68d3e3d6eb8	-0.42729473
509434e0	3ad0f87c2775	-0.057402693
509434e0	5938af3c3f00	-0.10270559
509434e0	c7a2e8eea7a7	0.009254193
509434e0	1a7cd8e63e34	0.1384535
616932b5	53b17367be1c	-2.073109
616932b5	152ba17fed32	-1.7153405
616932b5	5338cb5f22c9	-1.6009316
616932b5	5b64698e5cf6	-1.0671053
616932b5	5ecab7922b34	-1.4152187
616932b5	c56a90a83ebd	-1.4152187
616932b5	eec75aca7153	-1.4152187
616932b5	a4f009c83924	-1.4152187
616932b5	4b3fb7584857	-1.4152187
616932b5	7f788559bf13	-1.4152187
616932b5	ba24cd130629	-0.7576739
616932b5	b2451a83df73	-0.7576739
616932b5	b317dbe0de68	-1.654385
616932b5	35d6861a6b03	-0.09700086
616932b5	4dc78113e5ef	-0.556086
616932b5	b031eac72ce0	-0.556086
616932b5	c9e99a70d44e	-0.4731787
616932b5	ed3c474d7b5f	-0.1785951
616932b5	331b9baa2279	-0.2918779
616932b5	5cb82ae14051	-0.92907345
616932b5	c4b1bac143b3	-0.451599
616932b5	e4b7b34f862e	-0.27605557
616932b5	3e8b49753e69	-0.3157152
616932b5	77ae2c88a46b	-0.52608633
616932b5	5f0eae66a826	-0.5504834
616932b5	ea5d1721777e	-0.16270924
616932b5	4b1a1886f4c9	-0.24115616
616932b5	0252d69864a5	0.10528181
616932b5	4868f515fa86	-0.007053978
616932b5	36b68f1be3e6	-0.3683813
616932b5	4e5401dc3185	-0.009976317
616932b5	dd989d6601c1	-0.288229
616932b5	f57b66198b99	0.8682015
616932b5	e1b2a342d7f8	1.5780724
616932b5	2926674d80b2	0.3337991
616932b5	a86802344529	0.373939
616932b5	b1a5e034f1be	-0.0757814
616932b5	a654ec30b35a	0.68840337
616932b5	8e10372308da	0.13472702
616932b5	d67090a22d15	0.9870804
ca5230c0	93cefec12b2c	-2.5316577
ca5230c0	c27df560b0f9	-1.407386
ca5230c0	2ad1a2d5f1fd	-1.1168242
ca5230c0	22c3a3074c21	-1.3067653
ca5230c0	36e1c62ed995	-1.0879999
ca5230c0	7144c3f90559	-0.6448105
ca5230c0	758a9718f0bd	-0.57846785
ca5230c0	72add7ef282f	-0.6308711
ca5230c0	defdb8c02a26	-0.60930836
ca5230c0	9d7b38b7366a	-0.78552413
ca5230c0	46a98d779737	0.26411024
ca5230c0	6b5ee449186c	0.44640824
ca5230c0	1e8eeb1a31d4	-0.60583454
ca5230c0	4b532a683d71	0.25704482
ca5230c0	171d8e444a89	-0.8371559
ca5230c0	434573f8f3e4	0.61457413
ca5230c0	272c9a8c581c	-0.84087324
ca5230c0	ff0a3ad60c14	-0.15880577
ca5230c0	2826c058af04	-0.1192907
ca5230c0	d0f43b668b00	-0.1192907
ca5230c0	ff558ab803c3	-0.22177124
ca5230c0	3c1b470db89a	-0.16090423
ca5230c0	2c897ab1b1c1	0.01928962
ca5230c0	aecd8c1a7067	0.21848328
ca5230c0	03775b2bcada	0.26038146
ca5230c0	ab1759d5c11b	0.26038146
ca5230c0	d0d97869bddd	-0.51789093
ca5230c0	445f5f1021d9	0.17673731
ca5230c0	f3a73da6499e	-0.26043293
ca5230c0	1bb49869417c	-0.6811857
ca5230c0	963a071cbd28	0.91811585
ca5230c0	e2586600c94d	0.2011557
ca5230c0	299365be5dd4	0.1935893
ca5230c0	894baa620e08	0.57561153
ca5230c0	71150598e051	-0.84827626
ca5230c0	eafb5723fd19	-0.78474844
ca5230c0	443a42a8d941	1.1594752
ca5230c0	0ab5bb0d93e2	-0.8252435
ca5230c0	cc1acd069b94	-0.9995648
ca5230c0	7222adba68b7	-0.7343818
046dc004	ab3755f52041	-2.1434677
046dc004	339eb1e40b3e	-1.7001402
046dc004	d8559aaca9de	-1.9723526
046dc004	82f9d7ae79dd	-2.1435945
046dc004	4e044d6a1689	-1.8927661
046dc004	7ff9ec9198e0	-0.13219143
046dc004	f3be117de555	-1.9773153
046dc004	ce1b6e7dc7f9	-1.9297361
046dc004	f7055a1d6ac4	-0.46720737
046dc004	93057f32794a	-0.5805462
046dc004	9d485fc25852	-2.0242627
046dc004	fb9a68d5fade	-1.9491423
046dc004	344998a5c3b5	0.7456736
046dc004	0075d44864bd	0.23384531
046dc004	8e57e5bc1efb	0.3782462
046dc004	231a76dacfd3	0.6518141
046dc004	6e9e1a65e576	0.9914787
046dc004	f8c2409b375a	0.8080552
046dc004	10f4c3f9d331	-1.9270842
046dc004	f9d39eaccf75	0.33276427
046dc004	4b9af77b5175	-2.0259957
046dc004	27beca8a5768	0.5083139
046dc004	fe2316d72e06	0.8362765
046dc004	4c9d34f03a60	-1.0963895
046dc004	e3685d9c6fe8	-1.075666
046dc004	2fa8e63ec2d0	-1.1363275
046dc004	723dd03249b8	-1.1293654
046dc004	83f05af1b2c0	-1.0687039
046dc004	89d393aa868f	-0.9882868
046dc004	7ceba20247c3	0.7902101
046dc004	f94ceff104fe	0.9158616
046dc004	5beecc8dfd1c	-0.7762445
046dc004	b9a4ced33e31	-1.1663055
046dc004	ecd2d412b9f6	-1.145582
046dc004	a1a9316a97da	0.2999819
046dc004	67e4b0c4ab0b	0.19064268
046dc004	58d5983b4394	-0.008790677
046dc004	94b4d403b8a9	1.1390543
046dc004	6280c8c9f568	0.52981204
046dc004	945b3b493e77	-0.41887334
0211a4f6	15458c75ba39	-1.2906948
0211a4f6	c925b54e4f74	-0.6571566
0211a4f6	bce7114075cf	-0.9536269
0211a4f6	827665e5ccd2	-0.8114756
0211a4f6	1c2667088265	-0.73932236
0211a4f6	aedcfbaa62ec	-0.9559586
0211a4f6	4c94b0737182	-1.0009711
0211a4f6	62c7c0502c06	-0.369976
0211a4f6	f4927cd3b6c2	-2.5564308
0211a4f6	c166309e854e	-0.0045324145
0211a4f6	bcf9777a3679	-0.2822075
0211a4f6	d8b362b05c27	-0.22812115
0211a4f6	e5906e040f9b	0.478187
0211a4f6	181ee075b3e8	0.7787243
0211a4f6	e5996fb4d2fb	0.19744755
0211a4f6	5ab4cb72c19c	-0.09913155
0211a4f6	1aadc9f51afb	0.03457252
0211a4f6	8fff91cfb360	-0.123643346
0211a4f6	6b827072b0e9	-0.23866193
0211a4f6	41fb86d591d8	0.36625776
0211a4f6	3c3aed634512	-1.9159924
0211a4f6	9e019d9f6013	-0.018179378
0211a4f6	f38645652fcf	0.4880018
0211a4f6	a7289dd34377	0.1547852
0211a4f6	c4d25249a669	-0.027590407
0211a4f6	ee402e0d0f09	0.40394184
0211a4f6	6ee6de126fe7	0.555487
0211a4f6	d10f04c17425	-0.80862933
0211a4f6	795a2eacff03	0.4097168
0211a4f6	96bdb59bf022	0.5274962
0211a4f6	c470122031c1	-0.36600637
0211a4f6	4ae6f17e58da	-0.9627222
0211a4f6	8cdf701ebd19	0.2604966
0211a4f6	e5efc9662947	0.21552515
0211a4f6	48d4a8aa64cc	0.9583198
0211a4f6	1f6b76e9afe7	0.9048029
0211a4f6	55c32a0cc17b	0.9048029
0211a4f6	187081b57f4f	0.3345413
0211a4f6	0eb5ec34a1f9	0.08072802
0211a4f6	3eb6ec902ab4	0.30291632
29b624bb	45960e8055f3	-2.2006762
29b624bb	6cb2c19e38c9	-2.2150216
29b624bb	09b5e2644546	-2.2006762
29b624bb	2ee750c6779a	-0.8259394
29b624bb	eaa41d7a1675	-1.0881082
29b624bb	a81f81fbcb93	-1.6707572
29b624bb	7017b2b282b2	-1.5325768
29b624bb	e78eb0f13791	-1.3766782
29b624bb	0a46245e9d72	-1.497715
29b624bb	83a03ee00434	-0.39940405
29b624bb	3d47d350cf59	-1.635354
29b624bb	01715fadeb54	0.1246144
29b624bb	cd7a9b27dd21	0.03106635
29b624bb	86b3d6329075	0.10662108
29b624bb	0f5dac4f27e3	0.108511426
29b624bb	70677c4e1db9	-0.6705799
29b624bb	60a9168ffefd	0.29647195
29b624bb	5cb5f2fa326d	0.50182647
29b624bb	42e5884dd395	0.46627906
29b624bb	1e7f95bf17c9	0.49530098
29b624bb	9f64e483f0d6	0.49530098
29b624bb	dd583951347f	-0.9596539
29b624bb	f77ab86c7545	-1.1940175
29b624bb	d36c415cf082	0.26493245
29b624bb	7bd8702385ac	0.64697367
29b624bb	484a30df7581	0.6114331
29b624bb	cdb2c2baac15	0.62084216
29b624bb	d1904b5ee997	0.3799136
29b624bb	4b9faf93403a	0.40169275
29b624bb	05eb19173bb4	0.7006505
29b624bb	4535869b7437	0.57594997
29b624bb	52b0ae8d2f3c	-0.42306456
29b624bb	4c2b0de0ad61	0.55714566
29b624bb	588b3460fe75	0.28352037
29b624bb	81b0d30d4949	0.039496023
29b624bb	dcad53711c5e	0.92579025
29b624bb	11196380191a	0.5993208
29b624bb	1dbe3208c579	0.04435331
29b624bb	e4cc7b3d4c12	0.054384667
29b624bb	e27fa7655e99	-0.26082346
3da95064	93cefec12b2c	-2.473437
3da95064	579bb8e82954	-2.1115608
3da95064	48917343da24	-0.7956619
3da95064	0a7c21390ad0	-0.82182646
3da95064	fb2fdc5ed368	-0.83246136
3da95064	ac0f54d25620	-0.83246136
3da95064	400cbff0f570	-0.91474533
3da95064	d46593996c7e	-1.1824211
3da95064	73d663376263	-0.7503009
3da95064	9884e2df151e	-1.0189545
3da95064	eb76b11d4ec0	-0.78225636
3da95064	9ede413dd4d9	0.15481412
3da95064	28d887e4811d	0.017488308
3da95064	dc746a6c6913	0.5891464
3da95064	d7aff5857db6	-0.66382957
3da95064	779595c3243c	-0.8645739
3da95064	44f3b62888ea	-0.5510181
3da95064	1355a7d0d014	-0.4831677
3da95064	881ba9aa262e	-1.3617587
3da95064	3b173e0b6de7	-1.3410352
3da95064	ac34f0e38b9f	-1.0719361
3da95064	57bf6b988821	-0.063393354
3da95064	77af256cb027	-2.0520744
3da95064	4f9e76ec6014	-1.3651922
3da95064	4b3056eaae29	-2.2039933
3da95064	96d159f222db	-2.196959
3da95064	d902806a09af	-2.1402004
3da95064	045c0618e507	-2.0400062
3da95064	47175b35f961	-1.2066836
3da95064	ff05d250363d	0.3579635
3da95064	4560fc9cd191	0.5174007
3da95064	e5097afb974d	-0.76209176
3da95064	4fa6ffec26cc	0.3145351
3da95064	e81eee641192	0.39957973
3da95064	dbe58cbe99cd	0.35333237
3da95064	3bfc8b067207	-1.081034
3da95064	89fc92a4c11d	-1.4827787
3da95064	6da8e02c9023	-1.2669903
3da95064	2ee0511fa6d5	-0.8178149
3da95064	2d29776b7744	-0.9742345
216a1922	fe7b7e7b3b3a	-0.9079993
216a1922	bf4336e66148	-0.85714614
216a1922	1419b355023f	-0.8994913
216a1922	8998a36db8b4	-1.8145152
216a1922	7e0c08440161	-1.1540892
216a1922	d26e07f74281	0.1304777
216a1922	b008393d5c41	-0.1897188
216a1922	bfe3569f9131	-1.7330242
216a1922	0e37e037f124	-1.7109612
216a1922	bfcc7434afcf	0.6733082
216a1922	83dc8d22445c	-1.0569305
216a1922	fb898cf77689	-1.0569305
216a1922	bf7796fa3ab0	-1.0296886
216a1922	10f6fc06079b	1.0168412
216a1922	0b66bde35ffb	0.32373258
216a1922	cfaca1cf573c	-1.20273
216a1922	0e469bbb8781	-1.2918059
216a1922	d5a735c37a3a	-0.9634934
216a1922	113e7d610e7e	0.67033607
216a1922	c39ae9efff28	-1.3520722
216a1922	2c0a0f766d1e	-0.66149604
216a1922	3e8ddaf25ed2	-0.9951473
216a1922	a30c23daaafc	-1.0481907
216a1922	1fd321b63b2a	-1.1015474
216a1922	4a11dfea6347	-0.14705461
216a1922	99631f0f47ca	-0.3637081
216a1922	3bbdde09dcb2	-1.287856
216a1922	ff4a4205affc	-1.287856
216a1922	7836fc7dc0a4	-0.901531
216a1922	b242c98090c1	-0.98821634
216a1922	81554c5ed07c	-0.7799925
216a1922	f1c1aeb2cede	-1.0128998
216a1922	2eb0cbd14cb4	-0.9398773
216a1922	778c66040c7e	-0.85569656
216a1922	4a7540323977	-0.88234353
216a1922	9013c94a2c1c	-0.88234353
216a1922	d87e4a59c986	-0.88234353
216a1922	935e1016bb99	-0.8353392
216a1922	cdec8500eea0	-0.8353392
216a1922	912a12d6b392	-0.88234353
216a1922	4fa3a85d32a5	-0.88234353
216a1922	301eef9cba79	-0.7990383
216a1922	fbb7245cf849	-0.8250716
216a1922	c0d6c830a076	-0.85735095
216a1922	41027059bc60	-0.7086856
216a1922	987dc199e99e	-0.7086856
216a1922	e715bb4d7698	-0.6739621
216a1922	b30dacc69561	-0.46116975
216a1922	e24aadfc82b3	-0.48019242
216a1922	4c15bfc6b0cc	-0.59434885
216a1922	e4c51890311e	-0.8779539
216a1922	28463670c696	-1.0507866
216a1922	445920889aee	-0.9129913
216a1922	0bf5d7df3204	-0.4612511
216a1922	af55f455a8b7	-0.6437667
216a1922	dde03c7b21cc	-1.3491518
216a1922	7ba5ab4bac53	-0.80726767
216a1922	41b3358977b6	-0.6521834
216a1922	440290c3202b	-0.9266666
08251c2e	93cefec12b2c	-2.4249814
08251c2e	30b5cadb1316	-1.2500224
08251c2e	70d80cf56c12	-1.5431767
08251c2e	f2cdd869b7b9	-1.1451945
08251c2e	b5b489459495	-2.213484
08251c2e	531b3785e5e3	-1.3405854
08251c2e	b3cde1323f2d	-0.43025145
08251c2e	14c8739686cb	-1.2475168
08251c2e	8d9b8a3443de	-0.8135591
08251c2e	1cd9efa320b0	-0.14454488
08251c2e	d7fd176241cf	-1.3717841
08251c2e	101205fad238	-0.24318838
08251c2e	2d5635ea17ef	-0.6946699
08251c2e	d915ec21528d	-0.48480773
08251c2e	dd488ad9065f	0.028360331
08251c2e	836115434f4b	0.5132726
08251c2e	08e9c6baa82e	-0.41378132
08251c2e	2a25ca97b158	0.4715076
08251c2e	6a09250313b2	-0.31188616
08251c2e	99678f69d778	-0.80969244
08251c2e	858bdd4fd973	0.24679968
08251c2e	0ae25d368693	-0.7784096
08251c2e	9cb2d7ed8c40	-0.3879443
08251c2e	8088cd2d0b58	0.5862689
08251c2e	0d457bc6da1a	0.2780805
08251c2e	841e2f50bad0	-0.3463364
08251c2e	4d08574c62ba	-0.3911545
08251c2e	268d99b66288	0.4572984
08251c2e	89b11f464638	0.59317666
08251c2e	20039a2d0fd7	-1.0797837
08251c2e	dc0a805f463a	0.18757892
08251c2e	6d30bc9f2860	-0.50012547
08251c2e	0814e801477a	0.04071112
08251c2e	3578d5cfc5b7	0.14486817
08251c2e	745b10d82fc4	0.8522045
08251c2e	32bc9938cea1	-0.09264792
08251c2e	1c60f93f5ff2	0.9921145
08251c2e	3942e1ce864d	0.6928422
08251c2e	3250a7738cc4	1.5747796
08251c2e	84f852f60d18	0.6001893
08251c2e	a84421232b56	0.2719147
08251c2e	1a3d97c7f0be	0.43606654
08251c2e	3c591debfbf4	0.5012955
08251c2e	92ed793b0893	0.42085108
c2603153	93cefec12b2c	-2.5527396
c2603153	5e1e3275516e	-1.7780957
c2603153	71645572a802	-1.3560075
c2603153	5e163a85b563	-0.8052926
c2603153	3826cfb5bd07	-1.1149739
c2603153	d917d446001c	-1.4981699
c2603153	316387949507	-1.0863976
c2603153	14db92b94efa	-0.8115682
c2603153	633075a9b9aa	-0.13484015
c2603153	31e7ac344f77	-1.3485305
c2603153	ef3399992b69	-1.0531362
c2603153	4a367d366b0c	-1.0894983
c2603153	a0dd2b82d9c7	-1.0894983
c2603153	6c7fae89ef28	-0.7523708
c2603153	7b4c8cbfa5f9	-0.14008807
c2603153	0375564dd276	-0.13780855
c2603153	77dc77b585d7	-0.2825077
c2603153	fc0612b19721	-0.37875208
c2603153	babe80c780f5	-1.0105139
c2603153	dd228268f3da	-0.61493576
c2603153	2a62959871f7	-0.026729839
c2603153	a147b92313c0	0.07166745
c2603153	d18372d261fb	-0.3362425
c2603153	6f74b98be505	-0.29975224
c2603153	fb0314be4db8	-0.3657955
c2603153	f1a826e6a3d2	-0.28364205
c2603153	66d3120167b9	-0.69282645
c2603153	a0429b6c5abf	-0.5613974
c2603153	1d1cba5c3504	-0.038529746
c2603153	0aaf61d2a180	-0.038529746
c2603153	53b498878ea8	-0.4250969
c2603153	566b8bda6096	-0.41511267
c2603153	9b0469ce54bd	-0.28405687
c2603153	278b154f8cc5	-0.19170336
c2603153	c9fd0e39ca60	-0.45356545
c2603153	b0f793d8fb89	-0.39285603
c2603153	838b6eb08fae	-0.39285603
c2603153	55bf849bb07d	0.4435309
c2603153	a4f35835aa4e	-0.37259892
c2603153	8ac4934eeed3	-0.18858689
1ed7aa0f	93cefec12b2c	-2.532016
1ed7aa0f	8cb0f1b48f58	-1.435417
1ed7aa0f	be680a5d13d9	-1.435417
1ed7aa0f	261fcf91f6ed	-0.7076826
1ed7aa0f	3514b061d6e2	0.15699795
1ed7aa0f	1d0d67790e66	-0.13456145
1ed7aa0f	1d852e1010cf	-0.33360833
1ed7aa0f	576ec89257af	-0.1289235
1ed7aa0f	109cf1f4b05b	0.30667335
1ed7aa0f	5bdba4bb74f7	0.31269243
1ed7aa0f	f5bd50abe73d	-0.2965193
1ed7aa0f	d32f87d0ebf7	-0.36458707
1ed7aa0f	29d6f5bb14da	0.06378281
1ed7aa0f	2773a2d09be9	0.4881834
1ed7aa0f	8d3b24a3d415	0.046781853
1ed7aa0f	c523f5f66301	0.4192101
1ed7aa0f	755377c95847	0.2586734
1ed7aa0f	7b131ff17560	0.39224476
1ed7aa0f	12c2c43194b2	0.5741591
1ed7aa0f	18fbaece2bc8	0.3310584
1ed7aa0f	b44975b7bb3f	0.42153707
1ed7aa0f	672acc01e3c6	0.3921716
1ed7aa0f	36edb04813f0	0.15234444
1ed7aa0f	0e96d7234c58	0.18409671
1ed7aa0f	b670cc7ffa04	0.4072043
1ed7aa0f	eb34d8a97586	0.6055171
1ed7aa0f	c5967c860888	0.27332535
1ed7aa0f	5bf7ea2c818d	-0.9982627
1ed7aa0f	ac555807ec5f	1.2659177
1ed7aa0f	4fdf603c3c4e	0.6468663
1ed7aa0f	dec1801e8e4a	0.3023909
1ed7aa0f	799f4ad3d1c6	0.13394266
1ed7aa0f	9bb6fbbdd848	0.09733792
1ed7aa0f	a6f913253cf2	0.07595651
1ed7aa0f	f65e2ff9bf05	0.25789258
1ed7aa0f	fa1141da7942	0.408617
1ed7aa0f	35963e70dd76	0.48320863
1ed7aa0f	3c9ae78f70d0	0.06736154
1ed7aa0f	5cc39885fe66	0.32389507
1ed7aa0f	c29fefff7e10	0.26240382
f8a38dde	52eb5bd9c073	-2.253381
f8a38dde	c452060c56ab	-2.325662
f8a38dde	7251b3372f97	-0.3487357
f8a38dde	0769e45e39c3	-1.3611635
f8a38dde	c67bd95ea5bb	-0.28250557
f8a38dde	d4720f690586	0.9235987
f8a38dde	d4094b5283a2	-0.34930938
f8a38dde	f14bafa5ff5c	-0.26265574
f8a38dde	02396497a878	-0.17725194
f8a38dde	87c203a0fc07	-0.4305035
f8a38dde	e373f267a7e3	0.48627448
f8a38dde	48c061c0c436	-0.4893743
f8a38dde	f861afbadc96	0.5683056
f8a38dde	4dcc7e449ed0	0.22808316
f8a38dde	2e232dec6f2c	0.32859924
f8a38dde	a6f9fc7ee8ff	-0.50906694
f8a38dde	4112f7c5b15c	-0.23922546
f8a38dde	82244e4c3036	-0.23004194
f8a38dde	6c66695a277d	0.15992038
f8a38dde	fd24c2283c8f	0.5694147
f8a38dde	cc78a3f850e9	-0.36179432
f8a38dde	8158a2b557ae	0.126703
f8a38dde	d4da895b39e8	0.21728976
f8a38dde	4514d6459322	0.06953137
f8a38dde	5d0d476bd9bd	-0.09125605
f8a38dde	16b4464ce100	0.5012623
f8a38dde	df940a5270b2	0.25599423
f8a38dde	13a93cf7e8cb	-0.33588013
f8a38dde	9c9d2f08cbe9	-0.04879544
f8a38dde	83b75918c53a	0.2770184
f8a38dde	0c55e4e795cc	-0.5633771
f8a38dde	3e20b007dc62	-0.10248502
f8a38dde	74223d811617	0.9468798
f8a38dde	a7c30ccdf25a	-0.12635215
f8a38dde	348a4c32ab4c	0.1309759
f8a38dde	800c9a0d44a9	-0.4988325
f8a38dde	d1cb567d1af8	0.12729597
f8a38dde	a95d9897ae04	-0.2055596
f8a38dde	6391b5db62e6	-0.2055596
f8a38dde	1ecef921aaa8	-0.13412423
e3c3d645	e4fab4b31bdc	0.4982256
e3c3d645	8f3df71980dc	0.4373127
e3c3d645	f276fc8fab27	0.44424132
e3c3d645	1b0c7c32113b	0.4414955
e3c3d645	87959a72fb7c	0.67495215
e3c3d645	1c2fece3a488	0.624202
e3c3d645	873381191b43	0.67495215
e3c3d645	3c80af613bd5	0.50796694
e3c3d645	31438f82ef5a	0.87715566
e3c3d645	1fe6e9866faf	0.85461724
e3c3d645	83e4cf272c37	0.5879912
e3c3d645	9735d36dfc97	0.31543735
e3c3d645	250b03f52adf	0.43749538
e3c3d645	237e0d21480f	-2.8908288
e3c3d645	bfba53653eae	0.5617511
e3c3d645	cde757244e2a	0.5893475
e3c3d645	34ab7671ea39	0.7257699
e3c3d645	b38da8007c7e	0.48018733
e3c3d645	53467b52196b	0.6894661
e3c3d645	6cbf40c2608a	0.4395956
e3c3d645	11aaa7e45af8	0.5793834
e3c3d645	2c2f86d43189	0.38494554
e3c3d645	c8b41ecdbd0a	1.0584711
e3c3d645	88111a015bb9	1.0453287
e3c3d645	9b53107c638b	0.8869002
e3c3d645	7c8b6060bc4e	0.7249812
e3c3d645	1dc57b954360	0.7602493
e3c3d645	fb1e1ab3942d	0.5901098
e3c3d645	64b0ff737b35	0.7174768
e3c3d645	aa130afb3054	0.8669555
e3c3d645	d61b6e77e3e6	0.43658563
e3c3d645	057d44aeecc9	0.5489888
e3c3d645	a87f810a926e	0.30069736
e3c3d645	07cb729e299f	0.3138267
e3c3d645	fd9a4199c73d	0.5601399
e3c3d645	e2456d51e9a4	0.31400618
e3c3d645	bc343fb21226	0.24224256
e3c3d645	e54cef968efb	0.53695667
e3c3d645	ee7cd6afd85a	0.27111796
e3c3d645	0dc02577f815	0.53695667
e3c3d645	37638342c043	0.2677
e3c3d645	88d063d67557	1.0542536
e3c3d645	9bfcc53d41c6	0.9142421
e3c3d645	81f615912284	0.9559607
e3c3d645	b57e4735fe1b	0.7938425
8b20a017	20568d4a1669	-2.295108
8b20a017	fc449cdd745a	-2.295108
8b20a017	a9783690855d	-1.1346298
8b20a017	1a71f6906757	-0.89403796
8b20a017	5b354b1b4352	-0.7965503
8b20a017	5e571878c3d2	-1.034775
8b20a017	89609ecdda5c	-0.63751996
8b20a017	fdbe189df67b	-0.781266
8b20a017	0057b95e2543	-0.48891294
8b20a017	057595c9315f	-0.653369
8b20a017	49decb018e5b	-0.62068623
8b20a017	b60a7c175ba8	-0.10588493
8b20a017	7cb5dd05afa1	-0.41347238
8b20a017	f652132c1ddb	-0.38142946
8b20a017	09c807b8b45a	-0.35250866
8b20a017	3fcde4ec590b	-0.14086391
8b20a017	d0a7629f68c5	-0.068852805
8b20a017	6132fa3276fe	-0.052628182
8b20a017	6f359ca217a5	-0.10454243
8b20a017	f0e08e1cae40	0.17755249
8b20a017	6cf331728e02	0.14168698
8b20a017	501f603577ff	0.040403206
8b20a017	9790516f57ea	0.12782902
8b20a017	8376e8f686bf	-0.080087185
8b20a017	2e645c66e771	-0.1542746
8b20a017	5ec9d150d6d9	-0.6893383
8b20a017	eb43ad428e84	-0.34261906
8b20a017	a27b488bfd9e	-0.34261906
8b20a017	a6dfa930429a	-0.0198968
8b20a017	cb0416cda8ca	0.317911
8b20a017	edc14246130d	-0.024788959
8b20a017	de931f9078a3	0.014635561
8b20a017	b7670a75d927	0.5555741
8b20a017	a96cc341ccb8	0.4571769
8b20a017	59e4f20ad6e8	0.5089785
8b20a017	ce52f5f267e0	0.5838492
8b20a017	43370b14e795	0.77120906
8b20a017	24e1236e1764	0.2423284
8b20a017	6dc98eb9fb9e	-0.0934375
8b20a017	08555e58c091	0.44214663
8b20a017	a4a82253e41f	0.63820344
8b20a017	2c8145bd8eb8	-0.68715125
8b20a017	19566f3507ab	0.66442686
8b20a017	011bcf812d35	-0.08508647
8b20a017	c81cfbf0ac6b	-0.069937564
8b20a017	62e5d0b8b7c7	0.2825075
8b20a017	e451b5127df1	0.24382468
8b20a017	fe8e2a21c892	-0.10281465
8b20a017	a79a31a44947	0.10638026
8b20a017	1a1141254765	0.2726874
ca651b9e	93cefec12b2c	-2.4667258
ca651b9e	c6e84bedcc95	-1.9053993
ca651b9e	dfdcb5850645	-1.7049642
ca651b9e	b945dbb5393d	-1.6211003
ca651b9e	fd55f23309cb	-1.6211003
ca651b9e	3d8e387e1de5	-1.6211003
ca651b9e	26e0f5318e18	-1.359263
ca651b9e	5f40b10bcaa4	-0.390452
ca651b9e	c050b091d165	-1.070144
ca651b9e	eac50f0cd761	-1.070144
ca651b9e	629fcb2872e9	-1.070144
ca651b9e	94882dd2b63b	-0.7419182
ca651b9e	c24dd945072f	0.21765049
ca651b9e	d7c3221bd3fc	-0.6579329
ca651b9e	06106087465a	-0.09534851
ca651b9e	a6e359c1ff5a	-0.467531
ca651b9e	de7826cea4c3	-0.16008991
ca651b9e	b85a09fa6289	-0.52653867
ca651b9e	963b9ae6c6f3	-0.44761676
ca651b9e	c16341123071	-0.122931875
ca651b9e	e9933fe19ca6	0.2541247
ca651b9e	ae6f137e2d1d	-0.412441
ca651b9e	aba0e88a6c47	0.289006
ca651b9e	f507ab75f056	-0.13929431
ca651b9e	46e47c319641	-0.34536162
ca651b9e	f36d71b30684	-0.7688058
ca651b9e	a4fbbf1aa369	0.9200588
ca651b9e	46b53097ab4d	0.24716909
ca651b9e	cd0a173b00f3	-0.069903255
ca651b9e	769b69fc7a9d	-0.031200023
ca651b9e	9b3fb1b457b9	0.067022964
ca651b9e	843b9a5112ea	0.12963238
ca651b9e	0437bb1d633c	0.15155733
ca651b9e	56830e3b08c2	0.14812645
ca651b9e	88736f2c841a	0.14812645
ca651b9e	7b81579a3312	0.039427035
ca651b9e	3a881cb884b1	-0.21963991
ca651b9e	494e8aac89a4	-0.07502773
ca651b9e	7aa94931545b	-0.13881613
ca651b9e	1a07b0faf555	-0.37687963
3ae11aac	93cefec12b2c	-1.9547644
3ae11aac	3024296ec7b9	-1.6844945
3ae11aac	c1c4aadb6bce	0.19264354
3ae11aac	8e25f9f3109a	-0.24276014
3ae11aac	966f7aded591	-0.07774522
3ae11aac	51cca238bf47	-0.3313436
3ae11aac	4dcd79b84a53	-0.033890918
3ae11aac	e720f635df02	0.57831734
3ae11aac	5640d5839ef1	-0.3506911
3ae11aac	2fa13e6a4501	-0.104046725
3ae11aac	932cd2d3f412	-0.51866215
904ca425	b2ceee137b6d	-1.0863634
904ca425	486868d2bb32	-1.5118355
904ca425	98b9bda71c76	-1.3873096
904ca425	dc45e5c4d790	-0.77446455
904ca425	3f4777db7ce1	-0.9061664
904ca425	d3a481ae8eb5	-0.33302644
904ca425	921c6d67e582	-1.1316651
904ca425	92c35e26b16d	-0.012678501
904ca425	52d920663012	-0.6039404
904ca425	e1d5ef5c987b	-0.5548794
904ca425	5db6a844e27d	-0.2490808
904ca425	04969d309c89	0.4966183
904ca425	b52a450ed0c2	-0.7076239
904ca425	9313a6a371b5	-0.6106229
904ca425	4fc721fe5df4	0.13255616
904ca425	eefd85998f41	-0.10222455
904ca425	df72e72ccecc	-1.5605528
904ca425	2e7f7ba29e7c	-0.53040886
904ca425	a82864c1e1ee	-0.46874657
904ca425	97def73af04b	-0.9012991
904ca425	4ac1ed2868ee	0.5487757
904ca425	dd7a885d1b22	-0.27605474
904ca425	5106cc832d44	0.17740896
904ca425	cc6c2c25a472	-0.41877457
904ca425	235fb05b02c3	-0.31674474
904ca425	7357c46db8d6	-0.34318987
904ca425	009d40d68c16	-0.32290804
904ca425	a0d0a5db14b7	0.6026257
904ca425	686474dada48	-0.6483266
904ca425	11414e9c990d	0.13424632
904ca425	87a4bb7232ce	0.084617145
904ca425	7782d667ac85	0.16782977
904ca425	8668a6ddd8be	-0.48299208
904ca425	ddca6e5e5474	0.18064138
904ca425	c6c31db92c4c	0.41240057
904ca425	8ea8f115b74e	0.03765941
904ca425	f66c4c4ffcfe	-0.36497888
904ca425	9375bb0983b7	0.30360767
904ca425	24db64827bca	-0.41601717
904ca425	e61f1eb8d9d7	-0.6487794
cb2b5acc	aa60be3f9034	-1.4657043
cb2b5acc	21e71eccbbe4	-1.6924702
cb2b5acc	6e67cafeda71	-1.1722038
cb2b5acc	3fa4507c8473	-1.4915452
cb2b5acc	3a5e831ef4ef	-1.4915452
cb2b5acc	b321c07dcd71	-0.40271682
cb2b5acc	0e62ad0e6200	-0.71584666
cb2b5acc	5559019dedc4	-0.15164614
cb2b5acc	8868d4782db3	-0.4461492
cb2b5acc	d371f9b9446e	-0.24333386
cb2b5acc	e074820632ee	-0.316433
cb2b5acc	e943b10ae02b	0.3825923
cb2b5acc	de20fb78ea20	0.56770104
cb2b5acc	cc33ead75c00	0.5436512
cb2b5acc	9b14706d8ef6	0.22225961
cb2b5acc	3c63c8ff79b6	-0.76682127
cb2b5acc	db22effa2019	0.484562
cb2b5acc	8fff33ff6105	0.484562
cb2b5acc	b80a5ac60624	0.7886976
cb2b5acc	c69d3417eb6a	0.7886976
cb2b5acc	c17141ee987d	0.7886976
cb2b5acc	dd3ed76dc9cb	0.7886976
cb2b5acc	1d4306ed6719	0.7886976
cb2b5acc	59c846ecefcf	0.7886976
cb2b5acc	7b51a7523d67	0.7886976
cb2b5acc	7d6e6361c4b0	0.7886976
cb2b5acc	fc19bafaf2a4	0.7886976
cb2b5acc	1a27fa9b1a11	0.5436512
cb2b5acc	0d5e4686ca9a	0.91604906
cb2b5acc	b0c588e7dc33	1.1714035
cb2b5acc	998cd4389394	1.340649
cb2b5acc	36d4f723ae27	1.4174279
cb2b5acc	15a609b0d11a	0.91010225
cb2b5acc	688d4fb292cb	0.20000604
cb2b5acc	5626ba666333	0.72700965
cb2b5acc	128f979bb8cd	0.81246096
cb2b5acc	04b42cbf156a	0.74128175
cb2b5acc	73e47d7dee82	-0.17475186
cb2b5acc	fc1f43cb75a6	0.6932254
cb2b5acc	b033f76fd082	-0.2744106
7a6190e1	93cefec12b2c	-2.5203338
7a6190e1	a077682bdcbe	-1.4714946
7a6190e1	289631308c5b	-1.3942664
7a6190e1	27f4095acd63	-0.3402875
7a6190e1	49dfd14a5e7f	-1.3938756
7a6190e1	b4d79fec9a7c	-1.439153
7a6190e1	ae5ab5de292d	-1.6432567
7a6190e1	8e2a57858958	-1.3485935
7a6190e1	f56ec84d6954	-1.311536
7a6190e1	3f1704bf3aba	-1.2136571
7a6190e1	220053621f1c	0.6558006
7a6190e1	96d7a698e8e9	-0.9860927
7a6190e1	5c6dbbfe84da	-0.0577728
7a6190e1	53d87467d7d4	-0.8232837
7a6190e1	ea5211e52597	-0.697627
7a6190e1	fc204d80354c	-1.1107486
7a6190e1	8e42c0b75cd1	-0.50383073
7a6190e1	93f0f15ac487	0.27422646
7a6190e1	d036abb61fce	0.67685425
7a6190e1	a2241704f018	1.1689994
7a6190e1	f763cc445fee	-0.9711254
7a6190e1	1887a523fe62	-0.35551745
7a6190e1	f11411bb3f2c	0.8499006
7a6190e1	fa9323b59162	-0.7748242
7a6190e1	6d0894d6e9e7	1.0709795
7a6190e1	7faf46da071c	1.1866189
7a6190e1	d4363b841256	1.1866189
7a6190e1	7150d0109eb6	1.2183402
7a6190e1	3868cebff6a2	0.92415833
7a6190e1	be50aaec6be0	1.1800416
7a6190e1	67910a058b6c	1.0496756
7a6190e1	f60b59d42a60	1.2743229
7a6190e1	40453170821e	1.1088017
7a6190e1	5c01686ed61d	-0.6911491
7a6190e1	ab43afb2fe22	-0.6617739
7a6190e1	1ea06fd3df8a	-0.9898106
7a6190e1	25b431961097	-0.82559896
7a6190e1	8c2db2375943	-0.8101934
7a6190e1	4c484df9dfa2	2.306381
7a6190e1	b487120a42c1	-0.842039
4d4dcfde	93cefec12b2c	-2.3558772
4d4dcfde	35116aa12110	-1.0667293
4d4dcfde	1b24c78de96c	-1.1052548
4d4dcfde	527fb5b8e670	-1.5674523
4d4dcfde	24228cae9719	-0.56028944
4d4dcfde	ee07ff42208d	-0.97064394
4d4dcfde	046e7a52de9c	-0.29531947
4d4dcfde	2d2ed0a9e6a6	-0.18512653
4d4dcfde	8d397a9d59b1	-0.17812891
4d4dcfde	1147d197a456	-0.38177177
4d4dcfde	a0b95d6282b9	0.02561388
4d4dcfde	d022a282b2a0	-1.1173698
4d4dcfde	dad3b086f3de	-0.756188
4d4dcfde	d4f5ec3cd9a5	0.12068337
4d4dcfde	e5c90aeffe38	0.11180125
4d4dcfde	82de113a1274	-0.060510285
4d4dcfde	4fc0f2df9e0c	0.20495798
4d4dcfde	0c9dae570037	0.6932707
4d4dcfde	9e178bfbb679	0.52077526
4d4dcfde	ff14e5267857	0.5486191
4d4dcfde	084dde68a2fe	-0.2511065
4d4dcfde	3bd73d188c8d	0.17057692
4d4dcfde	55e84ff3b7aa	0.13444425
4d4dcfde	d2b0d7d9e7c8	-0.2106208
4d4dcfde	8a683e9f1171	0.22151965
4d4dcfde	cbfaf33b5ece	0.6343866
4d4dcfde	8f93f6943544	0.6180255
4d4dcfde	f6b365cf18c0	-0.91439986
4d4dcfde	5211af2c1c75	0.5134392
4d4dcfde	7fe235b73aba	-0.0320898
4d4dcfde	fc2a20316f82	-0.024295716
4d4dcfde	29b593618ae8	0.2579759
4d4dcfde	240b1061c952	0.35054442
4d4dcfde	23b10444cc7d	0.26323342
4d4dcfde	be08f764003b	1.2797028
4d4dcfde	4665f1e5657d	0.21519509
4d4dcfde	d122c2833676	0.44130507
4d4dcfde	0731d5c328bc	0.22709262
4d4dcfde	e707fcc8de18	0.49482712
4d4dcfde	3c7c8d13f43e	0.4934953
1312d8e1	93cefec12b2c	-2.1837661
1312d8e1	2ff0f6ab519f	-1.7133381
1312d8e1	f4a7da1ddbff	-1.9407871
1312d8e1	7bbaac50bce6	-1.9922596
1312d8e1	9c864234b76a	0.29390776
1312d8e1	86d07275fc30	-0.616742
1312d8e1	63c782148f57	-0.40492824
1312d8e1	12a7afd7c515	-0.15305327
1312d8e1	7a3804767a16	0.0007954902
1312d8e1	d083593367cb	-0.16604662
1312d8e1	0b219cd2e202	0.68868256
1312d8e1	0aacd7204b91	0.79338783
1312d8e1	37ef0b4c136f	-0.41038993
1312d8e1	a6b899df240b	-0.10443968
1312d8e1	c0cd376012e7	0.6143248
1312d8e1	3e73bdec99c8	0.43935725
1312d8e1	434a3120ee93	-0.78871554
1312d8e1	658f9bfe0df4	0.2899221
1312d8e1	ea63acc3aa4e	0.8194522
1312d8e1	9f7b6bd3d14c	0.9997583
1312d8e1	69e07936617f	-0.018025896
1312d8e1	13ad3a0ca6b1	0.4216325
1312d8e1	29e0577885ab	0.24842963
1312d8e1	a4284b9e9316	0.35724416
1312d8e1	2d050b6183a4	0.20090559
1312d8e1	4d479bdc79ff	-0.07685409
1312d8e1	a73e74f0f987	-0.14216925
1312d8e1	a4aadcede8da	-0.22278711
1312d8e1	053aca2102e5	0.13659337
1312d8e1	9e478aea0989	0.042816058
1312d8e1	51766bb67610	0.042816058
1312d8e1	d7fe9407d046	-0.023233058
1312d8e1	de13563e0c57	0.53071797
1312d8e1	ed45b346fd92	0.824337
1312d8e1	3400db3f32f0	-0.00856486
1312d8e1	2dfa92c77adc	0.16281146
1312d8e1	7375aef7602b	-1.1025485
1312d8e1	1edd25060fc2	0.7842518
1312d8e1	13d8a85a4462	-0.3340117
1312d8e1	2da728db3433	0.62988913
49329b17	64fed63b0f0c	-1.4982316
49329b17	32e51957ab7f	-1.4982316
49329b17	694cdc0d07a4	-1.4982316
49329b17	1dadb20f88a5	-1.7639081
49329b17	d19a084311b4	-1.8076065
49329b17	dce78339d6e5	-1.8336864
49329b17	7d54bc3c7a41	-1.351155
49329b17	fd080e42688c	-1.3140398
49329b17	a1a4f2ad52ec	-1.0574843
49329b17	4a33af917807	-1.2955701
49329b17	e871d1707978	-1.0888609
49329b17	9e30b36df2cf	-1.3533098
49329b17	b0b0bf3632e8	-0.56853557
49329b17	f9e89f6ec09e	-0.40597644
49329b17	bb4d4d9ac4f9	-0.8182158
49329b17	db76e5f5781a	-0.6873451
49329b17	f031a6ae62d1	-1.0922353
49329b17	01a0e1c98555	-0.1153614
49329b17	dffc117d9e9d	-0.25358495
49329b17	1f8eb7191c75	-0.18654418
49329b17	bd0abf0c3423	-0.09056158
49329b17	184b7abaaad1	0.017058115
49329b17	dc102961f86c	-0.45520043
49329b17	016219f8ea67	0.9099279
49329b17	ae26b3f559ad	-0.44011888
49329b17	7cb06a2f1614	0.29213634
49329b17	d914bc3ef35a	-0.13938218
49329b17	ce49baef79d3	0.028260687
49329b17	142f22803043	0.23113632
49329b17	49abc9e1ea6d	0.21965308
49329b17	95e2fc06f030	0.31767598
49329b17	33bd5b226c07	-0.39422262
49329b17	bc679f9792d8	-0.32248688
49329b17	8f2b9fa9eebf	0.21000959
49329b17	8ce75e1aac54	0.19821118
49329b17	6c32458f8cec	0.5683942
49329b17	51ba9b5f9de9	0.36091962
49329b17	4e5d3f7a982f	-0.008891304
49329b17	039df607a7f2	-0.35662726
49329b17	3190e97aed59	0.38617668
cc93c5ca	a2c027dd22c8	-0.7817621
cc93c5ca	8a4b84bca9de	-0.42931464
cc93c5ca	ba8d3f83bd94	-0.16990815
cc93c5ca	06810d475dca	-1.4728688
cc93c5ca	b0e9826582fb	-1.4745123
cc93c5ca	c0fc92ce889e	-0.34319058
cc93c5ca	89cd4cde2d98	0.15428978
cc93c5ca	72fada5f95b7	0.2799562
cc93c5ca	8a7919f9a7fa	-0.8649267
cc93c5ca	caa23231e876	0.7793049
cc93c5ca	ad56290139c7	0.5480185
cc93c5ca	b49c3d944f8f	0.06975848
cc93c5ca	fdaa04b4209d	-0.79242575
cc93c5ca	cfc489b7a06d	-0.07283702
cc93c5ca	4e8ea0d196d3	0.37558714
cc93c5ca	ab1abee4eb86	0.29240617
cc93c5ca	3af0d6520ea4	0.12017535
cc93c5ca	b0d91f554d6e	0.43711403
cc93c5ca	b8491834eb74	-0.62652904
cc93c5ca	699cfe3154fb	0.6939881
cc93c5ca	700a6cc283a0	0.5858582
cc93c5ca	f47bab4852d9	0.9094157
cc93c5ca	aa18e9f0ca37	0.494832
cc93c5ca	0b221239d41c	0.4937202
cc93c5ca	b13cfa85e54c	0.30145183
cc93c5ca	7bab50f6a188	0.43699637
cc93c5ca	a2db6ad3bcfb	0.59799516
cc93c5ca	3ef814897e6e	0.6434173
cc93c5ca	930019ae4ba8	-0.66801226
cc93c5ca	57c32872c31e	0.74037266
cc93c5ca	e0ac29444e29	0.35976318
cc93c5ca	00b5763554c9	0.6218841
cc93c5ca	eaabf4d90b21	0.6353767
cc93c5ca	b7a54f2aad47	0.7165615
cc93c5ca	913abbb83af2	0.7246814
cc93c5ca	db1bb06d9ba4	0.8003616
cc93c5ca	d4295caceda1	1.121384
cc93c5ca	8ecd7382c5a9	0.53105307
cc93c5ca	1ceab781838d	0.91393447
cc93c5ca	536a48ed3cca	0.7468116
4d632140	93cefec12b2c	-2.0016987
4d632140	8f9cbf93d05e	-0.54719454
4d632140	43a06890b65a	-0.54719454
4d632140	f34bf759e931	-0.54719454
4d632140	4600f0cc4db9	-0.32442132
4d632140	e1b1df62e95b	0.3515861
4d632140	2efc6729aeb0	0.11264262
4d632140	3f7ec50f9426	0.3311177
4d632140	70e8bf781728	0.33531085
4d632140	8e3f4f2c8741	0.14996086
4d632140	bdb6fd5ba498	0.83792937
4d632140	234d85daaed4	0.4101856
4d632140	2384dda76866	0.32881126
4d632140	3fcbaef070e0	0.32881126
4d632140	94e8099a6722	-0.7111932
4d632140	f5d2f4c8bd26	0.36010036
4d632140	eb1fddd95d8e	0.9433591
4d632140	5bba979e233e	1.0680538
4d632140	e95ef4f6d195	0.37076107
4d632140	017649bf63a7	0.8521574
4d632140	999be0761224	0.58357936
4d632140	192a0d29f6d3	0.9239671
4d632140	557d04080e46	0.4954141
4d632140	1d44347949be	0.4954141
4d632140	444177badf00	0.59719115
4d632140	fc42984acbf0	0.7002361
4d632140	5f3149eca732	0.6163437
4d632140	b366a869fa4f	0.72600883
4d632140	7a01c57fc082	0.7856002
4d632140	628938e98e0c	1.1636335
4d632140	1cd2900bbbdd	0.2794291
4d632140	d6ea44a52f65	0.45582423
4d632140	00b80f64fb55	0.66121143
4d632140	d58652f05cbc	0.3407853
4d632140	53e5fbf32e30	2.3084497
4d632140	e0ddd9938fcf	0.61884016
4d632140	a656f87bd707	0.028365849
4d632140	5a68872cbc20	0.06390647
4d632140	269661d13f1a	0.6421468
4d632140	07caa11e9601	0.62010723
2d5adf54	93cefec12b2c	-2.532016
2d5adf54	2fcd6f14f067	-1.948172
2d5adf54	103a5a31faea	-0.95126116
2d5adf54	c07b8ce6b696	-1.5492319
2d5adf54	30d90adee5ef	0.047283024
2d5adf54	1223c072f825	-0.8220798
2d5adf54	764934a9607e	-1.7127169
2d5adf54	9933f6b071bb	-1.7447604
2d5adf54	8e95ad26f3ae	-1.6530634
2d5adf54	d76ee6c6e362	-0.98908377
2d5adf54	d226779612dd	0.17153761
2d5adf54	95aa04c83eab	-1.7903962
2d5adf54	5f637851e85f	-1.7903962
2d5adf54	260f72f13700	0.12344829
2d5adf54	055cab94dded	-0.77779585
2d5adf54	668a4b91f1af	0.34855607
2d5adf54	602db578fbc7	0.50457937
2d5adf54	8a59f60ec782	0.50457937
2d5adf54	6a95633134f1	-0.8008345
2d5adf54	ec86a487a857	-1.1673286
2d5adf54	96f3373aa19f	-1.2250518
2d5adf54	4e6c2d37b53a	-0.8509279
2d5adf54	e2be94b962b7	-1.1045264
2d5adf54	8c84602473b2	-0.10783686
2d5adf54	0c2047647e1e	0.38685945
2d5adf54	4f13a25f6a88	-1.1353801
2d5adf54	dea5bd06c37b	-1.3355647
2d5adf54	a96b123d20e3	0.2391977
2d5adf54	81959004b9af	0.82969785
2d5adf54	0fc9b20c3b60	-0.9041256
2d5adf54	c9083654db4e	-0.86646384
2d5adf54	567b70e0b8c3	-0.28069374
2d5adf54	34a4bf2b4c77	-1.1563015
2d5adf54	f4b2aa372c3d	-1.1795189
2d5adf54	712025ea9cf6	-0.71659964
2d5adf54	e2318bfc8f93	-0.6872309
2d5adf54	23de9358932b	-0.26277098
2d5adf54	b22890ba5fa8	0.017111082
2d5adf54	275a49642710	-0.27437332
2d5adf54	48f8a3812137	-1.1061347
76fba586	fb19e3feea7a	-0.8724587
76fba586	f116625c9f8c	0.22408102
76fba586	3240b371d42a	-0.25043234
76fba586	4c2584bf45e8	0.17195524
76fba586	c0d454ba5dba	-0.23311108
76fba586	0b19472a23c1	0.2305856
76fba586	7e7239a0a9ce	0.062265337
76fba586	b683443ccd9b	0.61075526
76fba586	0dfd1b04017b	0.29207867
76fba586	0746668a88f9	0.66307306
76fba586	b7731294e28a	0.16073745
76fba586	4864f2a86f40	0.16073745
76fba586	e9e43ee31585	0.8274922
76fba586	407b2e1b491d	-0.3132232
76fba586	fb56249137f4	0.10741893
76fba586	93aceeb3e824	0.6909725
76fba586	4ed25a37def5	1.0956415
76fba586	379685fc9aae	1.1058367
76fba586	39dc2e177154	-0.2770941
76fba586	1a893bd1970d	0.35452044
76fba586	2e2530ffb57d	0.33900943
76fba586	d50d6b8891c0	0.41145203
76fba586	fc0795b2952a	1.253955
76fba586	963e20cbbf10	0.7388834
76fba586	9adcb9923e25	0.12967616
76fba586	96fb829d1cdd	1.0579706
76fba586	eee817dcd4c6	0.5702031
76fba586	f6e024b63f9a	0.17645818
76fba586	7d211e6929c0	0.5206381
76fba586	dc3b02543abb	1.0762602
76fba586	75343616d9bc	0.80205077
76fba586	3274fd3f9e7b	0.8188763
76fba586	27d5f04160ff	1.1739959
76fba586	f3bbef968f37	0.9882133
76fba586	12da52634c61	0.618672
76fba586	2fdd8f447701	0.8071083
76fba586	ff5e0cefb1b5	0.6509074
76fba586	21ec9b2d588d	0.51327634
76fba586	af33749dcfc4	0.680548
76fba586	878190c5bb3e	1.1756852
737d4faf	ff1beeabc7a6	-1.5525762
737d4faf	5b2e26d74746	-1.293791
737d4faf	ae028dc0df9e	-0.4482824
737d4faf	e758b9cfd75c	-0.3827765
737d4faf	5b3edb5bd513	-0.14334592
737d4faf	f68926c73588	-0.31109303
737d4faf	8085734975bb	-0.07316903
737d4faf	340f56475f15	0.24483912
737d4faf	50ca28e8c6b1	0.7569997
737d4faf	73ff0804a98d	0.23396665
737d4faf	339dbd58fefa	0.11196927
737d4faf	023c653761db	0.04034186
737d4faf	514b1e507ca5	0.277747
737d4faf	b8b501eba2fe	0.6793178
737d4faf	4d2209bbfe5c	0.26556775
737d4faf	ded38699efb9	0.66630644
737d4faf	2ff162f0737a	0.52661973
737d4faf	164eb159c8bb	0.4001878
737d4faf	276a97d94a5b	0.59962004
737d4faf	bb954fd1b918	0.56407946
737d4faf	651d401c4ad6	0.49686328
737d4faf	61c59946f29c	0.22518532
737d4faf	1b731276552b	0.8478515
737d4faf	905e136dcb6c	0.5347846
737d4faf	373ad2b8421c	0.18017815
737d4faf	d9dd17ef035a	0.36006257
737d4faf	58922478d2b4	0.6126726
737d4faf	f4f42612ca1a	0.3899304
737d4faf	939c93ae7b94	0.17652778
737d4faf	fc95e09d75b8	0.32316288
737d4faf	022e49fe8e00	-0.75250506
737d4faf	1de26c3755ca	0.046581157
737d4faf	25f4ab30d5cf	0.111701004
737d4faf	82b60ce962e4	0.10034867
737d4faf	46e44e3a5053	0.12955749
737d4faf	9f8de877b44d	0.14295788
737d4faf	f4d1387f2e4b	0.094235756
737d4faf	da378f934150	0.37260222
737d4faf	18fd9b5287d5	0.407793
737d4faf	78f972a2a77e	0.21808279
db9be73a	93cefec12b2c	-2.607228
db9be73a	1738a7970053	-1.9556783
db9be73a	6213d2811093	-1.7930546
db9be73a	7b42aea606fa	-1.7930546
db9be73a	617d3a259384	-1.8369316
db9be73a	f56b01761ff2	-0.89522773
db9be73a	4be9add523dc	-2.0093188
db9be73a	408443498fd3	-0.53233427
db9be73a	4e61fcf25671	0.22379926
db9be73a	b15a74811b1c	-0.9952053
db9be73a	910fb00b2cb2	-1.3094183
db9be73a	01be1dc87c72	-0.8110065
db9be73a	2e95fa698f95	-0.281114
db9be73a	858ef05d484e	-0.9128614
db9be73a	026c5af58a07	-0.24950022
db9be73a	bf2d267faef4	-0.2625369
db9be73a	ffb4210229a1	-0.19767429
db9be73a	4a1f2b6c3f34	-0.08985315
db9be73a	d0e98b763b84	0.12105628
db9be73a	a61fbe56ae76	-0.0050079813
db9be73a	10ad0fdb1d95	0.6459693
db9be73a	859a7299bf5d	-0.86985284
db9be73a	06582c6e4d68	0.5941431
db9be73a	ec7e5957f885	-0.5961673
db9be73a	8087bd572b5e	0.6337799
db9be73a	1e5bcc6038e6	-0.05541669
db9be73a	7a5bcdd34050	0.1408646
db9be73a	a611e327dc5e	-0.11243298
db9be73a	5f3217ae4da3	0.17796671
db9be73a	79b7d7851a7e	-0.6629131
db9be73a	229d07029580	0.11669048
db9be73a	71eeacdc38bf	0.25506428
db9be73a	901ac42a5c84	-0.07661421
db9be73a	c5d4ca7e4d1d	0.8951552
db9be73a	7e567ed6cdd9	0.18890776
db9be73a	250ac5e47aee	-0.012312016
db9be73a	5e4120a0e308	-0.2077882
db9be73a	0ff3a4da0246	-0.20894441
db9be73a	4a3e129e4e44	-0.99640816
db9be73a	c33e4a82c08b	-0.53421575
9487a1dd	93cefec12b2c	-2.2820232
9487a1dd	4d559acb3801	-1.1262003
9487a1dd	46cdf61fdad0	-1.0358535
9487a1dd	dc04e6bc02cc	-1.3083147
9487a1dd	85d09bbcb817	-1.0460291
9487a1dd	2281810696c9	-0.9339884
9487a1dd	427b44f31b65	-0.9339884
9487a1dd	af4590eb778f	-0.9337676
9487a1dd	80757febfcc2	-0.81580347
9487a1dd	5ae500c47e0a	-1.073372
9487a1dd	d9f2151f02a0	-1.4252791
9487a1dd	7cfd1ff4634d	-1.8168609
9487a1dd	cbe4ced8860e	0.30569696
9487a1dd	99003a4f72b4	-1.5073252
9487a1dd	e7f19109a5fd	-1.5137109
9487a1dd	69f400f3b882	-0.5823002
9487a1dd	dc9e055fc2ba	-0.6749652
9487a1dd	872943aeb05d	0.57268274
9487a1dd	dfe9461b3747	-1.7391076
9487a1dd	d07ed546bb56	-0.49230427
9487a1dd	63a31829c7c1	-0.4711783
9487a1dd	d8b9d0371714	-0.7604912
9487a1dd	dac7c58f208f	-0.73652554
9487a1dd	f2d497dfdefb	-1.7899251
9487a1dd	58af0f1bea5b	-1.3968135
9487a1dd	8f34adb80626	-0.8104234
9487a1dd	185293336445	0.39355806
9487a1dd	be30e2757715	-0.0070538344
9487a1dd	92451aab233d	0.30629602
9487a1dd	7e57f4051523	0.08176916
9487a1dd	68e7d0d473c1	0.57760596
9487a1dd	b696fcbf10df	-1.1419454
9487a1dd	01e8d5c9ed65	-1.851546
9487a1dd	79181db95e8d	-1.7936063
9487a1dd	8e2df9f40969	-1.8550274
9487a1dd	7556a5ea2594	-0.43624145
9487a1dd	3758d27c1e59	-1.718603
9487a1dd	c475a4b8fe15	-1.8285234
9487a1dd	73926685842e	0.5394293
9487a1dd	aaac42a000b2	0.5072851
d0228e59	f58350b4e963	-1.0864902
d0228e59	4bbe7e2b494d	-0.19426976
d0228e59	36b07eb70f53	-0.5180937
d0228e59	4b5412d79896	-1.0763104
d0228e59	4c527a553554	0.14518322
d0228e59	8bdd77d6c98c	0.42313033
d0228e59	22a69d830891	-0.036829934
d0228e59	092439407ef0	-0.23324211
d0228e59	a427632fcb2d	0.0875793
d0228e59	cb345e53ce9d	1.8480613
d0228e59	035bf4a2ce86	-0.01919783
d0228e59	900e22a86209	-0.5259472
d0228e59	625224c5e28c	0.06835807
d0228e59	f0a82385a8c3	-0.782191
d0228e59	2ece463f86fe	-0.3918751
d0228e59	90f666e9f0f1	-0.3918751
d0228e59	c7a384d60c83	-0.22560644
d0228e59	ec254a3d80ee	-1.1572834
d0228e59	312254a2872c	-0.84831226
d0228e59	b15c16a648eb	-0.208581
d0228e59	9d25a710856b	-0.73346686
d0228e59	1d9035684f8f	-0.83347607
d0228e59	624e73aff312	-0.9810953
d0228e59	64daa84cf7c5	-0.76673526
d0228e59	3b243810dc7e	-0.38345844
d0228e59	b02ee0f74674	-0.058679037
d0228e59	ab6e950e2428	-0.1399807
d0228e59	b614aee71603	-0.4314282
d0228e59	3856e6fc04b2	-0.40438557
d0228e59	88503c852ce6	-0.50331324
d0228e59	4839ada4a427	-0.4211015
d0228e59	f8c32e60e7e6	-0.17636628
d0228e59	296275ba5c66	0.0934016
d0228e59	5f0ab2e33fa0	-0.33855912
d0228e59	91c11d4dd427	-0.24239258
d0228e59	ee3321dbf874	-0.16500103
d0228e59	8ee79465525a	-0.6983015
d0228e59	fafe2837a747	-0.4008328
d0228e59	ac64265f24ab	-0.61292696
d0228e59	f2a49aa63de8	-0.78251916
53b25e66	93cefec12b2c	-2.2835739
53b25e66	464dafe2eaab	-1.9831126
53b25e66	43d9481438c4	-0.999703
53b25e66	eed3139261b0	-1.1511785
53b25e66	c076b73bfc00	-0.86000973
53b25e66	c315b9be9b38	-2.1098354
53b25e66	501d827bc316	-1.9941452
53b25e66	832d94e6442d	-1.4117206
53b25e66	c42cc16c36ea	-1.8850875
53b25e66	cbedd6125c12	-1.9464818
53b25e66	b0df2ba8b8c5	-1.9086926
53b25e66	c6161887db51	-1.8472902
53b25e66	01ff39b708dd	0.7670552
53b25e66	e1afd856cf45	0.60154605
53b25e66	dcd350cab4ba	0.60920286
53b25e66	d8aea0d74a27	0.61395276
53b25e66	bbacb13c3421	0.339475
53b25e66	23df407c0cb7	-1.8907121
53b25e66	f734bb95c276	-2.0320213
53b25e66	7b93134f6471	-2.0320213
53b25e66	423facda768f	-1.8782161
53b25e66	25531d036a10	-1.8442442
53b25e66	fa130e0d6458	-1.840842
53b25e66	5d578edb5273	-0.9023487
53b25e66	dfcbd2d9f192	-1.4772412
53b25e66	3a2f30b8d498	-1.4537941
53b25e66	bc899ac75328	0.7765792
53b25e66	8ecac4b9753b	-1.3824724
53b25e66	68e77191217e	1.2195132
53b25e66	e250eba9de2f	-1.0598506
53b25e66	3f59c1289395	0.6089524
53b25e66	5b66433965e0	0.7273091
53b25e66	f1041cbf7728	0.74080855
53b25e66	99d789de5543	-1.4744215
53b25e66	8ba645ec82c1	-0.7199304
53b25e66	18f10dbf0447	-0.7690231
53b25e66	936a18f3808e	-1.244436
53b25e66	a1b85c054a17	-1.3433774
53b25e66	789c195eb20b	-1.0279135
53b25e66	35d4c5ac89ba	-0.9321582
e9620e3d	93cefec12b2c	-2.532016
e9620e3d	6cb90f936737	-1.898041
e9620e3d	49ca80653997	-1.1139315
e9620e3d	087fa1a7f939	-0.4901345
e9620e3d	70a7dc1c1e8e	-0.27459106
e9620e3d	16a855cea26e	-0.55652
e9620e3d	e545ef5cc448	-0.49583447
e9620e3d	a315b4443359	0.1423261
e9620e3d	038e9c524d5d	0.00960375
e9620e3d	09fbe71cae1b	-0.057383478
e9620e3d	8bc430dc3c2a	-0.3849175
e9620e3d	3b27e3e23749	-0.38493067
e9620e3d	fd1bc1f04588	-0.0374951
e9620e3d	19e8c0653ab5	-0.1605196
e9620e3d	798f1b7cad37	-0.10348413
e9620e3d	69af7640a4f8	0.52018166
e9620e3d	51102b75c163	0.9084232
e9620e3d	494c0a7c46f0	0.38956675
e9620e3d	da122e2d80cc	0.78001046
e9620e3d	5c6641f902fd	0.36043528
e9620e3d	0142b81fbe48	0.47729036
e9620e3d	9819e39dcac4	0.11093194
e9620e3d	a9b9bc48c090	0.86488086
e9620e3d	e1e2e730936a	0.49109617
e9620e3d	a05023e97668	0.6631083
e9620e3d	469078b1deea	0.8325873
e9620e3d	3230c6bd90f5	0.691494
e9620e3d	6b9fddcd3e03	0.40586588
e9620e3d	8be4ee0fcb48	0.38332185
e9620e3d	757e8046792f	0.5865433
e9620e3d	8abbccec45a0	0.67776614
e9620e3d	6eaa4aa47711	0.82959396
e9620e3d	dc396717ba3b	0.5586607
e9620e3d	ae2025e41f9f	0.34278747
e9620e3d	cc2470422f20	0.48337612
e9620e3d	dce1ada7c98d	-0.039567888
e9620e3d	03be38c4a925	-0.040704034
e9620e3d	57ab64bda635	0.2821034
e9620e3d	90756eaed030	0.41657314
e9620e3d	8ebe0bf21dbb	0.5753235
17ce520a	93cefec12b2c	-2.5527396
17ce520a	d5af22dff8a3	-2.0579576
17ce520a	2c745cd3998e	-2.0038304
17ce520a	205d1b1dccad	-1.8820983
17ce520a	593bc1c554a0	-0.19642901
17ce520a	889335b86b55	-0.99289125
17ce520a	a11ffc1292c7	-1.1907738
17ce520a	ea608e55c9ec	-0.91801643
17ce520a	91a8526fa0ae	-0.8618919
17ce520a	d6fcc186d3e0	-0.71476024
17ce520a	43107f4f35b6	-0.64013755
17ce520a	368851b838c9	-0.49812886
17ce520a	998874f90f97	-0.9364609
17ce520a	681c931c03f5	-0.20297283
17ce520a	f08834be5dca	-0.85525185
17ce520a	2e2e91eec39c	-0.26356736
17ce520a	0c738674305b	-0.26356736
17ce520a	8941b538f4f7	-0.29910797
17ce520a	0044f7835bd6	-0.31943446
17ce520a	9a86da55ba91	-0.81037897
17ce520a	52e345034710	-0.70217997
17ce520a	10486617f41a	-0.2640396
17ce520a	5cbb31073e07	-0.81998134
17ce520a	5110f3c2b518	0.04288338
17ce520a	eb12328f2d5c	0.04288338
17ce520a	7be72fb5de95	0.1598688
17ce520a	5c9f1353dbe3	0.10875231
17ce520a	8115bbaa6db4	-0.6650566
17ce520a	3a01f839d98c	-0.8348158
17ce520a	7728b297b728	-0.89278805
17ce520a	d1b772d61bb9	-0.7966739
17ce520a	29848260c998	1.3948854
17ce520a	b0dd0cd1d6d4	1.1500472
17ce520a	a5bf1e405e1a	-0.5288147
17ce520a	333cf13ded9a	-0.28388122
17ce520a	717b8e99a8a6	-0.3481616
17ce520a	c6592082175d	-0.66927356
17ce520a	5d66e2720439	0.07661698
17ce520a	55da879db17a	-0.532068
17ce520a	88e245ff48d5	-0.77014863
23b44b62	f9332155efd6	-2.0785952
23b44b62	38329d79bc50	-1.8366841
23b44b62	ef5f33f31d57	-1.2825432
23b44b62	0aa9625e1e6c	-1.2171257
23b44b62	eebc0842a994	-1.8526483
23b44b62	5ecedb84d84e	-1.782566
23b44b62	72891706ac3b	-1.5371193
23b44b62	04423b0baef0	-1.7685435
23b44b62	285eb633be5e	-1.2859287
23b44b62	29e10b8934bc	-0.89860916
23b44b62	a25ff1e574d8	-0.9639719
23b44b62	bb93542e3ec9	-1.378906
23b44b62	58eb16d26057	-1.838906
23b44b62	a2618079e479	-1.4826074
23b44b62	41a0e94d55a2	-1.150521
23b44b62	2546bfc843f0	-0.6304389
23b44b62	f8117f857ccd	-0.9449291
23b44b62	645e700ff2db	0.18584153
23b44b62	d57f475838a5	0.03541415
23b44b62	eb292e77a7b5	-0.4294429
23b44b62	ae2e046f3f42	-0.31766483
23b44b62	69423e45b0c2	-0.4066194
23b44b62	bf80fee677db	-0.4679987
23b44b62	74aa984c2aa1	0.13909167
23b44b62	05572b30878f	0.025682636
23b44b62	8595d99921ae	0.10417596
23b44b62	bdb7b3fc9a85	0.44397178
23b44b62	435a5eee9bcf	0.32486925
23b44b62	3dc58deebe8f	0.50552326
23b44b62	de27e796151a	0.38853052
23b44b62	b9d77a61963e	0.73711884
23b44b62	89027ad8cb66	-0.034166552
23b44b62	ca8dc85f3738	0.67277414
23b44b62	f34b187fe4d9	-0.84510285
23b44b62	8ae21f30c786	-1.0469213
23b44b62	a3f8dc20557e	1.4273126
23b44b62	92c8490dc47b	0.3040696
23b44b62	c5be7f888281	-1.1747283
23b44b62	4299665cb8ea	0.30080613
23b44b62	6f25c32afdeb	-0.12162477
00ed8049	719439feeff7	-0.8323589
00ed8049	cb1d2ab74b83	-0.6153313
00ed8049	d7da5aea7181	-0.19824992
00ed8049	0ab69a63af5a	0.027599096
00ed8049	88898f5201fa	-0.8657475
00ed8049	ae49c42aa49b	-0.73102623
00ed8049	6c4e70766789	-0.48427382
00ed8049	13ed1db601fe	-0.83295035
00ed8049	c09bfb892bb1	-0.9094342
00ed8049	640cabc61358	-0.81996703
00ed8049	4e7e8751a980	-0.90279955
00ed8049	adaa76e1ca01	0.18890283
00ed8049	74a7e8d45423	1.2207752
00ed8049	841d9002ee46	-0.55684495
00ed8049	a25113723f4a	-0.76205254
00ed8049	2f12e5067dfd	-0.8051547
00ed8049	61b514b4835a	-0.77548957
00ed8049	20f738cef0ed	-0.88874924
00ed8049	012a511b6e68	-0.34214124
00ed8049	b90428b0328e	-0.4485235
00ed8049	277d8b23f646	0.9719645
00ed8049	f410c6021c33	-0.5241292
00ed8049	20d864caee61	-0.17399853
00ed8049	9a3ac72f84dd	-0.8873587
00ed8049	f61d4a633865	-0.6900038
00ed8049	00d53a70e682	-0.73025763
00ed8049	9771dba59ccc	-0.8072107
00ed8049	ba32aa6a37f2	-0.54654425
00ed8049	e5e83a2a2d82	-0.88029766
00ed8049	a6e2007a8a31	-0.6171618
00ed8049	3aa773cfe8ea	-0.75306374
00ed8049	5567aefc1f94	-0.2703712
00ed8049	a70c5511ad20	-0.4313424
00ed8049	54e7ad1889e0	0.07667173
00ed8049	b2366591e246	-0.4395293
00ed8049	2979dcf61980	-0.43975028
00ed8049	c9035c68c0f1	-0.85774696
00ed8049	df5468367087	-0.64102745
00ed8049	3c312bb1874c	0.15837744
00ed8049	605d3ece6c55	-0.7723725
20a9994f	93cefec12b2c	-2.5203338
20a9994f	ce0d7aff83fb	-2.2339313
20a9994f	d531d4e732f6	-1.7300485
20a9994f	4f36d326915f	-1.9832538
20a9994f	365ce99041ac	-1.5317073
20a9994f	1a0260e09721	-0.7897815
20a9994f	f2b1d5ef91ab	-0.8772847
20a9994f	72a06646a637	-1.6729094
20a9994f	ade6654c224b	-0.73202294
20a9994f	f2a80008a26f	-0.67784655
20a9994f	3f3120982828	-0.388774
20a9994f	fe6e22e768a8	-0.32632217
20a9994f	f2397b2b01a4	-0.39078695
20a9994f	dc4c0f426b1a	-0.25902772
20a9994f	5ff9cd3f3970	0.79219425
20a9994f	e1666fb7787f	0.24260597
20a9994f	1141547ab13a	0.56081986
20a9994f	19fd0a2e6f80	0.01802632
20a9994f	131d5142bbd7	-0.29535162
20a9994f	2120bfe0e004	0.32593212
20a9994f	9e22d0086e51	0.10444371
20a9994f	b43400a6a1ba	0.691108
20a9994f	9a67c22c7b7b	0.6851914
20a9994f	956399172a0a	-0.3224414
20a9994f	0e1ccda7f894	0.5057529
20a9994f	7428b988644e	0.3812082
20a9994f	0029aab1491e	-0.22702874
20a9994f	efedc5e96e27	0.24239315
20a9994f	6b1bfc448f1f	0.15231074
20a9994f	cb64d8efa432	-0.48511672
20a9994f	2513d7956db0	1.0539211
20a9994f	97679dac9c78	-0.14403641
20a9994f	90629967e0f6	-0.1820279
20a9994f	653504ee9d12	-0.032666568
20a9994f	172401da59e8	0.5184456
20a9994f	9a39c4375d26	-0.03964199
20a9994f	f3526127c2f2	0.07989153
20a9994f	f8576891580e	-0.2394741
20a9994f	99b0e72c0f83	-0.2564103
20a9994f	f37a3a0fa905	-0.27083084
2399732e	6ab65c19269b	-1.8743687
2399732e	3e5b18399a5f	-2.293286
2399732e	ff207e1f7672	-1.1200141
2399732e	f2a863001849	-2.2856753
2399732e	17d8a8855ed2	-1.6354396
2399732e	ec4207d2625a	-2.445275
2399732e	aa7bacfe3d85	-1.3710788
2399732e	53c6beab44e1	-1.7028917
2399732e	1adcf6ab130e	-1.8634512
2399732e	043f611b4bf4	-0.88976914
2399732e	49f82bf25b92	-1.2906954
2399732e	462586b68411	-0.54795057
2399732e	2934ec292037	-0.7979218
2399732e	4bb047f312d2	-0.9864847
2399732e	fb060747db68	0.27499115
2399732e	ef498a67c2c1	-0.7726655
2399732e	dd04698ece6e	1.1009107
2399732e	8e49b7b262ef	1.0487957
2399732e	20ba2903bdf4	0.5563125
2399732e	d80db8151475	0.7468795
2399732e	827b379b6af0	-0.7463363
2399732e	1f697e8eec1e	-0.5562675
2399732e	d73eec902254	0.8624005
2399732e	355dbcf84903	0.8624005
2399732e	7bfaa603d823	-0.11231031
2399732e	d950c44e0876	-0.7169439
2399732e	d4ec321edd33	0.16952038
2399732e	a90a556292ff	0.915636
2399732e	79d483fc716e	0.1115444
2399732e	6e994477865a	0.23229739
2399732e	f1cb0fdd30c7	-0.057370372
2399732e	03c893e6e11c	0.50374925
2399732e	8a193ce2b7a6	0.15509753
2399732e	a260f0881f33	0.80786014
2399732e	75d67d1535dc	-0.089466386
2399732e	3e29517fc3ef	-0.044403143
2399732e	19522a064b74	-0.07611854
2399732e	0eb0a5833eb2	-0.51861995
2399732e	4c8655d466a6	-0.4903372
2399732e	028edf50a17e	0.12819082
baa25d03	6a4fe0294b01	-2.077179
baa25d03	71d9870a561a	-2.1621363
baa25d03	76a1a3ea0ead	-2.0845892
baa25d03	dcc5f6f27655	-1.4871845
baa25d03	1e582cdc9f79	-1.9015188
baa25d03	c9c43592bb39	-1.8703063
baa25d03	8a5ae6b71427	-2.0355012
baa25d03	efc1515add57	-1.5191063
baa25d03	231b158b8d42	-1.7082124
baa25d03	f604c5e04808	-1.8710591
baa25d03	cf7c6f8f2f1b	-1.4783298
baa25d03	5a58b50b683e	-1.5412169
baa25d03	b6a6aec50945	-0.9326497
baa25d03	b12da4e543dc	-1.2621244
baa25d03	110fb2a2dedc	-0.3525918
baa25d03	02cf92cc3346	-0.5843177
baa25d03	354a8378341c	-0.46624172
baa25d03	7d0ec12929fc	-0.53653413
baa25d03	4a98982cca0b	-0.62100315
baa25d03	4bb29cc2ea45	-0.42638478
baa25d03	2189d4a40d92	-1.9060769
baa25d03	74e9351baeeb	-0.6232106
baa25d03	9a29f67249ae	-0.6312548
baa25d03	f7064341edb3	-0.30476835
baa25d03	ddb9fbc4577f	-0.13510358
baa25d03	12322765ae55	0.1155689
baa25d03	8d80318f433b	-0.2359592
baa25d03	38ad2cb0b918	-0.27504578
baa25d03	2aecaf5d78f4	-0.24373376
baa25d03	8b85237c3496	0.18082842
baa25d03	7bbedcde5658	0.198468
baa25d03	f85a65b3bb53	0.06558084
baa25d03	5fd460a7d463	0.13474664
baa25d03	01b7e3b6f2b7	-0.1486953
baa25d03	8ff7b092137a	-0.5105721
baa25d03	40b8624e90e3	-0.46851632
baa25d03	84d9b07874b4	-1.2275182
baa25d03	b4ca7e9e6405	0.9655673
baa25d03	49cbacad2e05	0.49137226
baa25d03	42292c7ce552	0.41112152
228bd2ed	d2743f559a28	-2.2245262
228bd2ed	966035f0c110	-2.325072
228bd2ed	58ab81db9f51	-2.325072
228bd2ed	adab350eeaf9	-2.325072
228bd2ed	266531a02513	-2.325072
228bd2ed	89d202656258	-2.325072
228bd2ed	119ed7dea94e	-2.325072
228bd2ed	9b2b1d4f536e	-2.325072
228bd2ed	f760f9d24cbc	-1.4097857
228bd2ed	df3cd587a9f4	-1.153113
228bd2ed	6695ed6cd858	-0.9243758
228bd2ed	b7f0c3e92ce8	-0.8408035
228bd2ed	ee130f3e5896	-0.7443696
228bd2ed	e9ba17990aba	-0.027236331
228bd2ed	26ecd05e852a	-0.032596402
228bd2ed	05afa0a6c42e	-0.7858512
228bd2ed	ca9b630979a0	-0.3577719
228bd2ed	96c182213dde	-0.19122986
228bd2ed	530d0a38c522	0.00031692535
228bd2ed	8fa0b248fd99	-0.10316397
228bd2ed	ec071034475f	-0.14318752
228bd2ed	11d9a92f1891	-0.0829347
228bd2ed	95151f3017f3	-0.55464655
228bd2ed	ff867737c5fd	-0.15870635
228bd2ed	9b053fe28edd	-0.30504885
228bd2ed	9100a4bbf543	-0.0803315
228bd2ed	de9e9fe38d48	-1.0817481
228bd2ed	8089cb39403e	0.07522341
228bd2ed	8d59ea429bbc	0.30414596
228bd2ed	cbc42ad48d52	1.4289951
228bd2ed	f9a3c07a4792	0.23412883
228bd2ed	3aa135daf409	0.13878524
228bd2ed	f85d20a90f8e	0.40268227
228bd2ed	dadeba162ac4	0.55389094
228bd2ed	24490e36b2f5	0.035017446
228bd2ed	868eacd4f7b7	0.070337124
228bd2ed	e29e0c52b323	0.070337124
228bd2ed	e6bb3180c85e	0.5411282
228bd2ed	0d0585df808a	0.60675955
228bd2ed	fc78e15e8bcf	0.92792773
e427c5db	1e56b40ece04	-2.2605898
e427c5db	7c3c2e20ac34	-1.7367303
e427c5db	5c5454a4ac3d	-1.5184013
e427c5db	631bb87d2615	0.004350963
e427c5db	13f71cebee60	0.52705866
e427c5db	91560f924cdd	-1.8504516
e427c5db	4611f425d631	0.13914208
e427c5db	e9eaaa5a875d	-1.6060832
e427c5db	ccfd9b510da1	-1.2690674
e427c5db	b9f20abab44e	0.24388294
e427c5db	c5431e66a3f2	0.7829018
e427c5db	17ac225b0fb9	0.9908931
e427c5db	d285b9c674ee	0.57807475
e427c5db	df4d9a12a116	0.6022224
e427c5db	251fb53a48f1	1.4362043
e427c5db	907698d71f89	0.9963744
e427c5db	36eec1bf21a3	1.0900826
e427c5db	4c088f437c06	0.48689255
e427c5db	a6495e416a72	-0.012314821
e427c5db	88aaa6ad51b4	0.25419894
e427c5db	f5d6b64d0b34	0.43185762
e427c5db	30c835cd712a	0.31995872
e427c5db	ed746b87eea8	0.7219218
e427c5db	bcf6689521f2	0.24823591
e427c5db	430723089730	1.0983124
e427c5db	b605548dea31	0.828999
e427c5db	45c58cf4d49b	1.6598257
e427c5db	26652a2b7c60	1.2002339
e427c5db	b602e23a16af	0.40900567
e427c5db	284d4d28cb54	0.80324584
e427c5db	b14427950893	0.80324584
e427c5db	5b529561e2cb	-0.22235873
e427c5db	b1183ec92d8d	0.78775054
e427c5db	8532367cd702	0.78775054
e427c5db	e6caa8476ae5	1.2882147
e427c5db	6b9b8399a7f3	0.39192358
e427c5db	48b614d70a77	0.58097076
e427c5db	9b3202dcf6e1	1.4595426
e427c5db	6710062b5811	0.56317186
e427c5db	1d4d9c613e99	0.39463744
5f91094b	93cefec12b2c	-2.5203338
5f91094b	dac579c30332	-1.6094103
5f91094b	8515876290a1	-2.0253947
5f91094b	3229e1c57bc3	-2.3595352
5f91094b	16fbb61da7d9	-1.5098916
5f91094b	0a4b22297e71	-1.2593453
5f91094b	6269e82ee4a3	-0.57937664
5f91094b	ebd7247e8c8a	0.7377999
5f91094b	392b9f2c65c9	0.4500735
5f91094b	3085adebbfa9	0.42393464
5f91094b	eea36265755d	-0.52056026
5f91094b	0bfa2608726b	-1.0161804
5f91094b	4a008b145b00	0.8581876
5f91094b	d5cfdbb1a1e8	0.07984414
5f91094b	d2cce4967a0d	0.1875412
5f91094b	df844052120f	0.39691067
5f91094b	2a3358787015	0.27137882
5f91094b	12038b67c0d9	0.5263966
5f91094b	e16a62dacc55	0.49894223
5f91094b	1a4fd82331cf	0.6366859
5f91094b	6cd2bc98a344	0.59506625
5f91094b	90c41e51e452	0.26007104
5f91094b	beb9be14b38e	0.27394557
5f91094b	619f2087577a	0.2204336
5f91094b	1de7e5ffeaa3	-0.6844701
5f91094b	4dfc5fe1c58b	0.70538515
5f91094b	ffd1e6381a3b	0.7600884
5f91094b	4e82e5dd33bb	0.40248528
5f91094b	ca5d9c25eba0	-0.7552345
5f91094b	cf183b2b270a	0.61508954
5f91094b	56676ae3af6b	-0.28518644
5f91094b	70841af70aea	-0.32072708
5f91094b	0ec94534fdc3	0.44745097
5f91094b	7316dd1bbde0	-0.6523676
5f91094b	9aeee4c6fa74	0.83456963
5f91094b	c9b4e91201f8	0.14214648
5f91094b	16c67eb1692e	-0.2448522
5f91094b	9200177e096e	0.23551698
5f91094b	339fb02fcfc3	0.3869047
5f91094b	38deda542112	-0.12814853
f9d84fd4	01afe8158724	-0.56730616
f9d84fd4	07a0af88b038	-0.5526241
f9d84fd4	e874c551b717	-0.65967035
f9d84fd4	a27ff39fb45e	-2.013301
f9d84fd4	7731f957ace2	-2.013301
f9d84fd4	c9d2e4767b5a	-2.013301
f9d84fd4	02ae068ccaf0	-2.013301
f9d84fd4	c6e0d53ec51b	-2.013301
f9d84fd4	5f866ee3355d	-2.013301
f9d84fd4	690471a67d2e	-2.013301
f9d84fd4	0d8754cfba7f	-2.013301
f9d84fd4	c7bfac2b33dd	-2.013301
f9d84fd4	b48e9dbdbb74	-2.0666761
f9d84fd4	6a1cce64bd41	-2.0666761
f9d84fd4	cc6923db6b18	-2.0666761
f9d84fd4	8f1203adc49d	-2.0666761
f9d84fd4	15147c7d2942	-1.9997569
f9d84fd4	2e4ca28ace49	-0.6390507
f9d84fd4	38bdfa273535	-2.013301
f9d84fd4	f949b47b6a5f	-2.013301
f9d84fd4	792f13be713e	-2.013301
f9d84fd4	e11d80b8c385	0.72575366
f9d84fd4	e1897a4fa982	-2.0865445
f9d84fd4	93cd7045db17	0.06036602
f9d84fd4	6b9eafcfcc12	0.10829518
f9d84fd4	e0157a75d95c	-0.8677197
f9d84fd4	948834ade30a	0.44752264
f9d84fd4	61f8da9d6025	-0.56213826
f9d84fd4	8a344467b594	-0.7742486
f9d84fd4	69e711e0627e	0.63432914
f9d84fd4	3f5b4d4db3de	-0.18598469
f9d84fd4	c0d9e2220d13	-0.16600278
f9d84fd4	54e19327386b	-0.2858398
f9d84fd4	6b7c28ca2afc	-0.46675128
f9d84fd4	a41b39c0f3f2	-1.15566
f9d84fd4	8caffbc5ace0	-1.084004
f9d84fd4	578e616318a8	-0.5899441
f9d84fd4	d096ddfcc0a5	-0.42376113
f9d84fd4	820ac16ea57b	-0.8225819
f9d84fd4	40ae14f05119	-1.1333199
ef775e58	93cefec12b2c	-2.5446842
ef775e58	1594929e843f	-1.7992187
ef775e58	98205a1f5823	-1.7992187
ef775e58	491da2d4b41c	-1.7992187
ef775e58	0549fba2304e	-0.7513639
ef775e58	80567b051eef	-1.4472717
ef775e58	308d4587fa34	-0.589628
ef775e58	24f001254d29	-0.6963583
ef775e58	da5f49b97975	-1.4075401
ef775e58	bafd7aa3af22	-0.9916348
ef775e58	a3cdcb3b6c0b	-0.93294173
ef775e58	82425a04afeb	-0.80075085
ef775e58	7c9e23a3a4fb	-0.6332282
ef775e58	6e218bdd7943	-0.24057452
ef775e58	0a41a4f80102	-1.0474181
ef775e58	f686728cd80b	-0.62434816
ef775e58	5aa1fbecdd83	-0.586402
ef775e58	0055b135c1de	-0.3252492
ef775e58	9047caa4e722	-0.3187528
ef775e58	df3288275155	-0.4413638
ef775e58	caa934b14b98	-0.25219625
ef775e58	ebba6d9eb91a	-0.25219625
ef775e58	df52d38b74c9	-0.27405077
ef775e58	ff850e025426	-0.7049875
ef775e58	9f7f82584568	-0.48615256
ef775e58	9ad6ac0e764a	-0.64280146
ef775e58	9bb6fbbdd848	-0.5031017
ef775e58	dca3292c1b46	-0.75276154
ef775e58	e6b0c03bd57a	0.8944907
ef775e58	b8a7737457ef	-0.7119206
ef775e58	48972d9ab683	-0.7372856
ef775e58	5117a26c3c71	1.033093
ef775e58	b55d3ebc7978	-0.743509
ef775e58	076641f0f347	-0.40052274
ef775e58	15113b90e394	0.20569047
ef775e58	3b7c8f0fc0eb	-0.6792897
ef775e58	1911a6eabf75	-0.7318809
ef775e58	877bf431b310	-0.6374108
ef775e58	00a23c250c17	-0.6374108
ef775e58	487ef893e3a6	-0.3423201
48a3179e	b5e3847cea7a	-1.1724116
48a3179e	db0fec256abf	-0.5082544
48a3179e	2caae4d731a7	-1.0206369
48a3179e	bc0553abf116	-0.30390275
48a3179e	6b4690de1bf6	-0.4537036
48a3179e	f429800cb621	-0.5621694
48a3179e	8061494275a3	-0.8223393
48a3179e	d2762874bc5e	-0.6016359
48a3179e	d5e2ab4fab0e	-0.5724065
48a3179e	9421a4149eb5	-0.47251326
48a3179e	048d8971f64a	-1.1290146
48a3179e	e04bbdf681cf	-0.61534315
48a3179e	4f1a405bcedf	-0.3425184
48a3179e	fc1e7560f5fe	0.7690022
48a3179e	36a3cb1b9a91	-0.5102343
48a3179e	802baf02c898	-0.5102343
48a3179e	d57b6c61854b	-0.253038
48a3179e	8acb95f006e4	-0.74367267
48a3179e	7e5897aab619	-0.4190893
48a3179e	1df33bafe5d4	-0.05682116
48a3179e	f141bbbbe7f2	-0.44414338
48a3179e	d15e1645ebe4	-0.4976553
48a3179e	44630a48d3d4	-0.41245946
48a3179e	9b0ca02e11d4	0.55388504
48a3179e	0d8243bd6f8c	-0.34890184
48a3179e	5d1a2c1b68a2	-0.4791207
48a3179e	f3b6b7940fc4	-0.53161794
48a3179e	36da48ea3a49	-0.8849771
48a3179e	9f462b502e31	0.07290188
48a3179e	4324b4891bae	-0.8388885
48a3179e	8c03c95bc1d7	-0.026667533
48a3179e	d9d87a3e76e4	-0.6240245
48a3179e	afb5aa943c2f	-0.7567438
48a3179e	bbf51485b229	-0.45370921
48a3179e	a151094c718e	-0.2647486
48a3179e	be5d2b0499b4	-0.1137812
48a3179e	fb9c4c71295b	0.05713304
48a3179e	5d40d34de2c8	-0.24193326
48a3179e	74dffb88f186	-0.6206389
48a3179e	4d9422797c0b	-0.698395
f647d3f9	93cefec12b2c	-2.4804504
f647d3f9	774aa693e12e	-1.415741
f647d3f9	a303bdb5bd51	-1.422003
f647d3f9	be6fe3679394	-1.0543205
f647d3f9	afe4db9942df	-1.7125111
f647d3f9	a8421ed37563	-1.3172591
f647d3f9	9561789c964c	-1.1407236
f647d3f9	0bdb44b23a16	-0.3883725
f647d3f9	01a7c487bc6e	-0.13163532
f647d3f9	9e5a846921e2	-1.155213
f647d3f9	de60eb7c0fa3	-0.7542667
f647d3f9	0f6231238396	-0.7542667
f647d3f9	545812f3ebcd	-0.6041723
f647d3f9	cfe5b0bf5c2f	0.82318425
f647d3f9	f56d1daa71a5	0.55786365
f647d3f9	91abb735c36f	0.563144
f647d3f9	c00d16e67cf4	0.47733232
f647d3f9	b41653b523a3	1.0308402
f647d3f9	bee89432a8f8	0.97354716
f647d3f9	0df5be158efe	1.1007625
f647d3f9	643c03c854fc	0.91327244
f647d3f9	bd73c0727ade	1.1936265
f647d3f9	d06c10569035	0.4527519
f647d3f9	3c3e92968e64	0.2045973
f647d3f9	90b7341e15ef	0.23503217
f647d3f9	fdd941dbf757	0.72847915
f647d3f9	34f3a4a697cd	0.99971575
f647d3f9	c56c49e873bd	0.24861166
f647d3f9	cf8d81ef9e6b	0.5677147
f647d3f9	5e22c42f85c7	0.81311435
f647d3f9	23b7ccc3ab8e	1.275353
f647d3f9	4f551d7f8859	0.8144157
f647d3f9	31709fbbe81d	0.038378567
f647d3f9	6a0c4bf9a9fa	0.55907714
f647d3f9	587f1b0bbb38	0.5592774
f647d3f9	a391c07269c6	-0.78193563
f647d3f9	9f32da91884f	0.4256557
f647d3f9	5c4902b2c49d	0.21096432
f647d3f9	905217f72b7f	0.9291973
f647d3f9	0db7c91049f4	0.58787787
9e87812f	93cefec12b2c	-2.532016
9e87812f	31f4df70593e	-0.92411333
9e87812f	0d6760da61fa	-0.814749
9e87812f	d04dce3793e4	-0.8735861
9e87812f	e3705af8c27b	-1.5867809
9e87812f	9a6ed974fd55	-0.18975276
9e87812f	02b36df49381	-0.17051663
9e87812f	8308019141e7	-0.24863887
9e87812f	28cf3beab644	-0.24863887
9e87812f	7611750a0ae6	-0.11496987
9e87812f	506c4c76b777	-0.2835142
9e87812f	8d35bfa5576f	-0.77134407
9e87812f	3f1f49691e93	-0.7358035
9e87812f	2889398e7e07	-1.1635001
9e87812f	dfe41b07446b	0.3123036
9e87812f	e31228377c0d	0.3123036
9e87812f	bca9ac2bb006	-0.28355244
9e87812f	86aed1a4e4fd	-0.39820167
9e87812f	b31a932af078	-0.8556438
9e87812f	cc8ee75314f1	0.3656606
9e87812f	0f68cb672dd1	0.6161586
9e87812f	4e95b7a3e819	0.61578965
9e87812f	0b2755e41d6b	-0.37894893
9e87812f	9fbbef0aeced	-0.013493043
9e87812f	a21a4c43c03a	0.81934893
9e87812f	d73fc9683872	-0.18624867
9e87812f	246c9b56dc45	-0.31445983
9e87812f	c57453b412dc	0.4017926
9e87812f	ca0e0dcc754e	-0.17217724
9e87812f	fd5060c2c056	0.38165084
9e87812f	c5001a4883e1	0.39931414
9e87812f	3e818ac34ad3	-0.21393493
9e87812f	626e8575736c	-0.2030832
9e87812f	4d3ded1208cc	0.30262014
9e87812f	9dec9373422c	-0.4998044
9e87812f	26ab96a19df7	-0.65160733
9e87812f	29915d976bec	-0.22189683
9e87812f	c96a625b2d4a	0.47103748
9e87812f	d50e8768a8e0	0.02791827
9e87812f	71d1787bb155	0.34141573
b6cec3ff	1a589c1c8037	-1.8214513
b6cec3ff	e31684c98905	-1.4297826
b6cec3ff	93cefec12b2c	-2.6198962
b6cec3ff	e8b5f4cb4e03	-1.2868629
b6cec3ff	e5bd02af5c3e	-1.3857858
b6cec3ff	f994a1ad368b	-1.3371959
b6cec3ff	ae3dd58d14ef	-1.4153183
b6cec3ff	c0097fde3a5e	-1.4153183
b6cec3ff	345716449884	-1.4538518
b6cec3ff	8ba1342fdda0	-1.4538518
b6cec3ff	17936363fd10	-1.4819394
b6cec3ff	a6ede8e102e9	-1.4745429
b6cec3ff	c29aad1f1fcf	-0.63780344
b6cec3ff	097b1253e842	-1.1281258
b6cec3ff	1443911ae7a4	-1.1983582
b6cec3ff	c0f83c7bffcf	-1.0833217
b6cec3ff	0caf39f76718	-1.0833217
b6cec3ff	e2a17b6aaf96	-0.34711376
b6cec3ff	d696866353ec	-0.33987406
b6cec3ff	b6cb2b6a4251	0.01140381
b6cec3ff	13e390e49a6f	-1.1922762
b6cec3ff	c9f596702255	-0.040369503
b6cec3ff	81f16d9f8d97	-0.03819558
b6cec3ff	6c136c1c1d5f	-0.5370028
b6cec3ff	6e3323ede8b2	-1.4074066
b6cec3ff	2f382529a00a	-0.54341364
b6cec3ff	ab882cf1fe7f	0.034879986
b6cec3ff	956b1436367e	-0.57802147
b6cec3ff	4773d0a1e833	-0.030141728
b6cec3ff	a15881f0bad3	0.4227563
b6cec3ff	70d2bc228139	-0.76706797
b6cec3ff	5d8a0e7f4d51	0.13763626
b6cec3ff	3f3308514786	0.44623485
b6cec3ff	bb489df81a79	0.34989914
b6cec3ff	6a578bd56213	0.09175798
b6cec3ff	56a4a20c26e7	-0.0103456015
b6cec3ff	020d17fcfb1e	-0.03793155
b6cec3ff	a49d7eda18e5	0.6014645
b6cec3ff	cbfcdca3e660	0.3334172
b6cec3ff	e4f0e0d8473b	-0.03656718
b6cec3ff	c9c50176b7cc	0.019985203
b6cec3ff	25f6667e1143	-0.14659065
35d459e2	93cefec12b2c	-2.4804504
35d459e2	d63df860b986	-1.907123
35d459e2	533cab3a8010	-1.907123
35d459e2	7d7793b9e7f4	-1.907123
35d459e2	e21aa06620d3	-1.9469612
35d459e2	720d722d7d87	-1.7726724
35d459e2	682ef8e0140f	-1.3661398
35d459e2	7d23fdefac71	-1.0539203
35d459e2	9027e99c09ab	-1.0539203
35d459e2	dfcf6327cc36	-1.0539203
35d459e2	b5eece3528a5	-1.0759953
35d459e2	845358286a4f	-1.0063759
35d459e2	24fdd46aff46	-0.9373868
35d459e2	f89a5f402990	-0.7077702
35d459e2	b00053ea7342	-0.60414654
35d459e2	ba6c2a19fdf4	-0.22949946
35d459e2	25ec13faf6bf	-0.7779646
35d459e2	e79523c58cdd	-0.721143
35d459e2	5c6b14b3bd91	-0.67197466
35d459e2	f798330c5e7c	-0.114972055
35d459e2	74e757294719	0.037314676
35d459e2	c78a3d6129dc	0.36478284
35d459e2	8db1be40e88a	0.22772798
35d459e2	63240f5df9b5	0.27428123
35d459e2	cd0f1adf8886	0.37065062
35d459e2	30b95fe01ca9	-0.9038853
35d459e2	d7b8e352a07d	0.100198224
35d459e2	79bb5c7a3512	-0.8453227
35d459e2	1904ed84b26c	0.46918133
35d459e2	313b0ec55aba	1.253421
35d459e2	81434646cbaa	-0.74714696
35d459e2	f1101efd4f82	0.3610482
35d459e2	95ff69f065da	0.8181937
35d459e2	f88383cf4b6f	1.0187478
35d459e2	c4850188275f	1.3204248
35d459e2	526055d3425a	-0.68537396
35d459e2	96e1a1b733da	-0.725996
35d459e2	1b6b0c7cf113	0.12328389
35d459e2	660de3b4d95b	0.15073301
35d459e2	0f919061194e	0.810365
10ee27b7	c22f543ed263	-1.858907
10ee27b7	2f19480cbc58	-1.6920815
10ee27b7	c8e575155873	-1.9683659
10ee27b7	9babfa7f4f31	-0.19339275
10ee27b7	43b5aba8bb14	-1.3940871
10ee27b7	93b30129bbe5	0.15974887
10ee27b7	44da26d54551	-0.6798015
10ee27b7	9e6fb2afbf14	-1.2330714
10ee27b7	b285be20e4c1	0.60242736
10ee27b7	7cbe35b62205	0.5689939
10ee27b7	a48ed04a4f25	0.5631075
10ee27b7	93a15f0072e4	0.5965409
10ee27b7	d97d18890b44	0.5965409
10ee27b7	69c0b5c05f10	0.5965409
10ee27b7	75ed3e3d144c	0.5712517
10ee27b7	175c565da3fd	0.6378903
10ee27b7	203f0f92b056	0.5965409
10ee27b7	2c2c78d42c9b	0.5965409
10ee27b7	ad21cedc8d2f	0.5689939
10ee27b7	84fc3f2f39e5	0.5893309
10ee27b7	38350cca6ccd	0.5631075
10ee27b7	0aa82f8379fe	0.5965409
10ee27b7	f9d87134bb72	0.5631075
10ee27b7	cd254bc5a30c	0.6412585
10ee27b7	784fad5edf25	0.60782504
10ee27b7	f0399aec89bf	0.61596924
10ee27b7	ec791c1e0f4f	0.60782504
10ee27b7	4f17b7a9da08	0.6378903
10ee27b7	02d9c3d80fd3	0.62276435
10ee27b7	85e85c017252	1.4236386
10ee27b7	a4fb89a78821	0.75236714
10ee27b7	b33dd93dae64	0.75236714
10ee27b7	c20c37811347	-0.50754315
10ee27b7	9c643c7112b3	-0.9473078
10ee27b7	77b851f2dce7	-0.32165718
10ee27b7	c1f3c4bc514c	-0.49744064
10ee27b7	716c7084a150	0.82906705
10ee27b7	0bd0efe16092	-1.2288822
10ee27b7	139a5c1b1fe3	-0.47380823
10ee27b7	d517334df0bf	-0.6026837
ebb31f7a	2d86a438a3fc	-1.1361171
ebb31f7a	a53078fc0205	-1.1532089
ebb31f7a	cd163b60a242	-0.9404759
ebb31f7a	8ce3b0ea1669	-0.9883009
ebb31f7a	ae14ffe77d7a	-1.3947158
ebb31f7a	98383281df2a	-0.8091872
ebb31f7a	e794357239d7	-1.402155
ebb31f7a	82f45d4d688d	-0.46070528
ebb31f7a	3e1bac4f8b97	-0.7697566
ebb31f7a	9278d33ea128	-1.0420921
ebb31f7a	e5fa5fa82bf8	-0.06681112
ebb31f7a	707deb2e68e7	-0.039681017
ebb31f7a	4744d490ce83	0.24223264
ebb31f7a	02fc7c74cf10	-0.8420292
ebb31f7a	8179f44c63c1	0.46215984
ebb31f7a	e929fc03cd2d	-0.8365681
ebb31f7a	c8ead20cff1c	0.14263898
ebb31f7a	4c20c2f12b61	-0.22166933
ebb31f7a	83b9f2266bac	0.30464336
ebb31f7a	dd65d6ea04f5	-0.39082026
ebb31f7a	09268dea8ca6	0.056262806
ebb31f7a	67773a9a6a48	-0.3317095
ebb31f7a	2ce58824e5f9	0.056262806
ebb31f7a	7da0575214cb	0.1146018
ebb31f7a	93722cd1a876	0.46645692
ebb31f7a	23ea428a87d6	0.36227205
ebb31f7a	f7e440c41723	0.5084707
ebb31f7a	3b8125de0b12	0.6499354
ebb31f7a	cefcbabafdab	0.6211805
ebb31f7a	d588e0e8d424	0.49059716
ebb31f7a	adc3a9ede4a9	0.49059716
ebb31f7a	9833a27f3b18	0.49059716
ebb31f7a	407071156b4e	0.40655282
ebb31f7a	06b7b12e0fad	0.40655282
ebb31f7a	e4443cc10729	0.49059716
ebb31f7a	82d0be3156d4	0.49059716
ebb31f7a	4d5f3e8fde4a	0.6211805
ebb31f7a	df73debe93b2	0.34140489
ebb31f7a	1b3231ac4659	0.3548639
ebb31f7a	d4a26d498ad4	0.7251762
03d600b3	7692a1283671	-0.8519091
03d600b3	fab61718a5ef	-0.97663194
03d600b3	c69d60299392	-0.08933567
03d600b3	d546ae3be3ee	-1.2215137
03d600b3	b6f697c13539	-0.41943818
03d600b3	592dad560714	-0.8581973
03d600b3	46b695795512	-0.3352469
03d600b3	1937466ac854	-0.41929027
03d600b3	68028b043eb2	-0.522485
03d600b3	9cc49b0006e7	-0.017639654
03d600b3	5de2d52fc214	0.1292119
03d600b3	5a4c9eccd392	0.042053595
03d600b3	595c6b8c4714	0.05108966
03d600b3	26ed5eed114a	0.05108966
03d600b3	7eec9f106fbe	-0.042030923
03d600b3	8f9686e0b9ce	0.45823443
03d600b3	65ba489c0102	0.44824365
03d600b3	ee7aecb4790c	-0.08051754
03d600b3	cfe20abde022	-0.35472938
03d600b3	7208c0015d39	0.103987254
03d600b3	4d9bdc839dfd	0.50386244
03d600b3	82a56a169ddc	0.079318486
03d600b3	5c1d3f8f35ac	0.043777876
03d600b3	082b4e02874f	0.1947275
03d600b3	f6f27f0ba116	0.64522797
03d600b3	dc662f0d0b5d	0.64522797
03d600b3	fa5b0cbe1dab	1.6747895
03d600b3	dcbc34d13fc4	0.4057983
03d600b3	1847266b19fb	-0.7901458
03d600b3	5234ea0fdf5a	-0.8205541
03d600b3	b05e0f489c74	-0.59821135
03d600b3	aa3342d8df11	0.55204576
03d600b3	ae8caece7ad0	1.1601924
03d600b3	70c7d0382de8	1.1601924
03d600b3	bde777c33e4f	1.1601924
03d600b3	7016622268cf	0.5918341
03d600b3	8e8494c68c0a	1.1749123
03d600b3	9fba9ae2d9fc	1.1049178
03d600b3	07cd68666d26	0.3931465
03d600b3	524d9a330a0c	0.020523762
7405b463	155b9f621ed4	-0.81560767
7405b463	fc434fcc6cb7	-0.6838772
7405b463	e8c893668cdf	-2.3538322
7405b463	fddfff5f4d94	-2.335557
7405b463	02c5e1b2b648	-2.2972143
7405b463	781bd27369b8	-2.327458
7405b463	af82c8b4a720	-0.3443745
7405b463	da59a6d0ea5b	-1.4871099
7405b463	08ea5bef7cbd	-1.4639415
7405b463	3451f7b920d9	-1.4763728
7405b463	5ad01b615385	-1.4763728
7405b463	f94e40b6c66b	-1.4204223
7405b463	8d10b96cec95	-1.4558868
7405b463	154914e36eb2	-1.4327778
7405b463	b90882de759d	-1.4096093
7405b463	3d281e9c5e09	0.5861815
7405b463	077654ac22b5	0.39720306
7405b463	973d5787f874	0.38498136
7405b463	74fbfed0b43a	0.07555813
7405b463	53495fba202e	0.15727004
7405b463	0ef0ec8531f8	-1.1732782
7405b463	65e17698605a	-1.0903789
7405b463	266a9dffdef7	-0.8069247
7405b463	c66d0718f63f	-0.70032626
7405b463	d0b3f28977de	-0.86624813
7405b463	8ad5ef2f225a	1.1624535
7405b463	876d775ae0a2	1.2441653
7405b463	83cc48040067	0.91894317
7405b463	cab2f60a73fa	-0.1253126
7405b463	9980a865f459	-0.07529186
7405b463	7b62e9daf0df	0.63602746
7405b463	2c77cf205198	1.21725
7405b463	d681d4997011	1.5019546
7405b463	8f7343dd0a71	-0.08104041
7405b463	b471453b9eb1	-0.62210745
7405b463	2cc956c98100	-0.62210745
7405b463	6976333f54da	-1.0288962
7405b463	066511cd1bc7	0.4748323
7405b463	e698c39174e8	0.44818518
7405b463	4b7240421cb0	0.44818518
bc9a08d2	6b33153a7c3e	-1.3522918
bc9a08d2	a157546e2ea8	-0.92555743
bc9a08d2	5aa89ec66997	-0.91216224
bc9a08d2	0d1ffdd99759	0.92304015
bc9a08d2	e246b9e979dd	-0.8821645
bc9a08d2	21e6237a0450	0.3161243
bc9a08d2	48f078406b48	-0.46936664
bc9a08d2	5622ce74b584	1.2493614
bc9a08d2	3dae7c56bf30	1.5323409
bc9a08d2	7335e710d7f3	1.3446089
bc9a08d2	3a6e5c4fe6e5	0.04242851
bc9a08d2	299e4fddb2fa	-0.19774482
bc9a08d2	03fca93db089	0.93870735
bc9a08d2	bcd15002fc02	0.7079346
bc9a08d2	a90d7620ccae	-0.26484448
bc9a08d2	e8fcf54aeeeb	0.655266
bc9a08d2	e5725c0aebde	-0.15963548
bc9a08d2	a4d1043f0f6b	-0.17553248
bc9a08d2	b00bd3f07dfd	-0.20689858
bc9a08d2	19f396db4e37	1.4459616
bc9a08d2	47c55e74ce36	-0.27677613
bc9a08d2	98ab47c2159b	0.6116478
bc9a08d2	80be9e3a896c	-0.095246546
bc9a08d2	761270d56282	-0.41286382
bc9a08d2	2adc2d6f371c	-0.28936914
bc9a08d2	1b6f9bf9baf5	-0.014833705
bc9a08d2	4d29f8eb6548	0.19396785
bc9a08d2	4c4a558a9a47	-0.019629152
bc9a08d2	1b5d103b80d3	-0.2525327
bc9a08d2	f2e0cb1460c1	-0.025610989
bc9a08d2	fa63d1768d5c	-0.10861414
bc9a08d2	7dd1ec3a5197	-0.23802982
bc9a08d2	a58d381fa76a	-0.71559197
bc9a08d2	79da4c4eaba5	-0.115126096
bc9a08d2	56c61253625d	-0.21334986
bc9a08d2	441792fa9bcd	0.0036703509
bc9a08d2	098ae55ccf24	-0.07833468
bc9a08d2	ffa6fa1e9216	-0.24140763
bc9a08d2	1c553341fbaa	-0.30882597
bc9a08d2	647d997aa888	-0.3251438
c489d5b9	d6452d477be9	-2.307608
c489d5b9	d541b0e757cb	-1.892226
c489d5b9	4c0c78fe7d51	-1.806114
c489d5b9	71b66aee5415	-0.8181989
c489d5b9	d374558e32fb	-1.090897
c489d5b9	0499d1772818	-0.9504657
c489d5b9	5982c2670511	-1.2065183
c489d5b9	80c00103f052	-0.57015085
c489d5b9	a03aa45d59c5	-0.45867258
c489d5b9	38a2a80c7f8f	-0.36080676
c489d5b9	4b0b9c0c2520	-0.25558814
c489d5b9	c8f1ca1028bb	-0.9811494
c489d5b9	16a0b3d4a0be	-0.31885716
c489d5b9	f51cdfcae3ec	-1.7583603
c489d5b9	ae9d6f35a5d3	-0.6168947
c489d5b9	2e28ba352af3	-0.70600575
c489d5b9	7936ffa34831	-0.83708286
c489d5b9	408400b01144	-0.3962107
c489d5b9	799cb0e3747e	-0.9811494
c489d5b9	7a5c7d262d3d	-0.35650608
c489d5b9	b51c9e53ae5f	-0.44956976
c489d5b9	bd041c8c2c13	-0.44774428
c489d5b9	d2aca63d37e7	-0.23850064
c489d5b9	e128aa98c2e0	-0.596457
c489d5b9	2ef3f71df454	-0.19087614
c489d5b9	2b83e704a055	-1.1187302
c489d5b9	68ac22b10e14	-1.1563559
c489d5b9	117dd612a77e	-0.28917372
c489d5b9	745fd1b6b85e	-0.027767176
c489d5b9	e90778becfd6	-0.52254975
c489d5b9	66baa4c26e03	0.24695173
c489d5b9	5cd9699a3bc5	0.24695173
c489d5b9	86477b0666d2	-0.27442858
c489d5b9	edb71a25153d	-0.34043357
c489d5b9	a9a4bc399261	-0.38466159
c489d5b9	7ee9800f3be3	-0.628875
c489d5b9	9f8f572b9d12	-0.48257563
c489d5b9	9ccded1b1b34	-0.16481125
c489d5b9	7748bbb7c21a	-0.10338998
c489d5b9	75350a4a9c2e	-0.807327
429b7e78	93cefec12b2c	-2.5203338
429b7e78	3299bd0ec4d7	-2.34635
429b7e78	18861f3ec260	-0.9596539
429b7e78	683cb10caf46	-0.89982694
429b7e78	5f8878feef81	-0.9711758
429b7e78	c3900ddc58fc	0.39654404
429b7e78	17d1ff718455	-0.35117465
429b7e78	86ea0af0672a	0.100733
429b7e78	c5ad8c71dec4	-0.15694547
429b7e78	0d008fced622	-0.09823252
429b7e78	ae1673ea98a8	-0.016629186
429b7e78	569bd29be9b9	-0.35720125
429b7e78	ccaedbab4295	-0.7894827
429b7e78	dd9346cf7e03	-0.87266177
429b7e78	72125048dac8	0.5733516
429b7e78	9c7f171fe278	1.03589
429b7e78	01a08d5b66f4	-0.31266758
429b7e78	35b110d7afcc	0.21479668
429b7e78	7d72f3342b20	0.3638346
429b7e78	a7b91694ae89	-0.033072922
429b7e78	96c5018aa188	-0.907694
429b7e78	b6b70c843ab1	-1.134252
429b7e78	54082f3c0f6e	-0.8590381
429b7e78	6bb4540ff0d3	-1.1540248
429b7e78	931b65c99979	0.38572016
429b7e78	a28499996dc2	-1.0149773
429b7e78	c38e021b1f04	-0.9195602
429b7e78	1d962d245829	-1.0706336
429b7e78	c1ba49d30722	-0.74698216
429b7e78	bbdca57b921c	0.19443734
429b7e78	db02e20e0227	-0.48946205
429b7e78	60bf3d9b412d	-0.56629664
429b7e78	ffaccb5680d6	-0.73752296
429b7e78	2188e6831caa	0.17540435
429b7e78	e007f91f1018	0.112757005
429b7e78	2b5393a88027	-0.78430116
429b7e78	61382cf79eb5	-0.7002375
429b7e78	7194fcd974c2	-0.26735142
429b7e78	1c93c6d018d8	0.98374355
429b7e78	7a017e7fdd23	-0.74717325
3b4e0568	93cefec12b2c	-2.5203338
3b4e0568	ce03cba5f760	-0.9079993
3b4e0568	05f10a8ec2f3	-1.0293096
3b4e0568	1c03ea7319ae	-1.143348
3b4e0568	4b65ce8a1dc3	-1.1298478
3b4e0568	b22b9721e2b9	-1.2542919
3b4e0568	351a7c874bcd	-1.6049236
3b4e0568	33fda1b9e891	-1.2864273
3b4e0568	04ef28509270	-1.6522903
3b4e0568	2b1d4c2366b8	-1.3348745
3b4e0568	a5bbf4133f60	-1.2516513
3b4e0568	27e34f577364	-1.065737
3b4e0568	2bb72dd95c69	-1.8011876
3b4e0568	019465b4114e	-1.8011876
3b4e0568	9f1a11f57ce3	-0.4199396
3b4e0568	bbaf9341b6fa	-1.8041155
3b4e0568	b11302e4918b	-1.6839297
3b4e0568	4238c1404eaa	-1.7833921
3b4e0568	2eae94c30901	-1.8157325
3b4e0568	da017b33df08	-0.9763835
3b4e0568	c5e815fbafb0	-0.3045992
3b4e0568	511b964b1b56	-1.0690081
3b4e0568	74754b6d62e6	-0.3517911
3b4e0568	5ee40566a281	0.2576815
3b4e0568	37082aa6e3b4	-0.3073397
3b4e0568	195e80d86a6a	-0.53454065
3b4e0568	606c18858405	-0.9839074
3b4e0568	2717d71c4992	-0.30255693
3b4e0568	2d896f58a75c	-0.35739306
3b4e0568	844011877c39	-0.08632286
3b4e0568	c73be7e581fe	-0.39071974
3b4e0568	d8d38f0ac0fe	-1.4485906
3b4e0568	8720c5259ce9	-0.090705134
3b4e0568	b9d852889529	-0.21956733
3b4e0568	711ed25c9529	0.45526615
3b4e0568	4ab5a3f29b04	0.11146709
3b4e0568	2c034cd71d7b	0.026423423
3b4e0568	0f78fda790b7	-0.40198413
3b4e0568	baf53d3eb061	-0.5542598
3b4e0568	7e63b24fa2ce	0.12846822
4fa46b33	4346d1454bb5	-2.4411302
4fa46b33	c59731a22f60	-2.5643806
4fa46b33	23e3ce67505a	-1.6409733
4fa46b33	6b09e842ec3d	-1.8458731
4fa46b33	9d932afb1fe3	-1.3036828
4fa46b33	0597a86828d9	-1.7404164
4fa46b33	6edc9a1466fa	-1.2091422
4fa46b33	8c8aa1ff3d65	-1.3441219
4fa46b33	17640fb3f7e6	-0.71315515
4fa46b33	29a56d4db316	-0.03881126
4fa46b33	65bd21a55845	-0.001469909
4fa46b33	74faf2f4a390	-0.046714693
4fa46b33	22e9aff15be9	0.35989472
4fa46b33	972c17d48226	-0.8875556
4fa46b33	551720184455	0.09093375
4fa46b33	9af4c0f99360	0.35752764
4fa46b33	6c8e0fd66613	0.5731727
4fa46b33	f6b6fc3141ca	0.77140355
4fa46b33	605cb79b204d	0.3555352
4fa46b33	2ed3579a80d0	0.58209616
4fa46b33	b326b5c6debc	0.58209616
4fa46b33	ba078a3802ff	0.6780877
4fa46b33	ffb7e1474ace	0.32295635
4fa46b33	bd115477dba6	0.30887184
4fa46b33	d8fd40d4fc9a	0.096612
4fa46b33	9d8b429d82f8	0.19689064
4fa46b33	a2e8a9a1537d	0.32096902
4fa46b33	91fec309ea04	0.7560742
4fa46b33	4642cebee934	0.30687717
4fa46b33	4ed31c13ca5f	0.83256644
4fa46b33	c76facf6e830	0.5797377
4fa46b33	2732ccf8b02a	0.3681415
4fa46b33	53ad1365a91e	0.22613862
4fa46b33	a17f5a35e57b	-0.77337223
4fa46b33	75779017d7c9	0.5518587
4fa46b33	ef0eafc493fc	0.03467074
4fa46b33	349ab3722208	0.46892056
4fa46b33	86d1462d5a4a	-0.1654131
4fa46b33	dcd4f1c795f0	0.40354887
4fa46b33	b6852e9734f8	0.030733868
b384f60d	8dd32e933bf5	-0.832097
b384f60d	8ff17d27e358	-1.2812905
b384f60d	d1412335aad2	-0.49820724
b384f60d	f9c2a5412d9f	-0.9316245
b384f60d	b3e00c99918a	-0.92063475
b384f60d	5467feaeff56	-0.65601057
b384f60d	f08aacb3c505	-0.410491
b384f60d	f694d91f0533	-0.6280903
b384f60d	9d3a7add0d44	-0.41369492
b384f60d	4c02689f8298	0.73627317
b384f60d	5a32c308861a	-1.0097153
b384f60d	75bee08d87cf	-0.6184535
b384f60d	e467cd2de08a	-0.37805757
b384f60d	5c2671bf6579	-0.989034
b384f60d	8b9924c0407a	-0.7127051
b384f60d	977430e001e9	-0.23120373
b384f60d	a21df6060ba2	-0.5739866
b384f60d	bfe44ec6e3cf	-0.09774142
b384f60d	f2c9aa4b9d49	-0.5393699
b384f60d	9917ea7ec2a2	0.052393004
b384f60d	dbd8c4757b52	-0.3533207
b384f60d	7935055e635f	-0.29246238
b384f60d	fdf4588cca40	-0.25196892
b384f60d	d9f034126338	-0.9378696
b384f60d	b4fbb65c8931	-0.9392527
b384f60d	b312acf8a581	-0.33398995
b384f60d	e01517ecd94f	-0.39323163
b384f60d	fc85aa247d5c	-0.15744838
b384f60d	c0cc8bd68fa7	-1.007818
b384f60d	eda36d17bc79	-0.5187163
b384f60d	a91ba5a8b95e	-0.124510325
b384f60d	c3124f9ac888	-0.20388843
b384f60d	585628b2afca	-0.2655387
b384f60d	74d201259487	-0.36503053
b384f60d	e5e9e74e77b9	-0.36503053
b384f60d	aaa9b6fb83d0	0.16694735
b384f60d	3edf318c2553	-0.41433358
b384f60d	dfe957f58959	-0.24684566
b384f60d	a4283dc07bf7	-0.3869345
b384f60d	775e2a57a421	-0.9188707
9da67436	93cefec12b2c	-2.4297829
9da67436	026f737d4162	-0.8879552
9da67436	6d62cffc4223	-0.25153926
9da67436	994018f112d2	-1.2512051
9da67436	ff3becbbce87	-0.33490565
9da67436	f17af0760346	-0.26021585
9da67436	66fffc961d46	-0.31523302
9da67436	2ebec324320c	-0.73583406
9da67436	6a98ebc63a8a	-0.46442828
9da67436	bfc696ad990d	-0.41368458
9da67436	e07efaa76f76	0.5969311
9da67436	3ffc1d1882c5	0.5969311
9da67436	1b74fb577d84	-0.6596557
9da67436	4bd5334d4715	0.054900877
9da67436	d66c2b1c40e4	0.27998865
9da67436	670bbbe896ce	0.32347703
9da67436	3266d884aa8a	0.31128266
9da67436	846e59e2dc7f	-0.9199747
9da67436	b9a420891721	-0.83804554
9da67436	f0667b508a9d	-0.75353426
9da67436	844e6da9f972	0.6447128
9da67436	cebe2070ba2a	0.14182569
9da67436	eec382a28ecf	-0.26400116
9da67436	52c0766381ce	-0.49885193
9da67436	0d8f0c571e9c	0.32671037
9da67436	bcf20d7a6cf5	0.17641927
9da67436	995c5d4c7ece	0.42357326
9da67436	4d9089c9b29b	0.373363
9da67436	67bea8859ae7	0.35128793
9da67436	cf2b7885f00a	0.35128793
9da67436	f8561b1879c9	0.48809192
9da67436	f91fa5137780	0.4783189
9da67436	0a55b91dd22e	0.38156357
9da67436	896f63f6c0a3	0.48488668
9da67436	26ccc5ec65c1	0.48488668
9da67436	bc3f54aaee1c	-0.08784229
9da67436	d0c87046579a	0.7887147
9da67436	b13fe90a4429	0.14134295
9da67436	d6bfc829db01	0.099742256
9da67436	c1a31bed764a	0.18779594
9da67436	30a0b483e822	0.1637461
9da67436	76363b6db5a2	0.1711147
9da67436	3f6bf1e4ffa4	0.17513481
9da67436	3483816970bb	0.15273294
9da67436	09fecd51fa5e	0.14234334
85b68e36	93cefec12b2c	-2.0251763
85b68e36	d6452d477be9	-1.4775826
85b68e36	0493fa06b60b	-2.0682745
85b68e36	2754799c774b	-1.8050452
85b68e36	9186a37bec82	-1.1577328
85b68e36	349016efd320	-1.005812
85b68e36	fbdc1b1bf4db	-0.8145657
85b68e36	871fe9b04bcc	-0.9648745
85b68e36	403ae263c270	-0.9863415
85b68e36	6cb348715149	-0.76194334
85b68e36	0bb845da33fe	-0.65413827
85b68e36	bec636d48ca4	0.56324565
85b68e36	7957c8971e6c	-0.99739105
85b68e36	738e625bcca7	-0.7202395
85b68e36	107fe9a7ca48	-0.9501186
85b68e36	3469cef0b19b	-0.5048957
85b68e36	e3fecb1e2fcf	-0.73905975
85b68e36	5ded7229a450	-0.37730092
85b68e36	6cd686260bf2	-0.122648396
85b68e36	1214ba11388a	0.9305983
85b68e36	ac4d03f3c549	1.1674299
85b68e36	2a216a68a3d1	0.6333003
85b68e36	f99d7e7a9be4	-0.30751356
85b68e36	f7ab51d85a28	0.44704106
85b68e36	77a2e5d2a300	1.2243584
85b68e36	bb785040c28b	-0.39142245
85b68e36	49bd2be33cf5	0.45733055
85b68e36	825cb4e5b7ff	-0.28681794
85b68e36	5887d0cfb982	-0.10997934
85b68e36	2f6153a75947	-0.14169472
85b68e36	189b783dfd24	-0.14169472
85b68e36	09735a4cf7b5	-0.28691623
85b68e36	13ffaffb0d04	-0.19676155
85b68e36	a8539223f6ee	0.60290533
85b68e36	2fa21d6c0621	0.2860469
85b68e36	fb8161847603	0.2798027
85b68e36	7a9a22936728	1.1275346
85b68e36	a607fde4d382	0.5889939
85b68e36	0a546317bcd9	0.5953141
85b68e36	b59f65b4a6e5	0.7082802
0d05e1c3	93cefec12b2c	-2.4921327
0d05e1c3	c5f261f64bf1	-1.5511463
0d05e1c3	3e2976fa5e79	-1.0069966
0d05e1c3	2a29b3306906	-0.94755536
0d05e1c3	41e084cb4eb8	-0.65906346
0d05e1c3	7e97c4a3e73c	-1.6063021
0d05e1c3	41b4a00695b9	-0.0674921
0d05e1c3	736b6a16195f	0.12076494
0d05e1c3	67e6526b8c98	-0.02635556
0d05e1c3	cc4d22bf087f	-0.5225699
0d05e1c3	48130d245f9d	0.14831953
0d05e1c3	05fdb216dc3a	0.95887005
0d05e1c3	4147e0c923e9	-0.8049816
0d05e1c3	db5a2381e29c	0.6400184
0d05e1c3	3a3d44f2bf95	0.3667632
0d05e1c3	659a3da1a417	-0.030830057
0d05e1c3	236e1007a6b2	-0.16476968
0d05e1c3	a15445c55d4a	-0.23555529
0d05e1c3	51cbe7f36745	-0.359427
0d05e1c3	39c28df2ab62	-0.48256564
0d05e1c3	4fed43977ec3	-0.83031845
0d05e1c3	cf583e30fbf7	0.50580436
0d05e1c3	cbd83f65c0cd	0.84559816
0d05e1c3	e6d517954a1d	0.74722207
0d05e1c3	0dfa67183f11	-0.73982024
0d05e1c3	70fd0a139627	-0.30738685
0d05e1c3	872764817528	-0.30738685
0d05e1c3	ea05d66ef535	-0.33275184
0d05e1c3	b462b11fd9ee	-0.36829248
0d05e1c3	84883ee07d39	-0.36829248
0d05e1c3	0193757c82d9	-0.33275184
0d05e1c3	165af22927a1	-0.33275184
0d05e1c3	e9c2df7d40fe	-0.36829248
0d05e1c3	23fe21b2952a	-0.36829248
0d05e1c3	f9f4a9300b27	-0.33275184
0d05e1c3	1e81c3d77189	-0.33275184
0d05e1c3	d55af71fa25d	-0.36829248
0d05e1c3	6329dc9cb0c1	0.08393679
0d05e1c3	83c4314f7c4c	0.58951855
0d05e1c3	46dd58676182	0.08985265
a400f9b8	96029c3bd96e	-2.1155138
a400f9b8	66018d568451	-2.1220841
a400f9b8	4a56656f7190	-1.5179414
a400f9b8	40adcab739c6	-1.8008269
a400f9b8	b8ee932fe623	-1.7326624
a400f9b8	974ad425e7ef	-2.2171023
a400f9b8	360e6189018f	-2.2171023
a400f9b8	4f821286c80c	-1.3807833
a400f9b8	d980e06c25c1	-1.5678742
a400f9b8	22dac001f915	-1.3174846
a400f9b8	1f3784315e0e	-1.8376418
a400f9b8	c23d6653a884	-2.3848057
a400f9b8	a2796a738f41	-2.1718533
a400f9b8	cf9780da4529	-1.917866
a400f9b8	bc87a2e7b3ac	-1.2312678
a400f9b8	c5d238553973	-1.0291264
a400f9b8	011b3131199b	-1.7241307
a400f9b8	0c01a848fc98	-1.5944519
a400f9b8	9d924e64f8db	-1.6719527
a400f9b8	36f8a51badc8	-0.43131343
a400f9b8	c15895547ba2	-1.0464981
a400f9b8	90caaa9607ad	-1.5889224
a400f9b8	398eb63c1363	-1.252562
a400f9b8	37ba69b685d9	-0.959465
a400f9b8	404624e95444	-0.45075247
a400f9b8	755d54c5d9d1	-1.112461
a400f9b8	9a874803f7fc	-0.7564417
a400f9b8	503726e449fb	-1.5385838
a400f9b8	2b53c00fa025	-1.1057793
a400f9b8	a4392da0141f	-0.8483862
a400f9b8	6610c7aca912	-1.2835
a400f9b8	acb0bae30d48	-0.93423
a400f9b8	8021668c7761	-0.65747756
a400f9b8	7913a4d7adf8	-0.7807408
a400f9b8	c9a2b6d9e31e	-0.28483543
a400f9b8	6b52233eb970	-0.33143106
a400f9b8	9566817232c7	-0.18829736
a400f9b8	9137f17a30e4	-0.33546284
a400f9b8	f269c7e9eec8	-0.31781834
a400f9b8	3f5bb52fc37f	-1.1285117
a400f9b8	abd10278de23	-0.5007772
a400f9b8	40b6dd40770d	-0.60245925
a400f9b8	23ba8315da2c	-0.48547858
a400f9b8	885430830f86	-0.3280002
a400f9b8	6fda355d0d24	0.8250767
a400f9b8	7fa60c1dcba2	-0.40307602
a400f9b8	4767a8af1d78	-0.5199702
a400f9b8	87dd2e559005	-0.56956595
a400f9b8	4613804e39d3	-0.39193887
a400f9b8	2dd336525ecb	-0.835009
681b2b4e	93cefec12b2c	-2.532016
681b2b4e	af99e7b9ad4b	-2.1098354
681b2b4e	c6144afc33e2	-0.89447147
681b2b4e	df9ca0b147f8	-0.89447147
681b2b4e	2b87f856ec92	-1.1540956
681b2b4e	187b477333ed	-0.5637871
681b2b4e	ddfb93e6c940	-0.67933464
681b2b4e	50f478e71975	-1.1139406
681b2b4e	b83017c57a8e	-1.1139406
681b2b4e	fd04af408899	-0.42833745
681b2b4e	8f9c033fd796	-0.39408273
681b2b4e	3fc9b280c33b	-0.44280487
681b2b4e	aa90bc2d86ce	-0.3348798
681b2b4e	2bf7efd15d2a	0.5281915
681b2b4e	5836c798239a	-0.039436772
681b2b4e	96b12618acb1	0.016332993
681b2b4e	7ddbc730feff	-0.11466689
681b2b4e	5a3ddf5302d7	-0.056132197
681b2b4e	f5eb554e013c	-0.7685498
681b2b4e	34ff016f9470	-0.9270088
681b2b4e	c35f859f9b16	0.5775538
681b2b4e	310853b3e12d	0.26210263
681b2b4e	551e5b6c3267	0.7089956
681b2b4e	60653e806f62	-0.4968378
681b2b4e	47c2999b85a8	-0.61033833
681b2b4e	0d78359d4bd0	-0.57149416
681b2b4e	006393455e83	-0.37547648
681b2b4e	1810a1497171	-0.9000425
681b2b4e	00e8183cbdf2	-0.92409223
681b2b4e	d4280f4b7d20	-0.35522237
681b2b4e	3f97686c09e4	-0.3348138
681b2b4e	c3a51cb90afd	1.1785799
681b2b4e	73537ecae8f7	1.0383414
681b2b4e	63b54369ea20	-0.31755847
681b2b4e	9103065fbd58	-0.67198956
681b2b4e	aafdcc2f32ac	-0.8426967
681b2b4e	2bf805fa3afa	-0.57571995
681b2b4e	adbddddd3976	-0.4830535
681b2b4e	2bca6f5f833a	-0.67646676
681b2b4e	f0c0a480ac63	-0.7588021
057e9847	93cefec12b2c	-2.5203338
057e9847	df3b11d87be6	-1.0195072
057e9847	5688e654d247	-1.3387717
057e9847	e6a3ec19858c	-1.2858977
057e9847	2cc5eef02154	-1.2095029
057e9847	ac728587f6f5	-0.53020394
057e9847	8ecfa73eea8a	-0.24640997
057e9847	21308efed563	-0.39661697
057e9847	45d3b0b0ea5f	-0.020989347
057e9847	c2277677a8bc	0.5517361
057e9847	8c5c4b6ecb8a	0.82408017
057e9847	e8f1f011da24	0.23042586
057e9847	a29918044987	-0.38652202
057e9847	d7703dc55075	-0.38652202
057e9847	8dec666ad533	-0.37279746
057e9847	7e9220d66a4b	-0.73346716
057e9847	17864a699b87	0.58085036
057e9847	efe9022b80c2	0.5363687
057e9847	7e351a8586fb	0.116445005
057e9847	27f9fd2de959	-0.15102603
057e9847	64c861781d96	-0.504302
057e9847	1bd4d2669fc7	0.588914
057e9847	a8539223f6ee	0.63775676
057e9847	0270b3ceb600	0.36697957
057e9847	3084c5631c43	0.6992347
057e9847	cacaa6594221	0.5940651
057e9847	5b5b242aaf17	-0.22159882
057e9847	92ac812e47f1	1.2299992
057e9847	3f836b56468e	-0.64191103
057e9847	b8bec20ad7c4	0.66118705
057e9847	b8e73ddf7c40	0.62481326
057e9847	500cbb1b4529	0.6090195
057e9847	e2d846e3884c	0.7988671
057e9847	39025e5b0366	0.6240148
057e9847	440fb48ff9c4	-0.43344572
057e9847	f34792efb588	-0.790481
057e9847	8e9ff04b9a15	-0.71614164
057e9847	8cf062770cd1	0.90692216
057e9847	623c8c4f6cdb	0.8113396
057e9847	fcbb46eb8b5a	0.81772995
bdc9956d	93cefec12b2c	-2.5527396
bdc9956d	1d8621d2af3f	-1.5944914
bdc9956d	c76ead90b57d	-1.6718911
bdc9956d	eacf247c6961	-1.1109613
bdc9956d	fb9ee4b565d6	0.009388848
bdc9956d	a887fb783f7a	-0.10902424
bdc9956d	339218b62139	0.05781114
bdc9956d	65641b43919d	0.22027072
bdc9956d	de0a62fa80e5	-1.0487354
bdc9956d	800399556e42	0.2444808
bdc9956d	acba185b4e22	0.09618832
bdc9956d	4314b4069efd	0.7133952
bdc9956d	017a4c4666c3	0.083176754
bdc9956d	c155fdec2a02	0.17356038
bdc9956d	dbe2c04cfc0e	-0.21216352
bdc9956d	d240d7e75d80	0.56159353
bdc9956d	56327a9d93f0	0.4229891
bdc9956d	3f117249a903	0.611186
bdc9956d	d48c62388383	0.55112433
bdc9956d	a39226776c65	0.62053543
bdc9956d	5648beb10bef	-0.86182106
bdc9956d	0b359c378470	-1.0083284
bdc9956d	3b33d88df779	-0.34323934
bdc9956d	051f76acc743	-0.34323934
bdc9956d	9073c869c36c	-0.29961085
bdc9956d	d4991f5c560d	-0.34599942
bdc9956d	741e99d086ac	-0.34599942
bdc9956d	dc2c0db58690	-0.33087224
bdc9956d	9a8358482ea9	-0.28448367
bdc9956d	deccae1fcc64	-0.28448367
bdc9956d	231a2127552b	-0.2538588
bdc9956d	299225790716	-0.28982723
bdc9956d	18d7db2f4af8	-0.28448367
bdc9956d	96f93e041fd5	-0.28982723
bdc9956d	b3598d2b0dc5	-0.28982723
bdc9956d	64ae3880be66	-0.28982723
bdc9956d	6210111d3544	-0.34343076
bdc9956d	30eef0dd4993	-0.29704213
bdc9956d	1fdc32be9521	-0.34343076
bdc9956d	23f3b0a98ca5	-0.29704213
df4f1e9a	932b7f39bfeb	-1.2998875
df4f1e9a	f4909f1fcdf8	-1.9565471
df4f1e9a	020ed0e33584	-0.45702136
df4f1e9a	e93e7f6a3077	-1.8562881
df4f1e9a	a8f1b616c69e	-2.2801926
df4f1e9a	8cf5b4ca09a2	-1.5833584
df4f1e9a	81ef18a9ad0b	-1.7994069
df4f1e9a	65678c7e8057	-0.84328187
df4f1e9a	eb0b93bb0389	-0.32575077
df4f1e9a	45b3138b61d8	-1.8120215
df4f1e9a	427d8bd21778	-0.94089746
df4f1e9a	7783b647fe2c	-0.02373978
df4f1e9a	783e771fccc3	-1.0365858
df4f1e9a	69d42ad334f6	0.049906895
df4f1e9a	c6975c615fee	-1.0404073
df4f1e9a	5287529cd4b1	1.242639
df4f1e9a	e47e7438fe9a	0.032677934
df4f1e9a	ac90167cd236	-0.63739526
df4f1e9a	98885311b67b	-0.5982485
df4f1e9a	3d97570765ed	-0.35401338
df4f1e9a	2462cd80e4d6	-0.48452938
df4f1e9a	ac13955d1986	-0.78005594
df4f1e9a	80d9388df478	-0.1967064
df4f1e9a	2393606af723	-0.61316913
df4f1e9a	452464a61e2d	-0.83045584
df4f1e9a	5a8be2e67b76	-0.75964427
df4f1e9a	6da68d867dd4	-0.17992228
df4f1e9a	28f8cf4a4c59	-0.991922
df4f1e9a	2dc635a16872	-0.8269449
df4f1e9a	a74ef3931ac4	0.48229864
df4f1e9a	b2a5f3a10a8a	-0.63021743
df4f1e9a	5b9c5167a905	-1.0435418
df4f1e9a	27b1e7ef63fd	-0.60059416
df4f1e9a	c7a0b352c97b	0.40088448
df4f1e9a	9100bb4e18fc	0.25447497
df4f1e9a	c666cc820686	-0.30162564
df4f1e9a	c54138b10f68	-0.053012125
df4f1e9a	5d34e70f1522	-0.5385414
df4f1e9a	99cc937bd2ba	-0.66605276
df4f1e9a	9990ec917799	0.33625463
df4f1e9a	84bb3537e0c2	0.33625463
df4f1e9a	1570b1f08598	-0.36620337
df4f1e9a	672159b1abab	-0.100248836
df4f1e9a	d56b301f0420	-0.7380533
df4f1e9a	00e34bd8208b	-0.4809416
df4f1e9a	9c699e99c141	-0.91979223
df4f1e9a	5a3c1e6e9a86	1.2677052
df4f1e9a	31b46c1481f2	-0.05225333
df4f1e9a	9497d9b64a30	-0.36560664
df4f1e9a	48377b733cdf	-0.6177191
57211143	fda74f68543d	-1.7740904
57211143	c6242ea65769	-0.8326068
57211143	9da6dc5bf834	-0.9343382
57211143	71890df65617	-1.2208712
57211143	fba725329782	-1.092643
57211143	afe48e06e7e2	-1.7221272
57211143	65ced5da7c38	-1.5855213
57211143	130d1d4dba35	-1.3144889
57211143	8de68e7456d5	-0.7229579
57211143	bb2de39ac51a	-0.96998835
57211143	accbd3ee0f9a	-0.027139148
57211143	f9bf35aea03f	-0.13874586
57211143	26e0eb3825e4	0.14397088
57211143	73de97621870	-0.094208814
57211143	676f94a4944d	-0.15219603
57211143	168588d8a69e	0.06742408
57211143	654330d53cdc	0.038159966
57211143	ab1f4204f853	-0.67223084
57211143	2487d9244c57	0.21638827
57211143	308bb384ad2c	-0.40308204
57211143	3647df112e4b	-0.34664616
57211143	9dc846f63990	-0.4450434
57211143	e5512a327157	-0.24575752
57211143	cd163b60a242	-1.3310908
57211143	74682e53abc0	-0.026218025
57211143	ccdb1c9912c8	-0.21677569
57211143	8444a49875b8	0.20751351
57211143	061ef1cc8718	-1.3140354
57211143	a771b59b51da	0.30822876
57211143	255795489a77	0.52250695
57211143	b760a5591c9c	1.4884037
57211143	81ba2af5eefb	0.64747006
57211143	f24fd7969ee3	-1.2625425
57211143	36f9e0fdfe9b	-1.2625425
57211143	5e84fc455bfb	-0.5572574
57211143	8445af7c4a59	0.40292028
57211143	ec52fadec0d3	0.15705006
57211143	67dfa460ad7c	0.1736356
57211143	e078181d5e9d	0.6251484
57211143	adde678764f8	-0.34737632
575e2c5d	38976ad3b138	-1.3870196
575e2c5d	10b75640ebc7	-1.252856
575e2c5d	6ae20c9352e4	-0.3042278
575e2c5d	094a1081076a	1.1599281
575e2c5d	e88fc48fc1e0	-0.51598525
575e2c5d	3a96c9ef7472	0.27105254
575e2c5d	cfccd0cdab94	-0.55185074
575e2c5d	f123a09aac03	0.1474065
575e2c5d	1b41e2c10f99	0.6193804
575e2c5d	f333ce1c3721	-0.9855824
575e2c5d	252badcc165a	-1.0209022
6972adff	4346d1454bb5	-2.146832
6972adff	93cefec12b2c	-2.2509732
6972adff	943b4d2342fa	-2.066437
6972adff	228d9e556950	-2.066437
6972adff	efb707c1c793	-1.6836352
6972adff	a006b27f5757	-0.9425406
6972adff	110a0dfa2abb	-1.7739539
6972adff	06af0a9079db	-1.6089629
6972adff	c684de00bc78	-1.3330804
6972adff	3af3def548d5	-1.4810532
6972adff	58549edf267a	-1.1749778
6972adff	e0915a640362	-1.9582468
6972adff	ebdea9faf4fe	-0.26943994
6972adff	1b4db961b801	-0.973126
6972adff	1e2c334a28c6	-1.0880573
6972adff	abccf3d92a50	-1.1136676
6972adff	5c5df675f655	0.16858886
6972adff	bc894a68e7ba	-1.2129354
6972adff	af54bb2a634a	-1.1507636
6972adff	09b946dba60f	-1.2129354
6972adff	a600bd41736c	-1.6309229
6972adff	c6056f7c270a	-0.036401793
6972adff	47311f524d4e	-0.074188106
6972adff	079471dadc0f	-0.21428606
6972adff	dead9f245cae	-0.79220325
6972adff	40239e4425c6	-1.0106881
6972adff	8b96258e3ed9	-0.62578744
6972adff	b00e07510249	-0.85868335
6972adff	2cdd4c181528	0.021399247
6972adff	ebca81937723	-0.022614297
6972adff	fd61bde1393d	-0.90153074
6972adff	a813060c5436	0.06156998
6972adff	3b5b70cf3d5d	-0.03157766
6972adff	ad92908e4600	-0.9304213
6972adff	818b6e85bdec	0.8666159
6972adff	9a2d8f18084f	-0.8718405
6972adff	7bee901bc5aa	0.091725305
6972adff	967a261845ec	0.20953102
6972adff	7f2c9e04d611	0.049221836
6972adff	689c1bc4cf5b	0.84811836
391957e2	93cefec12b2c	-2.532016
391957e2	e49cc9c0c84a	-2.0205839
391957e2	2b3b9933e2b3	-1.8696613
391957e2	64a90313c165	-1.2831621
391957e2	0017621324aa	-1.6690444
391957e2	ebe511610b71	-1.2292616
391957e2	724e4fb947da	-1.0763086
391957e2	d3960c6ecb2d	-1.5629257
391957e2	16fa0c9758f8	-1.3355343
391957e2	fbbfc62c6f7b	-2.0928483
391957e2	52f51a496c35	-1.6478809
391957e2	9a286887812e	-1.5384078
391957e2	a5fd12f9a946	-1.3987873
391957e2	7aad77bf2fed	0.49976012
391957e2	727dad480a2e	0.534711
391957e2	f1e977181057	-1.4813623
391957e2	2b96b23b3d0f	-1.5215434
391957e2	3328c433af19	-1.1371616
391957e2	4c927a94c9f3	-1.0065027
391957e2	c9b138450fd5	-1.2561183
391957e2	d89f5572a0a6	1.1744754
391957e2	72f07dd4a418	0.50855833
391957e2	d0ba49c1a4f3	-0.89627624
391957e2	25fc3b44a8fa	0.31720003
391957e2	5cefef7ec56f	-1.2672917
391957e2	091063e573a6	0.7264822
391957e2	ca82366c3900	-1.3616508
391957e2	b5db348c0f6e	-0.83544934
391957e2	e8f9a6508b00	-0.7880199
391957e2	76d03a6ab83b	1.0520217
391957e2	2ca824e3b473	0.05662041
391957e2	cfc937964778	-1.3460633
391957e2	2d8e699de82c	0.64583147
391957e2	9125872fb27e	-1.3733385
391957e2	533d51977c67	-1.3110173
391957e2	de0319c9e880	0.43001583
391957e2	46332a64973a	-0.33132553
391957e2	b0da75becf31	-0.086644776
391957e2	e385640254e9	0.17222431
391957e2	e2dd5965f7db	-0.38695192
abb65ed1	b93213bd1f68	-0.053436205
abb65ed1	66527f123dce	-0.99790365
abb65ed1	72d7a6ca568c	0.31482852
abb65ed1	d6198ebbed37	-0.6561904
abb65ed1	b7e0fbd2bfc0	-0.73242027
abb65ed1	918e326c65d6	-0.28288138
abb65ed1	c13aee9a53ad	0.29538965
abb65ed1	2dba6b4547b8	0.32320762
abb65ed1	7ca8b3a79af8	0.093960896
abb65ed1	e27ff9794053	1.1031133
abb65ed1	79897ae1cb7a	0.037883386
abb65ed1	1fb36fadbec2	0.18994628
abb65ed1	2dd583dcae21	0.6283233
abb65ed1	b58cb819f2b4	0.64094305
abb65ed1	eb5a9917b4bf	0.5928145
abb65ed1	42522b408c51	-1.22441
abb65ed1	0a010b0dec2f	0.74262655
abb65ed1	3612abfdc88f	-1.4078525
abb65ed1	a57e6a88b908	0.2428401
abb65ed1	cb8824d8a6c1	0.42279366
abb65ed1	a5bb2726c54e	-0.049139388
abb65ed1	419e079296b2	0.43790784
abb65ed1	7520dbf7e9a1	0.59935135
abb65ed1	cad5df3d62b5	0.8920516
abb65ed1	71736498a322	1.0061042
abb65ed1	27229ca8e083	0.09004528
abb65ed1	528bc77c3936	0.11831518
abb65ed1	11a9764c83a9	-0.6013738
abb65ed1	c51cf7d5ba43	0.71446407
abb65ed1	cf9844df551b	0.543414
abb65ed1	9c689b70d195	0.39488375
abb65ed1	1f412ef2d27a	0.8302455
abb65ed1	81820e44285b	0.41617385
abb65ed1	0a0d5175bd93	0.51863545
abb65ed1	f4227e838739	-0.2161116
abb65ed1	65bd6b62bf61	0.30988201
abb65ed1	8e5a57612b99	0.68111086
abb65ed1	288738b14c53	0.57091606
abb65ed1	fbb5bc7705dd	-0.33350074
abb65ed1	dc86909d4966	-0.25089532
6b28e423	93cefec12b2c	-2.4330368
6b28e423	e558220424f6	-0.8639261
6b28e423	2f7d44c0167b	-0.9877834
6b28e423	8c73c70d2b4b	-1.3493577
6b28e423	4e68feae4efc	-1.1149101
6b28e423	991ffaf6bbd3	-0.6716908
6b28e423	fe2dd29f50fe	-0.57611465
6b28e423	7af73a260383	-0.7491426
6b28e423	39e7570f0c1d	-1.2315346
6b28e423	3b1ecb0946fb	-0.6477486
6b28e423	b3d35a414927	-0.6477486
6b28e423	72d4dedd5483	-0.6477486
6b28e423	d2bf44923910	-0.21685354
6b28e423	42bf7d0f55c7	0.30942526
6b28e423	a8bd5230c944	-0.460182
6b28e423	22e6e3aa5033	0.04050953
6b28e423	e091f6257550	-0.0061261347
6b28e423	7f19a18d42f4	-0.2047353
6b28e423	e38b330503b7	-0.12890838
6b28e423	3518dfa620af	0.40618047
6b28e423	b6c3177e1014	0.9779779
6b28e423	a5f7590bce31	0.0667002
6b28e423	1516eed4a9c3	0.672793
6b28e423	54067e2055c2	0.56846076
6b28e423	469fa13a9fa0	0.5964739
6b28e423	2b6b77f0f3e5	0.35119042
6b28e423	086f8b98af22	-0.11741459
6b28e423	c5b0f5534e74	0.21606794
6b28e423	3a1792d2d7ec	0.76786613
6b28e423	93b17273b8ed	1.007005
6b28e423	610a347c47cf	0.6800006
6b28e423	7d389746b866	-0.79861736
6b28e423	ed023ab76f3b	1.3593216
6b28e423	fd6556d74518	0.66774136
6b28e423	5754e57daf37	0.36397323
6b28e423	0257fe0d728e	0.36397323
6b28e423	af138e915072	0.7111275
6b28e423	b81f0f2e39ee	0.18498066
6b28e423	ad0bd68250ad	0.16023856
6b28e423	b1872bd3b6f2	0.597932
027aade4	93cefec12b2c	-2.5642176
027aade4	6a3f31e2f39a	-0.8196232
027aade4	0d9e455c4367	-1.0571774
027aade4	c419591a419f	0.0057382407
027aade4	12cdc0a3a286	-0.30221474
027aade4	764f4e9918e7	0.830961
027aade4	11ba662cfbf7	0.15234199
027aade4	dbfb7f2907bc	0.41633433
027aade4	0139e0fcdff8	0.18615039
027aade4	08fb845cdc02	-0.046899453
027aade4	bdf22fbdc5fd	0.40060836
027aade4	462af0cde07e	-0.69878405
027aade4	7f5d13e74072	-0.121323034
027aade4	823218756731	0.2324359
027aade4	fbf1cba689c1	0.18576053
027aade4	7ee7da509cdf	-1.3804506
027aade4	97403c8a6b82	0.3111517
027aade4	8e270a520a96	-0.33195075
027aade4	bf66eb4a4083	-0.12083017
027aade4	b230de110644	-0.38116655
027aade4	b6a1ac999700	-0.24260612
027aade4	a97011aacd7d	-0.12901399
027aade4	f842acbb598e	-0.13993032
027aade4	e11ac2a8c0a9	0.0055498397
027aade4	3bd4eeb96f96	0.0055498397
027aade4	c2f4302a2533	0.03578172
027aade4	3a96d9651947	0.069828875
027aade4	415388e2a206	-0.10372912
027aade4	682d1bdd727a	-0.025698451
027aade4	46021dc79a64	0.075288884
027aade4	9537082c97a1	-0.13663381
027aade4	c02b0be0454d	-0.9879102
027aade4	f27d07e24e0a	-0.118311174
027aade4	7802973f042e	0.02587905
027aade4	f561fd20bedc	0.06963343
027aade4	26ba26cf3bb2	0.011189556
027aade4	34e9cf00ffca	-0.08947676
027aade4	8384a0843d7a	-0.30141827
027aade4	ad18ff2a9972	-0.14789988
027aade4	bdb260360ae4	0.14701809
2f2b0d3c	93cefec12b2c	-2.533374
2f2b0d3c	7d4d3a97b370	-1.6455361
2f2b0d3c	583149b27dfb	0.24773358
2f2b0d3c	f312570a00fc	-1.5215485
2f2b0d3c	0eb3a1472a90	-0.844981
2f2b0d3c	7fc529c21abb	-0.97366846
2f2b0d3c	29055f802307	-1.7282416
2f2b0d3c	05951c46fd22	-0.14399903
2f2b0d3c	02f55210cc62	-0.54965395
2f2b0d3c	0b6bf49034e7	-0.45165095
2f2b0d3c	4d4f0685633a	0.14312175
2f2b0d3c	3916b81068a8	-1.1902217
2f2b0d3c	34bca08554dc	-0.2988817
2f2b0d3c	fae6610ba611	-1.2827013
2f2b0d3c	836b3db129f7	-0.39115322
2f2b0d3c	3f34dc93e21c	0.37466517
2f2b0d3c	13f2bfaec7ae	-1.429827
2f2b0d3c	349810a5ff0b	-0.4090107
2f2b0d3c	abe59006bf3a	1.4413073
2f2b0d3c	6fabf7316882	-1.6369306
2f2b0d3c	d420af3cbe55	-0.76903737
2f2b0d3c	bfcbe795ee2e	-0.86474305
2f2b0d3c	8c1b4d3cf38b	-0.57420695
2f2b0d3c	1ac6a528002f	-1.0208602
2f2b0d3c	12e4b49a68d0	-1.0776038
2f2b0d3c	a14f9443f641	-0.06498466
2f2b0d3c	75fafcf4287c	-0.11826705
2f2b0d3c	254516990c76	-1.1212897
2f2b0d3c	b7a0cd7883db	0.13530707
2f2b0d3c	10f027110d2a	-0.98103946
2f2b0d3c	03c79ba44c65	-0.67102987
2f2b0d3c	0c3601958e99	-0.6879249
2f2b0d3c	39899ffcc504	-0.477845
2f2b0d3c	433a61ac1e4a	0.31339476
2f2b0d3c	f87528179e95	-0.5577671
2f2b0d3c	e112b6f17002	-1.0807132
2f2b0d3c	e8adee9d0d86	-0.9151264
2f2b0d3c	3869fcf86109	0.04972895
2f2b0d3c	9727f1fa0801	-0.9991194
2f2b0d3c	2e3c3ce15549	-0.040990915
50c63136	93cefec12b2c	-2.650629
50c63136	e4458cc4e189	-1.8369968
50c63136	bb84aa7857d2	-1.6353197
50c63136	ec285192897a	-1.1806699
50c63136	fa6be9f9a3af	-0.99143606
50c63136	d3c7c5ab6744	-1.7455981
50c63136	80f8cf6b7c11	-1.767605
50c63136	21bfefd776f4	-1.0554475
50c63136	bb47eb80825b	-0.6164124
50c63136	53b6d8e3f13d	-0.55944216
50c63136	2af576ddd8d4	-0.55944216
50c63136	5e6c159fc720	-0.09268805
50c63136	a03daf6eef47	-0.5799595
50c63136	63f05aa7e7be	-0.478014
50c63136	549e69c436cd	-0.30034706
50c63136	59b61e4070e5	1.5524949
50c63136	434aedd88411	0.8368612
50c63136	89f56f215741	0.08510742
50c63136	6935da2a5b43	0.4820837
50c63136	005790f587bb	-0.092670225
50c63136	a0f7605b5698	-0.12178991
50c63136	bd0aff28aa95	-0.20748939
50c63136	067865b8ee62	0.57839197
50c63136	168276379d7e	0.6820905
50c63136	3a48482d895d	0.006642634
50c63136	0f52e195f70e	-0.012075619
50c63136	9346b8b8d518	0.086272806
50c63136	4645f5a10a58	-0.4896274
50c63136	a91cd1cf8560	0.10317856
50c63136	79a5705b5c67	0.25851077
50c63136	0e2a303e5f63	0.27722904
50c63136	4693fc27e94c	0.525958
50c63136	c16cb3a3077f	0.34885374
50c63136	03b6a267d8da	0.83993256
50c63136	490137229f25	0.8027201
50c63136	4f47ea08f559	-0.23485245
50c63136	6365fe929d1a	0.1438393
50c63136	441ed49cfc77	0.11212396
50c63136	63fc93886bc1	0.013335592
50c63136	0209c0e81b5b	-0.10556553
1fc2285d	93cefec12b2c	-2.4921327
1fc2285d	4ef1b2e3a069	-1.443306
1fc2285d	40c019f5fc6f	-1.7367744
1fc2285d	8e187fd442b6	-1.6802851
1fc2285d	d9d85ed38375	-1.2966126
1fc2285d	c2e0ecabcbc8	0.08735899
1fc2285d	6605e987fd87	0.7311744
1fc2285d	049f3ea37b4e	-0.80678105
1fc2285d	a9d0bc328e93	0.018815009
1fc2285d	610183717069	0.43054613
1fc2285d	66e9bf4b3794	0.26928225
1fc2285d	21d776458077	0.5570504
1fc2285d	7d0ee6f5dc0a	0.5302329
1fc2285d	fdb4fcf844fc	0.66467935
1fc2285d	c5ab75bf6afa	0.2446992
1fc2285d	cdfb52ad2bb0	0.24689776
1fc2285d	76c09ec8157e	0.4164258
1fc2285d	63eb06d03f0e	0.71496505
1fc2285d	214b6bbb7b5c	-0.87778383
1fc2285d	c34faf616e47	-0.033332065
1fc2285d	c0207b83bf9d	0.1370563
1fc2285d	d2207cba9f77	0.35619393
1fc2285d	84a78f5fdda7	0.295386
1fc2285d	9fdd6482421b	0.295386
1fc2285d	91b46b13041b	0.295386
1fc2285d	58957ec6486f	0.48051688
1fc2285d	82110c9bdff8	0.45320413
1fc2285d	69485c421fa3	0.2720814
1fc2285d	b212b27520d4	0.46238258
1fc2285d	00fdbcff5f23	0.48493454
1fc2285d	c4f779b20204	0.28850958
1fc2285d	028d46b4da1b	0.37113103
1fc2285d	afdb3187faa5	0.40645072
1fc2285d	e20752e6a5a2	0.40645072
1fc2285d	7365bb8fd97f	0.20114414
1fc2285d	90e81eda2291	-0.278181
1fc2285d	b3f7a344086b	0.31701225
1fc2285d	b7772c38645f	0.3683603
1fc2285d	ac6bfad9b48d	-0.1685732
1fc2285d	46ea7214ca26	0.15686497
fea45410	94182dd110a1	-1.0770043
fea45410	f393508b5edf	-1.0414634
fea45410	15b2f1341dab	-0.523177
fea45410	4e998d524679	-0.6219633
fea45410	ce7d372c09c7	-1.2270023
fea45410	268ca8e1c224	-1.6847215
fea45410	3b72b72c950e	-1.0754917
fea45410	af20b3894137	-1.164233
fea45410	7901fedbaec5	-0.30383083
fea45410	730a9d6db4dd	-0.11393813
fea45410	9ff652959830	-1.3105458
fea45410	8bee4cba2de3	-1.3754678
fea45410	db084dcef97d	0.7445215
fea45410	635c32862adf	0.025486343
fea45410	e0c1f0044817	0.40061674
fea45410	c6393767558f	0.48715726
fea45410	7c0377fb0a9d	0.575033
fea45410	2b09acf427a0	0.26346812
fea45410	7d241d693199	0.3156924
fea45410	d93280ed5579	-0.16772276
fea45410	0ec3e6fe16a6	-0.0068706675
fea45410	1488e6c719dd	-0.9190034
fea45410	28acae5cb16d	0.016611965
fea45410	3cb3f4f6026d	-0.111672394
fea45410	3372acd4bcd0	0.039612114
fea45410	3772b9b6ed64	-0.025929637
fea45410	f85608a6d2e0	0.2679633
fea45410	c89c2086c00f	0.26158306
fea45410	b3b99ce1dc2a	0.78698015
fea45410	92e12d7d7c4a	-0.025992207
fea45410	2bfafc0752a4	-0.35350445
fea45410	f16ac3d7875f	0.16037479
fea45410	0fce8a81ac7d	-0.021616979
fea45410	3776f62d5efb	-0.096233346
fea45410	6b68dc1f7b0f	-0.016682532
fea45410	0b30e27d437e	0.011387611
fea45410	4b0a8bce7dd4	0.18756801
fea45410	1e3c56476499	0.12187558
fea45410	4165a0dfa81d	-0.0069730124
fea45410	185913ba78ef	-0.19759332
638f6311	56108a2e7ec9	-2.31271
638f6311	8098c6be2cb8	-1.9433825
638f6311	b5e5aa24b6c8	-2.1385357
638f6311	ccb91b89dd63	-2.1032262
638f6311	ce99acfe5201	-2.0014102
638f6311	ddbc294ad94c	-2.145437
638f6311	fed7aa6cca9c	-1.833743
638f6311	d5b761823043	-1.9084648
638f6311	618011eef36f	-1.6959658
638f6311	db43c9820ef9	-1.7393129
638f6311	0836505a996b	-1.7540147
638f6311	8b2f278e2988	-1.7820836
638f6311	0e17805ef2bf	-1.8284723
638f6311	f92a37c3e464	-1.6633991
638f6311	819b6341b5a9	-1.664412
638f6311	732d898f6ec4	-1.1998835
638f6311	b927cc6a195e	-1.0199852
638f6311	7e652ca5b254	-0.061190337
638f6311	77849e1ec6d2	0.013689685
638f6311	72f536994dbd	-0.3439711
638f6311	4deb20397fff	-0.2525856
638f6311	796f68083223	-1.3880681
638f6311	c20113051ac1	0.05722615
638f6311	decb509247e1	-0.41049653
638f6311	f28793ee9f71	-1.2288486
638f6311	76e41e4e68f7	-0.22364381
638f6311	605ea1254743	-1.7432277
638f6311	59e9d0138539	0.11453708
638f6311	02d02afebf97	-0.38844663
638f6311	0dd2453b5e4b	-0.843135
638f6311	d838db2e321a	-1.0356009
638f6311	f5e343c4f700	0.36554453
638f6311	7cf0c12c88e0	-0.67854774
638f6311	1d8308f94d58	-1.4997383
638f6311	5acf152080d7	-1.0084034
638f6311	945f295d969f	-1.1761436
638f6311	0a6792142667	-1.0616993
638f6311	8c442e291f14	0.96330816
638f6311	2456ba118008	0.97062445
638f6311	9f005e09dfaf	-2.040548
2d049d81	dc2e2a79a057	-0.17386118
2d049d81	b81177c42bff	-0.17386118
2d049d81	50c821262800	-0.17386118
2d049d81	80c0acbb9e33	-0.17386118
2d049d81	f3344d27fa91	-0.17386118
2d049d81	1c3ea8e3f365	-0.1553671
2d049d81	bc0ba62eb955	-0.1553671
2d049d81	043f6f6318b8	-0.1553671
2d049d81	d32eaf189953	-0.1553671
2d049d81	4c4b43b4f48d	-0.1553671
2d049d81	d756bc71f605	-0.1553671
2d049d81	5125cd316a19	-0.1553671
2d049d81	cb75eef1c40c	-0.34243944
2d049d81	234756589c6c	-0.7068348
2d049d81	d87edbc26491	-0.8965173
2d049d81	f820e5ccabe5	-1.041557
2d049d81	c846161b3d5a	-0.5537696
2d049d81	1ff8a5c5ea85	0.26792368
2d049d81	fb84d6566a73	-1.5373976
2d049d81	7001f6fdfe23	-0.7143441
2d049d81	b0f80c2c6047	-0.6192334
2d049d81	ea00731ce4ce	-0.8058976
2d049d81	6b5f28983e20	-0.5493304
2d049d81	b09d32806b4c	-1.590288
2d049d81	cb5f434cc9b3	-0.7780031
2d049d81	043942f83658	-1.2252331
2d049d81	17a71cbc53a3	-0.11451505
2d049d81	8630f0e2581f	-0.24167085
2d049d81	f1c4acb41bf3	-0.54285794
2d049d81	474409e1b0dc	0.011563214
2d049d81	2ad0a1902eae	0.76396275
2d049d81	6a4c3826636d	0.6536505
2d049d81	57de992f3ede	1.3795403
2d049d81	2a3d36e64c9e	-0.6642253
2d049d81	45322e05d6d8	-0.5031005
2d049d81	84d7608db2a4	0.1431664
2d049d81	1e521ed7454d	0.13788901
2d049d81	946d84994cca	0.06376282
2d049d81	84c9e0328255	-0.54439396
2d049d81	13350a0d7035	-0.3133011
a0de4716	93cefec12b2c	-2.5394661
a0de4716	2a757b9b8d3d	-1.5355177
a0de4716	f29aba35112f	-1.7799972
a0de4716	2c584cdcc3d6	-1.1796001
a0de4716	f2a8374a29e8	-0.54466456
a0de4716	cc1dc52eb14a	0.5043157
a0de4716	e7134b8e9666	0.4426491
a0de4716	f8164fa2d60c	0.41489586
a0de4716	aa9e923d054c	-0.6245474
a0de4716	a7f53c09e762	-0.23439942
a0de4716	8512e9f5db3b	-0.5675587
a0de4716	79fa5ad7050d	-0.28691924
a0de4716	45710fe8e6a8	-1.1462514
a0de4716	cb1a536bc304	-0.81731987
a0de4716	a4aa11d64508	-0.48330313
a0de4716	d83c33c3398f	-0.8464882
a0de4716	e43cdb122c7f	0.10878124
a0de4716	008bc5f17692	-0.30114156
a0de4716	9a28cce25649	0.68080485
a0de4716	f16b8b73a4df	0.5014836
a0de4716	bc833ea36d91	-0.32808706
a0de4716	78bc513d0912	-0.6976595
a0de4716	57dff6d8c4a9	-0.41110083
a0de4716	cf384a55fa9f	-0.03811218
a0de4716	48db0823104f	-0.18484041
a0de4716	79b6cae9b21d	1.381658
a0de4716	e7468490c7fe	0.22673813
a0de4716	37559ea4dee6	-0.041163057
a0de4716	b4036806d309	0.030741878
a0de4716	b1c19daef2b2	-0.20898236
a0de4716	1f5bed12cb66	0.38817087
a0de4716	a61b6af295c9	0.3338851
a0de4716	ca192f963ae2	0.3706967
a0de4716	228c7e92d89f	-0.2524003
a0de4716	b75c10a5aa09	0.67267627
a0de4716	0fd7b2f2275c	0.7445521
a0de4716	29f4a8602445	0.38051388
a0de4716	5b823c587eb7	-0.46091968
a0de4716	98c8fa1490ea	-0.14838982
a0de4716	e00b8ff52e0d	-0.8391316
e95c4993	93cefec12b2c	-2.458162
e95c4993	b69ee9eabb7e	-1.654381
e95c4993	58c0d4e2c74d	-1.8436909
e95c4993	663fd323da6a	-2.0266151
e95c4993	1b80239a6240	-1.9332871
e95c4993	d487239624ff	-1.9594008
e95c4993	0d2de55a39ce	-1.827331
e95c4993	0d5cab0b2ec8	-1.5909483
e95c4993	25c58d1b3d18	-1.4247093
e95c4993	9d31b8765bb5	-1.86406
e95c4993	2d2afe97237d	-1.8781464
e95c4993	4e59a382c285	-1.3026682
e95c4993	d6b9d2ea9008	-1.867106
e95c4993	97ed778a3b23	-0.6289177
e95c4993	81ece05d19ee	-1.8150077
e95c4993	e896a8eaff1a	-0.995807
e95c4993	5c54370e1f33	-1.7976094
e95c4993	184f238152dc	-1.782488
e95c4993	c4f2d39c475f	-1.8106844
e95c4993	80cbaa48b77f	-1.7455112
e95c4993	2e503097dcee	-1.7661725
e95c4993	0e032afec863	-1.8283443
e95c4993	deab95fdf19e	-1.7453716
e95c4993	d190aa9dc7e3	-1.7360831
e95c4993	882a89bcaa53	-1.8818563
e95c4993	2b6ee6762de3	-0.73853695
e95c4993	bd6f58735a81	-1.2954185
e95c4993	0322e0d4748d	0.29475394
e95c4993	399714d734d7	-0.34073058
e95c4993	514f0e282a8b	-0.34073058
e95c4993	0d567e6a0708	0.588688
e95c4993	56c803c23267	-0.42193937
e95c4993	6e8346911317	-0.38297075
e95c4993	5510d28ab1d3	-0.006871595
e95c4993	48c5ec31fd5e	0.33361164
e95c4993	b04dcc1e78fd	-0.0058228215
e95c4993	1679c4e9d32e	-0.3609651
e95c4993	fd1faa0d885e	-0.09768698
e95c4993	2b4731b74541	1.363691
e95c4993	0dd2453b5e4b	-0.019611185
fabb1c87	ab29b02d3df3	0.23958223
fabb1c87	576525ffbf5a	0.3045231
fabb1c87	9e72b6ca652b	1.0024986
fabb1c87	00e3d14d6a06	0.734013
fabb1c87	709416e313de	0.5428161
fabb1c87	a1fb4e8bf4bf	-0.04970026
fabb1c87	c2410dfa8a2c	-0.81921846
fabb1c87	14deb4574a1f	-0.1956578
fabb1c87	5d14f9d8af70	-0.1956578
fabb1c87	a4ad6cbd411b	-0.25479025
fabb1c87	e39bc431e019	-0.25479025
fabb1c87	6cdc54fb5292	-0.25479025
fabb1c87	7f19bee2f7f0	-0.2999314
fabb1c87	6bedc78398f7	-0.21415189
fabb1c87	0540c72d5de5	-0.19214189
fabb1c87	943e986d2224	-0.023629652
fabb1c87	01ff5464e127	0.6807516
fabb1c87	14d5fb630090	0.50253385
fabb1c87	66da3711fbc4	0.7808419
fabb1c87	93612e07d26f	0.7462172
fabb1c87	46b567b41a11	0.66913325
fabb1c87	ffec547fbe30	0.6172825
fabb1c87	e031cdac6e05	0.80329573
fabb1c87	70f855c74250	0.86710286
fabb1c87	ffd218634e99	0.9701756
fabb1c87	e8a3437bbd86	0.809687
fabb1c87	991c09c6402b	1.2764878
fabb1c87	4972203c9aaf	1.0287178
fabb1c87	4c9f9c631b72	0.9228978
fabb1c87	f986b986a10f	0.98126435
fabb1c87	7838a2cede8d	0.79856426
fabb1c87	db675f6e0516	0.96139824
fabb1c87	3c93b8779995	-0.7456637
fabb1c87	5748b7e0429f	0.9186191
fabb1c87	10a987d3037d	1.016026
fabb1c87	1ea06fd3df8a	0.8559656
fabb1c87	13641291b63a	-0.6522318
fabb1c87	cd1cd472df3f	0.94356096
fabb1c87	b487120a42c1	0.78651845
fabb1c87	efb683acb393	0.78651845
1ffee6a4	93cefec12b2c	-2.4764216
1ffee6a4	a164b8dbf43f	-0.9190682
1ffee6a4	f165ebaf91ce	-1.5167258
1ffee6a4	755c488ca669	0.2023491
1ffee6a4	8901cd2b3ded	0.2957744
1ffee6a4	ae04155aa753	0.28915316
1ffee6a4	7e771b652287	-0.09354397
1ffee6a4	024ab379b478	-0.06985035
1ffee6a4	606918be2172	-1.6455333
1ffee6a4	5aebdf574ec2	-0.08846765
1ffee6a4	2d47d12ed5b0	-1.1998886
1ffee6a4	4c1017412bf7	-1.2081571
1ffee6a4	e94e2229e5ff	-0.54619026
1ffee6a4	a2b120c6ffc2	-1.2288195
1ffee6a4	bbc66a44addb	0.6998178
1ffee6a4	2d765d1bfd63	0.76509655
1ffee6a4	d4d99dd7c501	0.47737306
1ffee6a4	e9ef80120fad	-0.25738928
1ffee6a4	a5877dfdd393	1.0957807
1ffee6a4	b4b619552065	1.0273353
1ffee6a4	0c55d8901b68	0.7853608
1ffee6a4	05147e5d01a8	1.0957807
1ffee6a4	a549fdca7cf3	0.27910858
1ffee6a4	1dd6509d4b6e	0.10119999
1ffee6a4	e9b4325b374a	0.10119999
1ffee6a4	456f0bfce7a3	-0.00072650134
1ffee6a4	ea7831fd07cb	0.099910155
1ffee6a4	51caa15d7b82	-0.26288116
1ffee6a4	444f01915d6f	-0.9076959
1ffee6a4	0ac6a4ca741b	-0.6725345
1ffee6a4	4aa82abfe7fb	0.04783742
1ffee6a4	eb812cba0e14	0.021210551
1ffee6a4	f1da3e0cd79c	-0.10552058
1ffee6a4	9c5e4740dc2b	-0.09766611
1ffee6a4	205ef522e06f	0.04286009
1ffee6a4	67c7842ea8d3	0.226317
1ffee6a4	955862ee50dc	-0.19137059
1ffee6a4	ad94d6e61aaf	0.35201162
1ffee6a4	ae23cf2ec3ae	0.29648885
1ffee6a4	b5019c9208a3	-0.38468286
55f2a6dc	93cefec12b2c	-2.3248272
55f2a6dc	e48dc91e3639	-1.5181153
55f2a6dc	59b8cdf89c90	-0.47650796
55f2a6dc	30138a797ce5	-0.4486934
55f2a6dc	7bf5521873e0	-1.3580772
55f2a6dc	966fef66ca64	-0.7271733
55f2a6dc	fab9ee69fd7b	0.40179694
55f2a6dc	8a2ded24e87e	-1.3282944
55f2a6dc	39c71e3a4d56	-0.25998312
55f2a6dc	2a1b1119a860	-1.2962447
55f2a6dc	3e8456abbb9a	-0.1301701
55f2a6dc	dff314793a98	0.8184241
55f2a6dc	f017ecc29d47	0.8184241
55f2a6dc	6a309345d673	-0.2502645
55f2a6dc	19b00aad2648	0.067942284
55f2a6dc	2f9e2280b7cc	0.5426442
55f2a6dc	1106d1299980	0.59282744
55f2a6dc	c7354c6b4c51	0.81882685
55f2a6dc	b8d4fe9d73e6	-0.14658958
55f2a6dc	5e46507fbb8d	0.106479324
55f2a6dc	a84197baff47	0.41041353
55f2a6dc	1ee06aff7ca0	0.38724515
55f2a6dc	3dc35a8984f1	0.6305758
55f2a6dc	0125588d7846	0.60617924
55f2a6dc	ea216d55343b	0.26434663
55f2a6dc	70b9787cdd72	-0.58942354
55f2a6dc	2f1e9078dddb	0.18223427
55f2a6dc	8a8392260abd	0.038891703
55f2a6dc	023b09c55f9d	0.25655556
55f2a6dc	cf56c16c3f55	-0.06313156
55f2a6dc	65e2b6f703c8	0.17706023
55f2a6dc	d6631ed47b3f	-0.26116014
55f2a6dc	8499aa7abd61	-0.4454787
55f2a6dc	f2a7516a5bd8	-0.14727725
55f2a6dc	4d2e23cb1d83	0.5389347
55f2a6dc	ed02327f920b	0.8788195
55f2a6dc	ff2cf920a30b	0.46908578
55f2a6dc	35364da8c6f7	0.8536828
55f2a6dc	bd702e430eae	0.90954876
55f2a6dc	987b902454b8	0.23779675
20bfcf0b	93cefec12b2c	-2.4919546
20bfcf0b	2fcd6f14f067	-1.8608073
20bfcf0b	a367f37b9f97	-1.7308402
20bfcf0b	5c3a85c2ec72	-1.6597425
20bfcf0b	ff829e0626bc	-0.99694985
20bfcf0b	e354d937b28c	-0.99694985
20bfcf0b	2204416cf7e4	-0.97441405
20bfcf0b	7ec9affed742	-1.0304482
20bfcf0b	113a22f1d369	-0.5968396
20bfcf0b	d2161b7bf24c	-0.72255224
20bfcf0b	e3a484ab49b4	-1.6125821
20bfcf0b	ddb2fa0254e2	-1.0528951
20bfcf0b	d45ff12eb857	-0.4177552
20bfcf0b	3ebc5599fa7d	-0.8119267
20bfcf0b	c38b6647ae5d	-0.92882645
20bfcf0b	45789642d213	-0.4765075
20bfcf0b	14ab7430979a	-0.81173724
20bfcf0b	1118951bee27	-0.48482433
20bfcf0b	7a520c83713e	-0.29146978
20bfcf0b	29ce36aecbb4	-0.29146978
20bfcf0b	60abef83bf86	-0.29146978
20bfcf0b	b86971f9180b	-0.032649398
20bfcf0b	24fa07e0f2c0	-0.10452353
20bfcf0b	75a38641cc06	0.041433558
20bfcf0b	12269ac0ad2f	0.20815617
20bfcf0b	6022fc1d9215	-0.38495213
20bfcf0b	688be25d1ae5	-0.6678735
20bfcf0b	c94cf13ff2ee	-0.818121
20bfcf0b	099672e4c00c	-0.6349078
20bfcf0b	01e9b99a887a	0.5905156
20bfcf0b	8bc467a60062	-0.6889905
20bfcf0b	008fff15f9f9	-0.45436874
20bfcf0b	3dd881d13bd2	-0.4192994
20bfcf0b	d52863c8d8c3	-0.28755024
20bfcf0b	66e024390d68	0.18545765
20bfcf0b	8a71811ca4ec	-0.38110295
20bfcf0b	b5ce1e59f1fa	-0.15387718
20bfcf0b	ff4a59cc6a03	0.47547093
20bfcf0b	27fa17b62bba	0.4837226
20bfcf0b	db5568d03efd	-0.27410284
d73de450	86b5dc32d0ec	-2.0894167
d73de450	d32ccc4e94fe	-0.37594196
d73de450	f8fed1aced3a	0.37274715
d73de450	1d5197722300	-0.24744053
d73de450	9a44edff4c02	-0.07772625
d73de450	77a4bd5fb89e	-0.2924694
d73de450	e7dc304f84ca	0.15238233
d73de450	32234bbb3fb8	0.15238233
d73de450	aed90eb4abe7	-0.44081855
d73de450	6ce3f5128545	-0.47818702
d73de450	6f83492b7718	0.0039257603
d73de450	3dc4434e933b	-0.06657304
d73de450	afcebdc910bb	0.35816693
d73de450	7443ba98e800	-0.10488154
d73de450	b869bfb77dcf	0.3956338
d73de450	00217182e18f	0.36822078
d73de450	8cf204a55112	0.6086374
d73de450	b1a4fa888b5b	0.27813044
d73de450	6c7dd0b7fe38	0.51026946
d73de450	cb94cf5fc7f3	0.62483335
d73de450	067d4b4b01a9	0.40777874
d73de450	1c2e5cc9fbb9	0.6425835
d73de450	d30649939dc0	0.15510544
d73de450	c92771c81a1c	0.555799
d73de450	527ddfe67978	0.22680438
d73de450	16a22831a9f5	0.9716443
d73de450	47511edcaba3	0.5059805
d73de450	ee9a6a83049e	-0.80723935
d73de450	b716611b6064	0.16934307
d73de450	828a4f83b844	-0.6666797
d73de450	8cefd646b3e7	1.592416
d73de450	b15258176174	-0.30019855
d73de450	5553a3c976a9	0.47847053
d73de450	49c4bb908b03	0.34932402
d73de450	800816765e01	-0.8075543
d73de450	7952a1b7ab26	-0.6921379
d73de450	8a78af469150	-0.17393094
d73de450	77eff0a2317f	1.2915968
d73de450	8c1c0c5a1395	0.7014931
d73de450	af42b3a80ee8	0.6030675
15699361	93cefec12b2c	-2.3441951
15699361	3e76e6df79b7	-1.4978647
15699361	72a5b87d4de0	-1.2534477
15699361	b17406c122e1	-1.0641598
15699361	6493c935cf21	-1.0851636
15699361	455699b7e56b	-0.99986905
15699361	f00f84685d39	-0.99986905
15699361	6a9c342eff4c	-1.0282482
15699361	c24e0e1a6c4d	-0.888202
15699361	f0fa02228e73	-0.99986905
15699361	1d1773c662f1	-0.888202
15699361	72673da4649f	-0.84862983
15699361	01c5974e7668	-1.0712546
15699361	524be9f5ad50	-1.170838
15699361	8b5660e54ea7	-1.9406891
15699361	1dfdda4958f3	-1.2208334
15699361	ccd1cb80b5a7	1.0644574
15699361	17b46dbfce75	-1.1342802
15699361	5bd95d355058	-1.4529845
15699361	eddc06a81067	-1.3964672
15699361	202cf90ce3ad	-1.1315645
15699361	dca13918f67b	-1.4479532
15699361	6a247d2fc54b	-1.6223179
15699361	f9ab3b3f89b0	-1.951202
15699361	fdfda7ef2a7a	-1.5903738
15699361	5c05e8425946	-1.5324919
15699361	c3c1f9e5b421	-1.5785254
15699361	41b56f2d7f50	-1.4725186
15699361	719f31f0380c	-1.4202673
15699361	54a507c09c0c	-1.4513097
15699361	cbc484c70a3e	-1.5027522
15699361	8d52e84355d9	-1.2631344
15699361	ec9970dd06e8	-1.0900607
15699361	88e4c8482d99	-1.4258566
15699361	562a3ac77bb7	-1.5052936
15699361	922d3501033e	-1.5278317
15699361	de25238a935d	-1.6556802
15699361	5de91fefae62	-1.4441769
15699361	7622ad1fe39c	-1.633384
15699361	d888afd6aded	-1.7626393
995dc23d	91ef70669fd5	-0.9000636
995dc23d	d194929dc4ab	-1.4557258
995dc23d	149f43692960	-1.4557258
995dc23d	8eab666543f7	-1.1176702
995dc23d	ba7c43ab1a4b	-1.1380605
995dc23d	32b7ceec0ebc	-1.1380605
995dc23d	7011466fdb17	-1.2402971
995dc23d	4e6e0ae52bc4	-0.27194658
995dc23d	b8675355725a	-0.23046643
995dc23d	3ebf8698c0f6	-0.2480618
995dc23d	8bb59897a0fc	-0.2480618
995dc23d	946d489c59e9	-1.0057939
995dc23d	0456cd955764	0.102951445
995dc23d	aacd79242421	-0.29300502
995dc23d	fe6e8c60c578	-0.29300502
995dc23d	2e18750ea15f	-0.33430803
995dc23d	76ffef764aca	0.14052175
995dc23d	d77e1aa4d95a	-0.69171804
995dc23d	76c7735aecc8	-0.25756532
995dc23d	b05819fd379e	0.8529712
995dc23d	b254ae2f00a2	-0.62260234
995dc23d	250159ad7176	-0.6689909
995dc23d	d6d426974a79	0.36245513
995dc23d	c3125cc02d91	0.2775753
995dc23d	42938ad7b582	0.3590889
995dc23d	78c87cd17fc4	0.2775753
995dc23d	e91357e1dd16	0.2885243
995dc23d	233f1b476537	0.59223735
995dc23d	ae7cf2ac1007	-0.164637
995dc23d	b33add6ec719	-0.2292496
995dc23d	6821798bbc33	-0.36439526
995dc23d	8d66f1390508	0.36193153
995dc23d	1892299ecbca	-0.49239478
995dc23d	6e1027d8f9c7	-0.41665146
995dc23d	0afeb038a9a2	-0.23309514
995dc23d	f07f3fc4774a	-0.28239074
995dc23d	eed434b9037e	0.15858008
995dc23d	dbe87dd1c1d0	0.3160003
995dc23d	5676c893e96f	-0.066451736
995dc23d	d98b0b7f37cb	-0.48310214
d62a4601	93cefec12b2c	-2.5527396
d62a4601	317227955991	-1.6488523
d62a4601	14557138132e	-0.060692452
d62a4601	112fd325e4cc	-1.233877
d62a4601	eed801fb0c73	-0.5684845
d62a4601	10ac9b565c37	-1.3528731
d62a4601	23ca3e819f67	-0.5347894
d62a4601	1232450b91e6	-0.48035052
d62a4601	7c81622aca4c	-0.26911473
d62a4601	c86c28a35cd8	0.27965617
d62a4601	29650a44e07d	-0.5489948
d62a4601	f76f19a5b844	0.3613218
d62a4601	06c48427f6b5	-0.13725016
d62a4601	75bd58b0586f	-0.4875287
d62a4601	3c76bf95ba50	-0.20227863
d62a4601	9a0b6b97947f	-0.658637
d62a4601	a4e80a5c500c	0.38680688
d62a4601	c2c65f63bbbf	0.7614163
d62a4601	e44f682608bd	0.71053445
d62a4601	0ba6966a4163	0.35953978
d62a4601	a8e22a1e051c	-0.48018813
d62a4601	7b63604b6609	-0.18067709
d62a4601	9861d0560221	-0.025647474
d62a4601	e7a48e4f12ad	0.6837336
d62a4601	8e459bac7fe1	-0.8295789
d62a4601	393cb352efe0	0.22543639
d62a4601	11d383fac5db	0.22543639
d62a4601	e695a6611037	0.6058898
d62a4601	02f8f245e8dd	0.6115785
d62a4601	02bd9ae21dae	0.028825596
d62a4601	188e618e63d2	0.3918589
d62a4601	8b7402e34b01	0.41148195
d62a4601	e899661d12da	-0.022587938
d62a4601	5aa2f099d856	-0.035347857
d62a4601	759be128915b	0.5009822
d62a4601	125ebdc409c0	0.004221428
d62a4601	6fee76e0d39d	0.07513306
d62a4601	573c2cc1fe28	0.2596976
d62a4601	b8f0bf6130f8	0.27166185
d62a4601	0c0861f9a4be	-0.41291395
d20cfa8e	93cefec12b2c	-2.532016
d20cfa8e	cba7d4556d95	-2.7805064
d20cfa8e	22f20dc3256c	-0.38862434
d20cfa8e	2946c35e66d9	-1.5077618
d20cfa8e	155c2738a95e	-1.8983759
d20cfa8e	2ceb64ea21bf	-1.8983759
d20cfa8e	31773833a6d8	-1.2775879
d20cfa8e	2d536f7c9c72	-0.6068161
d20cfa8e	6e7b38e6c900	-0.8966019
d20cfa8e	a763f985a421	-0.9136538
d20cfa8e	19375a333b80	-0.9461392
d20cfa8e	e55296c5911b	-0.70327777
d20cfa8e	181908a82354	0.51721716
d20cfa8e	bf731d3f2c96	0.68883884
d20cfa8e	60bfa5730b5c	-0.20158905
d20cfa8e	4ffb81199692	0.6792939
d20cfa8e	7f0df276fc18	0.579242
d20cfa8e	ef4a62da0aee	0.4316486
d20cfa8e	04fbd6039c45	0.4633058
d20cfa8e	4655704696be	-0.16171138
d20cfa8e	2cf0384c4773	-0.29723635
d20cfa8e	80b6db2230bd	0.51054585
d20cfa8e	61e087280338	-0.08994318
d20cfa8e	d5382acfc09f	0.46592394
d20cfa8e	c277ed6d665a	0.19071417
d20cfa8e	2631df1b4466	-0.0381272
d20cfa8e	8cd4c01e2606	0.52108335
d20cfa8e	e68b52f09f7f	-0.31266275
d20cfa8e	3a6b030a6682	0.7188064
d20cfa8e	612b78b84120	0.5438533
d20cfa8e	ef0ce9959942	-0.5955497
d20cfa8e	1ffddf6fa59b	0.053309627
d20cfa8e	7981b972bad1	0.096687384
d20cfa8e	0c97fbebe11f	0.2961093
d20cfa8e	582480d0c6b5	0.077432804
d20cfa8e	25debadcf4dd	0.18002224
d20cfa8e	672f388eef33	-0.3514205
d20cfa8e	552a6a85b4c6	-0.023647161
d20cfa8e	6f7c38aaa67f	0.42466855
d20cfa8e	3dd5352c1cf8	0.28101024
8d8dac64	93cefec12b2c	-2.458162
8d8dac64	f815dcb01d83	-0.9978458
8d8dac64	9cf03d5bd645	0.003761423
8d8dac64	b0f69a115311	-1.0146303
8d8dac64	95f181d053f0	-0.11216799
8d8dac64	f36b5b2134af	-0.90331775
8d8dac64	4bb77da53d8f	0.13059999
8d8dac64	af72b0b76628	0.5799374
8d8dac64	76f3199d31fa	0.28027478
8d8dac64	c53b17506a22	0.24473411
8d8dac64	e1e7f8e51c6c	0.16762662
8d8dac64	49a3652125d4	1.1063236
8d8dac64	4a6f0bf27e7f	0.35280198
8d8dac64	1680b9d38791	-0.7517375
8d8dac64	f1c79c1b4b1e	0.35452822
8d8dac64	5d7b9fb409cb	0.27569818
8d8dac64	afa397693b96	-0.769087
8d8dac64	4d452c13b046	0.420188
8d8dac64	2f47986ab9f3	0.21690948
8d8dac64	bb690b693d1e	-0.7116496
8d8dac64	ca4c70dcc6e9	0.6346232
8d8dac64	18c730fd9a26	0.8452881
8d8dac64	660d34339761	1.04416
8d8dac64	4d1d6d8229a4	0.35326377
8d8dac64	3f16dc81f7a4	1.1332933
8d8dac64	b2e7a2704df2	1.3538876
8d8dac64	e90e33074e46	0.12150734
8d8dac64	fd44cb394698	0.5551716
8d8dac64	867e7ba107cd	0.20736511
8d8dac64	4b51ec58f7b1	-0.27670905
8d8dac64	51c844bfdd3f	1.248743
8d8dac64	fe123e0aab00	0.5338592
8d8dac64	931cc7a6435c	0.46011564
8d8dac64	fb861c9ec57d	0.9416701
8d8dac64	badf618622c0	0.62483335
8d8dac64	27625d96d29a	0.55453604
8d8dac64	39384b7a2962	0.21927467
8d8dac64	9cddf67b72b4	0.31497052
8d8dac64	da497b7919e7	-0.7577426
8d8dac64	0896ee4cf872	-0.35489625
84876763	b756aef0865f	-0.74545485
84876763	e0c89fba2bf6	-0.91851753
84876763	464bc9b659a9	-0.48262343
84876763	3dfb9c136d57	-0.99239635
84876763	b6fb8b40643e	-0.49645066
84876763	6c61f1480189	0.0005293536
84876763	1bf5ba015a8d	-1.0442117
84876763	e8207205ea57	-1.2888817
84876763	c7e5fe06e8c0	-1.0206234
84876763	080ce8987010	-1.0577201
84876763	837215241744	0.08076738
84876763	525f9b820097	-0.62741095
84876763	d3a457f4c269	-0.8700999
84876763	ae80d70350c5	-0.12834495
84876763	2c7aca5530a6	-0.43888044
84876763	7d44b52395d2	-0.041615218
84876763	833514c0e711	0.7841069
84876763	9e60179ac9b7	-0.82251555
84876763	d6b3637ef271	-0.9614108
84876763	f08ec42c45b4	1.4612745
84876763	47921c7e8dce	-0.6002767
84876763	3c2b7b717906	0.32521808
84876763	d94da8f3fbc3	0.082745135
84876763	52b5a9909ad2	0.31460917
84876763	c781e3f20297	1.6758572
84876763	f3bcca7a37b7	1.5490136
84876763	1d4ade7a3f66	-0.55210567
84876763	993d004c12af	-0.58764625
84876763	de8f2abc3f0b	-0.28170064
84876763	f79b3f5089d4	1.5807348
84876763	761b8a6cc3f9	-0.37873393
84876763	b91110e614b9	-0.517276
84876763	6b5f28983e20	-0.1620457
84876763	350ef2692b04	-0.029141324
84876763	7001f6fdfe23	-0.05251956
84876763	d90bf0d7f3fa	-0.51915747
84876763	ea00731ce4ce	-0.1825133
84876763	b0f80c2c6047	-0.029141324
84876763	043942f83658	-0.49827543
84876763	700ff8537793	-0.63710356
764b3c64	09f504a45e99	-1.1377159
764b3c64	67e6526b8c98	-0.9956333
764b3c64	46eeb8eced4d	-0.76628
764b3c64	551c25689827	-0.8394157
764b3c64	ae8e2e201763	-0.22294864
764b3c64	5d1c423b5a51	-0.5199196
764b3c64	752a80bffbf4	1.0848199
764b3c64	f0c059d43d4f	0.4503899
764b3c64	f278126d783e	-0.59981304
764b3c64	cdb401316163	0.45969
764b3c64	63eb6970ca97	-0.30678752
764b3c64	6e360f5e37b9	-0.30678752
764b3c64	182ff750b53e	-0.38593695
764b3c64	6f8d92371b18	-0.8917506
764b3c64	92fb27f7f36e	0.5840762
764b3c64	cbd83f65c0cd	-0.29323652
764b3c64	2c5980214125	-0.06071104
764b3c64	d4b584de4997	0.003208753
764b3c64	d7b376a63cb2	-0.21334691
764b3c64	d5e500b38ead	-0.738348
764b3c64	0dfa67183f11	-0.5725058
764b3c64	fc1d7613c4f4	-0.22730604
764b3c64	3c7fdbaa53ef	-0.9047047
764b3c64	d32ff05022e8	-0.15460905
764b3c64	63be44dcf8fb	-0.7501787
764b3c64	12947f7a1eee	0.0004251363
764b3c64	070416b02339	-0.33922595
764b3c64	21482fdd86ba	0.03340464
764b3c64	ae8a13e1774b	-0.2156856
764b3c64	44419293cd10	0.21568002
764b3c64	244f1b7edeac	-0.1061584
764b3c64	2d3ab46f1983	-0.44660932
764b3c64	775c0c3d5f54	-0.92349684
764b3c64	7be3fe040dc5	0.3315957
764b3c64	e08691e224a9	-0.44086027
764b3c64	1740d0042ff9	-0.7778537
764b3c64	46dd58676182	-0.37672707
764b3c64	cba3ded48e37	-0.46505374
764b3c64	68c7800de572	-0.61441076
764b3c64	699208f49d46	-0.8898996
713b066b	93cefec12b2c	-2.5203338
713b066b	ca8d50f96474	-1.1082433
713b066b	cbc439696296	-0.87165797
713b066b	70895e0a311e	-1.0431662
713b066b	e811db5138b4	-0.84496075
713b066b	ae0b4de02cd8	-0.17061643
713b066b	bac3d50b5db4	-0.30505484
713b066b	931c790e2e5f	-0.23337479
713b066b	dc0569f685fe	0.7756408
713b066b	916f94398307	0.5072443
713b066b	1b68d13ac535	0.3792946
713b066b	4f020d440279	0.17245477
713b066b	0f4da44dd644	-0.77169096
713b066b	a69a1a44203a	0.24516915
713b066b	b0b55f5e9690	0.46305123
713b066b	203071ced663	0.46305123
713b066b	1d5e2d45597d	0.42321298
713b066b	5f290350de46	0.42321298
713b066b	ebf6a5dad0ca	0.36270425
713b066b	d8c99a820835	0.36270425
713b066b	1bd87d6d1033	0.3228661
713b066b	78c2346b5b12	0.537424
713b066b	e8980370b918	0.403838
713b066b	af4ecaea4f30	0.003797781
713b066b	8ecd7382c5a9	0.016412308
713b066b	2804c1ff0403	0.17469196
713b066b	fa18440f420a	0.26232198
713b066b	70985611eed2	-0.038276203
713b066b	351647156264	0.6513677
713b066b	fc1fa6edb5f3	-0.13535225
713b066b	8ea31d536c73	0.5349319
713b066b	9bfc517b29ec	0.5676844
713b066b	dfcbbeb1c2ac	0.30471835
713b066b	332562bc132e	0.2648802
713b066b	c50ed7747674	0.24625418
713b066b	41963be30534	0.06001904
713b066b	4d7fe294e282	0.23551434
713b066b	d03197afe3a4	0.94751656
713b066b	7bb1902b057a	0.8439252
713b066b	149149e7f706	-0.32653114
f1dba6fc	93cefec12b2c	-2.458162
f1dba6fc	b41d2c5a5e48	-2.1288102
f1dba6fc	ca1bff8230e5	-1.4916844
f1dba6fc	36e71ca340be	-1.4170406
f1dba6fc	51202b6cf535	-1.2187002
f1dba6fc	f4cbeecc95bf	-0.30349818
f1dba6fc	cf5a9faea794	0.039031163
f1dba6fc	24630084f485	-0.7454704
f1dba6fc	e424cb81bbd3	0.07301214
f1dba6fc	72999ca584e1	-0.05372039
f1dba6fc	9dfc2c5ebbdd	0.13337953
f1dba6fc	dd01760f1ebe	-0.05195348
f1dba6fc	a52cf3c9daf1	0.2830353
f1dba6fc	33e16d65e94a	-0.02422655
f1dba6fc	ead41f353711	0.31282905
f1dba6fc	121aaf4160ad	-1.3785373
f1dba6fc	615205b68100	0.12495897
f1dba6fc	bf0a3b8c691c	0.10837642
f1dba6fc	badeb4c6d39b	0.08096335
f1dba6fc	bf57fb2f8b1b	0.32729024
f1dba6fc	729acb5eaed5	0.50584996
f1dba6fc	ff7c63ee7256	-0.6468598
f1dba6fc	8dce46813b74	0.118278615
f1dba6fc	36b59177c579	0.19799127
f1dba6fc	eed70244c4c2	0.46314275
f1dba6fc	7565c1393a02	-0.6742385
f1dba6fc	3c92d22e99f8	0.2511983
f1dba6fc	0fa9cfbfaa06	0.002277813
f1dba6fc	5e3b5c40d9bc	0.32897463
f1dba6fc	e2d53a55573f	0.22125727
f1dba6fc	aca63661b7d6	0.17750937
f1dba6fc	8efea3315d37	0.17804241
f1dba6fc	43221a779550	0.113343365
f1dba6fc	2ea01c213c5a	0.17275363
f1dba6fc	745b35b658f0	0.113343365
f1dba6fc	92685ebe3ebb	-0.120415814
f1dba6fc	0e9b8c26e01f	0.8249155
f1dba6fc	6c6d0824865e	0.3634921
f1dba6fc	8e1b1df46080	0.043381207
f1dba6fc	b2b785f214c8	0.22063354
f1dba6fc	4365ecf5c935	-0.30946985
f1dba6fc	7e4412146a3a	0.32698604
f1dba6fc	5e2d5407aadf	0.0034178172
f1dba6fc	c9a6ce95b98b	-0.14041299
f1dba6fc	eea9a0760388	0.08683194
f1dba6fc	727ef61551c3	0.32909325
f1dba6fc	6359a2d0dc5d	0.14425153
f1dba6fc	92adb7b3bd63	0.14425153
f1dba6fc	d1cc884bf13c	-0.31194723
f1dba6fc	6961f1c10b1a	0.6551826
97de3a7f	93cefec12b2c	-2.458162
97de3a7f	581f44d46229	-1.7557185
97de3a7f	2ac8e69e7bea	-1.8103238
97de3a7f	c97f7b1cfb4f	-1.6352365
97de3a7f	aaf188b78ff0	-0.3594637
97de3a7f	b35906138522	-1.7249875
97de3a7f	66d4f09a1cb5	-1.6421057
97de3a7f	6d7264a0bfa4	-1.1051761
97de3a7f	1cba071ffe56	-1.7778031
97de3a7f	a5401ca87bab	-0.7574753
97de3a7f	720f8714e521	0.061961748
97de3a7f	d9f90bd18ec8	-1.1774408
97de3a7f	70421d103413	0.2049902
97de3a7f	4e3dfacd0a4e	0.40854433
97de3a7f	1b40c0c91acd	-0.59919757
97de3a7f	204f5caed38b	-0.14391597
97de3a7f	d6c733f2d013	-0.50673145
97de3a7f	80de2abcbe9f	-1.1407967
97de3a7f	720ef22eeb8a	-1.1407967
97de3a7f	0acafb639f2e	-0.5726127
97de3a7f	215bd1e7510e	-0.6451676
97de3a7f	9cbf53fc1f08	0.14163053
97de3a7f	58d5f82df4be	0.064164594
97de3a7f	dc74ba0b90f3	0.6224842
97de3a7f	342fd46f65c0	-0.6895795
97de3a7f	8a1a93950f6d	0.6572752
97de3a7f	7baed0fff222	-0.49656862
97de3a7f	83b5bf173a48	0.9722722
97de3a7f	a2dec1d4bfb1	0.7675525
97de3a7f	02d32b527fbc	0.6167461
97de3a7f	ea339298ceb0	0.7287966
97de3a7f	5eed7f08ff7f	-1.0423427
97de3a7f	5b8da2878a9b	0.37585607
97de3a7f	dd4858807591	0.12125396
97de3a7f	ed6ff6572010	0.77232194
97de3a7f	f8168676c54f	0.5790146
97de3a7f	86863a90a77d	1.1615372
97de3a7f	18f11a0db89e	0.07819875
97de3a7f	250ca1863df9	0.43663916
97de3a7f	ff0220737d6b	0.78840506
62510b51	fc50c0489492	-0.3768962
62510b51	59ed5e16c5a4	-1.1317599
62510b51	48108d7de373	-0.6628843
62510b51	b763ca1db40b	-0.03654521
62510b51	628507337ac3	-1.0263722
62510b51	c5b04203970a	-2.0079193
62510b51	d5d25f163c78	-1.8106761
62510b51	55a163c8ce05	-1.9119701
62510b51	65311174714b	0.061731685
62510b51	70addfcc076d	-0.02652006
62510b51	1df1a85b9695	-1.1206746
62510b51	58c82e1e1011	-0.19503203
62510b51	0c4a98e238f4	-1.2706668
62510b51	3d2d9747c7ce	-1.3670782
62510b51	60efd9b22488	0.012655834
62510b51	b6c255cd05e2	-0.097503595
62510b51	9bdedbced7d0	-0.59691155
62510b51	5947cc6ddb13	-1.1823701
62510b51	30b6f7acb304	-0.9644779
62510b51	381d4e6a5d98	0.20192517
62510b51	8097c3196941	-0.27716255
62510b51	20e829384ab0	-0.74253714
62510b51	3be88860911a	0.09915855
62510b51	87f319b1c776	-1.049325
62510b51	ec2b4585f164	-0.81182176
62510b51	7ef7d6dbb23d	0.19761299
62510b51	2a04621c7555	-0.85775
62510b51	7a71ee9fe91d	-0.2823022
62510b51	dbadf312d958	-0.2261353
62510b51	7637a02e9ac6	-0.9115283
62510b51	022589fb05e7	-0.7511065
62510b51	e43084f0768b	-1.0854801
62510b51	2b54656af6e1	-0.8681406
62510b51	eb3ab501a2ea	0.58018005
62510b51	db72c8abe9bd	0.81203264
62510b51	61a4b93115b9	0.2135255
62510b51	64e806a42903	0.06862986
62510b51	96a7aafc9f68	0.6940885
62510b51	25a1547758cc	0.813653
62510b51	e0f8fbfada44	0.34013322
8f08629b	bff9ce31b47c	-2.2444122
8f08629b	4e025cb22bb9	-0.98257965
8f08629b	db1eb7ee6f71	-1.2645341
8f08629b	16249e88e062	-0.027182143
8f08629b	f6410ead44fd	0.48415712
8f08629b	38651c9e65c2	-0.80957216
8f08629b	dbab56f617f8	-0.35211563
8f08629b	e4480b8f5853	-0.6206471
8f08629b	68d5fb0794f4	0.16757046
8f08629b	4c5db7256954	-0.013356865
8f08629b	846be4d49eb0	0.63913715
8f08629b	b4f4b74e54ec	0.19501771
8f08629b	7a99210c2bea	1.0427023
8f08629b	861e3892c9bb	0.54447466
8f08629b	e365431580d0	-1.0257676
8f08629b	9f4cdf92372f	0.34456542
8f08629b	48acd37cb6fc	-0.5655608
8f08629b	4bd754c1a603	0.055500336
8f08629b	3966433c47d0	0.20226516
8f08629b	2612045e1be4	0.5525329
8f08629b	811ee5e400eb	0.72660166
8f08629b	04ae40b5ed2a	-0.58101803
8f08629b	c841ebf87ef9	0.7611243
8f08629b	ff1501743b2f	0.18066835
8f08629b	6c74d3ee972d	0.27872688
8f08629b	3c4e72cef616	0.27872688
8f08629b	5ff341e81cf2	0.2718876
8f08629b	df5c0a3f70e0	0.2775604
8f08629b	1c7e9b48ddd1	0.29325643
8f08629b	27f533cc9521	0.3274429
8f08629b	07c28b2c72c9	-0.7190882
8f08629b	6fce3cf816f8	0.23525959
8f08629b	3ef36f7d4a4a	0.7954074
8f08629b	8515b5fe3a92	0.63769996
8f08629b	8c418d1df3a8	-0.86929035
8f08629b	f89bba2d4e21	0.36035988
8f08629b	015cb2e451ab	0.70369333
8f08629b	2d2b73cf8119	-0.2879934
8f08629b	92ca8cace7e0	0.65367115
8f08629b	7ae37fa1a210	-0.112217076
7ff3e613	2d706bbdb987	-1.9455123
7ff3e613	9c5414ebfcdd	-1.7976961
7ff3e613	5732d9005ef3	-1.5182756
7ff3e613	ffc73c4b2206	-1.5182756
7ff3e613	a2c40769dc10	-1.3654145
7ff3e613	eb4dbfe8ccec	-1.9525756
7ff3e613	2efea7824bf0	-0.4066504
7ff3e613	169772d8dc57	-1.817772
7ff3e613	17b9d16ad2d0	-1.9086035
7ff3e613	8ed2136634dd	-1.1898551
7ff3e613	b03193c03bd1	-0.23168641
7ff3e613	6603d955947f	1.1986116
7ff3e613	e56b9c87b741	-0.81476754
7ff3e613	d2aac2ca64a9	-0.83227867
7ff3e613	5f6a1cc578b0	-0.701792
7ff3e613	da478c224761	-0.12582907
7ff3e613	95f629818867	-0.7196292
7ff3e613	2b09f7028ff5	-0.7011351
7ff3e613	cd6728df35a6	-0.9805959
7ff3e613	22253e0b27b2	-1.1618742
7ff3e613	357afc695730	-1.064162
7ff3e613	0cd35200967e	0.6975155
7ff3e613	6f10f109d1a3	-0.6381267
7ff3e613	4a24681ce18c	0.33960208
7ff3e613	64d2707a52e0	-1.2657914
7ff3e613	5c5fa4edcb3a	-0.57276404
7ff3e613	da22b797892b	-0.6167966
7ff3e613	0b0a0f64589a	-0.5441825
7ff3e613	a4b8ab903b17	-0.624879
7ff3e613	e5e28e77e5fa	-0.57362425
7ff3e613	3cc5e99bb235	-0.63365597
7ff3e613	43b8764312f9	-0.5361001
7ff3e613	8d6291733d3f	-0.5441825
7ff3e613	75e37b3c778d	-0.47528443
7ff3e613	4802e9ed2d66	-0.13282886
7ff3e613	ace6b7e80e4d	0.96146995
7ff3e613	a524d105963e	-0.38530302
7ff3e613	f72a57f7bf37	-0.6577315
7ff3e613	ec2d06921153	-0.97970766
7ff3e613	c3e348b84080	-0.81945294
bffc6d1e	586d017bdc6c	-1.4802173
bffc6d1e	3558d0d2e722	-1.4252157
bffc6d1e	8f96dde77db1	-1.0178763
bffc6d1e	4cd5fc7ab7da	-0.78319275
bffc6d1e	0d378b6f943e	-1.3977203
bffc6d1e	8ae9432c3f5b	-0.44343975
bffc6d1e	5d8a80dc8255	-1.1274493
bffc6d1e	7018e2fa04ec	-1.3226261
bffc6d1e	27570f0991e6	-0.6596387
bffc6d1e	854325e2973b	-0.89001954
bffc6d1e	7b69752fd569	-0.6332939
bffc6d1e	c61f2fbe6fb0	-0.71202594
bffc6d1e	e026301dfd4e	-0.17823112
bffc6d1e	3cf358ad4f25	-0.27591488
bffc6d1e	d65e0d177dee	-0.38533324
bffc6d1e	570e024f8b06	-0.8693943
bffc6d1e	57c2103e1492	-0.8069323
bffc6d1e	629f99f6414b	-0.98650247
bffc6d1e	7f912adf19ef	-0.3076798
bffc6d1e	28332e7cae82	-0.5628912
bffc6d1e	82f81a1ec656	-0.19890046
bffc6d1e	0f8d5a9ab86d	-0.2229503
bffc6d1e	690742dae6eb	-0.3152876
bffc6d1e	1246afe21189	0.60908943
bffc6d1e	ef5a3347957a	0.93519586
bffc6d1e	25dcb2ced99f	0.85292405
bffc6d1e	72d5f05ede54	0.44998148
bffc6d1e	3753f7bd43ba	-0.31701043
bffc6d1e	fc0e97f94be0	-0.29437205
bffc6d1e	6cd43a6cd5d9	-0.29630405
bffc6d1e	011697262a6c	0.32806316
bffc6d1e	fe746c0f6cad	0.36088398
bffc6d1e	41c9d2b1e791	-0.4744185
bffc6d1e	191adbde5064	-0.74057835
bffc6d1e	4172a7a6c0fa	-0.71091056
bffc6d1e	6957f46203d2	-0.45767227
bffc6d1e	4026151b00a4	-0.3273736
bffc6d1e	13c0a14d069a	-1.0861529
bffc6d1e	54aca894bc85	-0.65229875
bffc6d1e	2e259d5b17ff	-0.17455348
e26847b3	93cefec12b2c	-2.5527396
e26847b3	221ea1ac8553	-1.6108396
e26847b3	241251e7977c	-1.6108396
e26847b3	5a630b944133	-1.3476312
e26847b3	7f17eb6cf36f	-1.8290477
e26847b3	c12aefa4c08c	-1.6159086
e26847b3	4508ed105cb9	-1.9558871
e26847b3	4b8c1db7b4ee	-1.8801734
e26847b3	26486050a90d	-1.9983402
e26847b3	1cc93a1e8407	-1.490108
e26847b3	e85a4ab83543	-1.1582845
e26847b3	3a619d8aa883	-0.38915226
e26847b3	c9ea49ee346c	0.1366548
e26847b3	d1136e93e7cb	0.09149029
e26847b3	1514aaa278fe	-0.06220173
e26847b3	1bdb1c0196cc	0.052323006
e26847b3	235338ed774e	0.23029175
e26847b3	d31f278c4d12	0.10384201
e26847b3	6175e2eb5374	0.38336554
e26847b3	b938ccb0aeae	0.033252165
e26847b3	7c5dcadb8f65	0.18159224
e26847b3	dd940c49833b	0.5148875
e26847b3	7266331d8881	-0.1980237
e26847b3	14b149d585a1	0.24877818
e26847b3	20675d0e2053	1.0390171
e26847b3	121bbe299bad	0.4675171
e26847b3	cc79bb32d817	0.60734195
e26847b3	7a62db737333	0.74172115
e26847b3	724e89d5242c	0.20980673
e26847b3	4b2c419d299e	0.14541712
e26847b3	a98761253fa0	0.4598557
e26847b3	081d99f1768d	0.18758565
e26847b3	9e894fa8223d	0.16449323
e26847b3	7debea556659	0.19977409
e26847b3	6a81effc73be	0.2115792
e26847b3	9f63224ee3ed	0.17510459
e26847b3	c76e51c10be8	1.1524243
e26847b3	e56191661657	0.4167538
e26847b3	55757235d207	-0.4456993
e26847b3	efaec7ef123a	-0.11895727
d559496e	dc62977e5904	-1.620336
d559496e	b6771f8c747a	-1.3878782
d559496e	4f46253b9de2	-1.4680533
d559496e	484d104dabc0	-1.2769774
d559496e	4f25b2abf97f	-1.196001
d559496e	2d5908ea6ee6	-0.9915009
d559496e	4f53b8df7981	-0.4182161
d559496e	e551ba740d19	-0.7920519
d559496e	924e7c5e9b00	-1.4364697
d559496e	6cef09090832	-1.2018839
d559496e	fc5a37f3b6b6	-0.83529043
d559496e	5af1b0a92ff6	-0.5192731
d559496e	a8350eee4d20	-0.6639796
d559496e	956d128e7a29	-0.25184736
d559496e	a7e9a929f7db	-0.9321914
d559496e	b3b8e92951c5	0.5293542
d559496e	cb9e5ab08a16	-0.32625493
d559496e	9f11e265b27b	-0.6208195
d559496e	8558af555689	-0.1438204
d559496e	b5cc7c7e6811	-0.19278333
d559496e	9a46d331cb9c	-0.5032586
d559496e	f73824c7ff52	-0.5916277
d559496e	9b48ac068b38	-0.43521485
d559496e	bed7b705fed7	-0.3565646
d559496e	9848d8e8ad73	-0.2420461
d559496e	079d14003146	-0.6269677
d559496e	6df7bf815745	-0.1906123
d559496e	29ba1878dd87	-0.22342028
d559496e	e6b900f7609a	0.0389703
d559496e	11d02053923d	-0.25391474
d559496e	f6fb52ffd3a2	0.13568819
d559496e	fa326025e3ed	0.44295034
d559496e	cc9c44ab66fc	0.69224507
d559496e	128dc219dc2b	0.4309958
d559496e	338512f8f4ec	0.41261914
d559496e	904755c365a0	0.4069459
d559496e	6760a109d2ac	0.6619245
d559496e	8fa46f76ad6a	0.14124343
d559496e	243c56ec332b	0.53576773
d559496e	9b81cdab3801	-0.10343624
f2a05289	93cefec12b2c	-2.458162
f2a05289	148555264a4f	0.20822504
f2a05289	9e0944a82dca	0.6867898
f2a05289	e00ac9b5d146	-1.0255647
f2a05289	f19bec97c2bf	-0.30390146
f2a05289	0c26a288e179	0.45263436
f2a05289	c3d77434c8ef	0.3632771
f2a05289	a110f61fafc4	-0.29863432
f2a05289	ab9ca89a64af	-0.6456167
f2a05289	2c990af1fb36	0.68722177
f2a05289	35fe05cb1b90	0.41824386
f2a05289	fced4bb4da7f	0.42584696
f2a05289	3c78ce0f8888	-1.0468526
f2a05289	3e38619986ca	-0.7985472
f2a05289	64906b821b2b	0.5518518
f2a05289	3d55dbb9964b	0.6388328
f2a05289	c746561eb90b	1.1345298
f2a05289	9fbe58afeb7d	1.1089066
f2a05289	6c8a8f59f6f9	1.196445
f2a05289	627f9fa42706	0.800911
f2a05289	616327f03930	-0.19819897
f2a05289	1bef33c5b0f2	-0.7869096
f2a05289	7e24f10ec605	0.42460844
f2a05289	f958f5cff573	0.7039125
f2a05289	6ef0bd2c2bb8	0.96599513
f2a05289	3afc39a004d7	0.947501
f2a05289	2929e77e89ca	0.46691254
f2a05289	6ea68e04c3bc	0.6405622
f2a05289	3aaac9341636	0.6802134
f2a05289	de7f3129d683	0.5056981
f2a05289	e38169b0993e	0.67364943
f2a05289	fb1d16f626ae	0.7516539
f2a05289	865a12251c88	0.80138195
f2a05289	681cf10df4b0	0.8153741
f2a05289	b85eb1c65389	0.9606119
f2a05289	1276b90d0200	-0.8474051
f2a05289	8f74ea1eb7a5	0.52914417
f2a05289	8a34410763e3	0.81665117
f2a05289	f7911ac10259	0.71444345
f2a05289	f04d5a70c852	0.38287374
e0eb5221	209ed00a1819	-1.5410703
e0eb5221	7cc431c16484	-1.4510797
e0eb5221	27dc38022c90	-1.4827952
e0eb5221	4eb57abf5269	-1.3785728
e0eb5221	1c9557a02550	-2.2935178
e0eb5221	cd02bc889a0a	-2.3127036
e0eb5221	240a51b7ecc5	-2.312324
e0eb5221	1143f47f3145	-2.352747
e0eb5221	ebff71efcd9e	-2.2772071
e0eb5221	85afefa4e5f6	-0.31723627
e0eb5221	94a33e071510	-0.12460586
e0eb5221	ac6f99487925	-0.21849327
e0eb5221	8a0a61ce1007	-0.012226806
e0eb5221	192142e1cfad	-0.16496421
e0eb5221	cb5e059dc0be	-0.79233694
e0eb5221	7f63a37982ad	-0.85976726
e0eb5221	545609fc505a	0.3738508
e0eb5221	5b4f048e8f87	-0.72692925
e0eb5221	444390203863	0.22381055
e0eb5221	c0f73fd0b44c	0.24277848
e0eb5221	df2e44d03e3a	-0.7219366
e0eb5221	bfec7dc29503	-0.7082121
e0eb5221	c8159fdde6f2	-0.77590525
e0eb5221	724ef4c8f12f	0.0853823
e0eb5221	3d6b1dc786f4	-0.737466
e0eb5221	4585c05b5636	-0.6698579
e0eb5221	c2c0de69e6ed	-1.4291859
e0eb5221	e77c0ee7c90c	0.23086067
e0eb5221	b67079f47091	0.39730063
e0eb5221	0ae3b3ca3fe2	0.061586604
e0eb5221	4c00fb9f95a5	-0.5976949
e0eb5221	252aff81fbef	-0.5676359
e0eb5221	c287fd187aba	-1.0384837
e0eb5221	90471207d1ec	2.0407145
e0eb5221	d6b1ea2b7d45	-0.5272059
e0eb5221	420318e16e16	-1.751136
e0eb5221	a573b5457f68	-1.6074843
e0eb5221	779a10558e06	-1.0398294
e0eb5221	6f23cf0202c2	-0.2981428
e0eb5221	7396b48d8065	-1.1326504
e0e2ed88	93cefec12b2c	-2.4729202
e0e2ed88	50c50415a2b3	-0.8382293
e0e2ed88	f91685363a97	-2.0694907
e0e2ed88	320ab5fc5b32	-1.6360921
e0e2ed88	80dfe798d012	-0.71273685
e0e2ed88	6c438fe6e262	-0.04176362
e0e2ed88	9bd1dad432b6	-1.8218234
e0e2ed88	d065b9a04ea4	-0.7043563
e0e2ed88	e95545e96a39	0.5076701
e0e2ed88	abf8e37fdd15	-0.28875872
e0e2ed88	10eefb239d85	0.05136911
e0e2ed88	19671b006512	0.06075634
e0e2ed88	e64fea049c63	-0.02236503
e0e2ed88	4e527b30f6d3	0.17150708
e0e2ed88	9b1537df913e	0.14614208
e0e2ed88	46f75afccc07	0.09954649
e0e2ed88	e7d11d420c70	-0.08186081
e0e2ed88	ee516313a221	0.3475407
e0e2ed88	1becee3d539e	0.26868197
e0e2ed88	c8be4a2d35a0	0.30658153
e0e2ed88	5f722953eb4b	0.3794586
e0e2ed88	276479504443	0.36458427
e0e2ed88	8a060ddc1f2c	0.3916346
e0e2ed88	e760185b70cd	0.066502966
e0e2ed88	dc5f54715363	0.04113797
e0e2ed88	d8969573fd00	-0.0054576015
e0e2ed88	807e8de5e59f	0.7382792
e0e2ed88	1f48d9808c16	1.2359365
e0e2ed88	ec7ff077f6da	-0.13318415
e0e2ed88	057887e98d92	-0.080890566
e0e2ed88	424048d6b6eb	-0.25536278
e0e2ed88	fc8f39cdcd58	-0.28072777
e0e2ed88	145578902766	-0.32732335
e0e2ed88	3570def8a02e	-0.22984596
e0e2ed88	75759a7097b8	-0.25521097
e0e2ed88	ec8506121b3a	-0.30180648
e0e2ed88	9bfda4c8b660	0.27423552
e0e2ed88	12ce6263a9e2	0.27423552
e0e2ed88	a50dc1e3c14e	0.27423552
e0e2ed88	3ae4e73125bf	-0.51546955
16446fdd	93cefec12b2c	-2.5446842
16446fdd	d6403535b9b5	-1.4545513
16446fdd	caad6ce06b8b	-2.1703165
16446fdd	93f648da03a0	-2.2492094
16446fdd	6ee02be761d0	-0.7659652
16446fdd	f583421e674c	-0.17002562
16446fdd	8bb9cb2d7a70	0.098365076
16446fdd	c7d014f7c190	-1.5149795
16446fdd	45c635d65236	-1.3458118
16446fdd	78040c1ddee5	0.108270146
16446fdd	31fcb7d425a4	0.20761925
16446fdd	30b1e22f75a3	0.18663132
16446fdd	f97adbce8f29	-0.65422034
16446fdd	b2939cb56a50	0.3838617
16446fdd	6e8d255f60fa	0.04795456
16446fdd	13cf06cd4485	0.4042557
16446fdd	f61c06114ab4	-0.06359037
16446fdd	95f245526722	0.3605202
16446fdd	b161e9629a5f	-0.2496703
16446fdd	798b1ba228ec	0.67101586
16446fdd	e432dd373908	0.39063445
16446fdd	f27eca266a5d	0.09885644
16446fdd	0453dd5fcd8e	0.09248746
16446fdd	2932ac62fdd0	0.2961702
16446fdd	50e6f4f03291	0.22163908
16446fdd	ab1a3b9bc961	0.13139668
16446fdd	a43c390d7a69	-0.8380077
16446fdd	71d42a57e34f	0.15374188
16446fdd	f760a3ac2299	1.2392784
16446fdd	a8273548a4b9	1.1328465
16446fdd	9576f9fa7d3c	0.9200342
16446fdd	803a544fe034	0.6658711
16446fdd	e4554fb1df18	0.07004566
16446fdd	611f00f9d9fc	-0.05418518
16446fdd	984675b01e03	0.23702705
16446fdd	d7d782636738	0.22739457
16446fdd	0b94450528ee	0.3166382
16446fdd	9c10aed4d7dc	-0.20050311
16446fdd	60acf2df934e	0.2705605
16446fdd	ecef191ccab6	0.009185912
d9dbe162	93cefec12b2c	-2.5475216
d9dbe162	300b4cccca2f	-0.79471636
d9dbe162	e0639988d8b6	-0.5081199
d9dbe162	68029a2c24c5	0.9410566
d9dbe162	e749359fcaae	0.059586667
d9dbe162	67048efdd421	0.57054687
d9dbe162	6eb05566f071	0.67282945
d9dbe162	9116ff7c81cf	0.86307377
d9dbe162	b6436d2273ec	0.51677185
d9dbe162	d6fd2a82ac65	0.82312703
d9dbe162	052fad335252	0.752653
d9dbe162	0558a85957e5	0.7286031
d9dbe162	4078be5f07e3	0.42513996
d9dbe162	04c9e1bc650d	0.90827507
d9dbe162	c857f46a07e1	0.17336357
d9dbe162	c59bce2fd6fb	0.8534273
d9dbe162	9a8ce4328cdb	0.6951798
d9dbe162	688873c60ce7	0.16775544
d9dbe162	2c3d51bc762c	0.20281832
d9dbe162	890db59ecc81	0.45632344
d9dbe162	2e4c7ae866bd	0.73716176
d9dbe162	64c9e260b9ae	0.29554686
d9dbe162	76f6c43a3a39	0.35299686
d9dbe162	db214ee5dc75	0.48417023
d9dbe162	a353a3c0cb54	0.34045807
d9dbe162	ae284b77079a	0.86527306
d9dbe162	87aeac0c2d17	0.82907695
d9dbe162	718adaa4d1b5	0.4259474
d9dbe162	a938a212302b	-0.117452286
d9dbe162	cb376c1667d2	0.83148867
d9dbe162	b0d03da3cac4	0.24077037
d9dbe162	28a97872f463	1.0614924
d9dbe162	7267710ba688	0.20278884
d9dbe162	2deaef049970	0.1876
d9dbe162	8ad971749647	0.78699255
d9dbe162	9719f9434a9e	0.34480855
d9dbe162	bb4d9693bc54	0.104797035
d9dbe162	67b96c12d85c	0.12053992
d9dbe162	1e07bda3c3f1	1.0762142
d9dbe162	b822a6de7374	0.86049205
30df0474	93cefec12b2c	-2.458162
30df0474	cad20da2e1ee	-1.8073679
30df0474	85c1197be707	-1.8252912
30df0474	fe855991205f	-1.7738523
30df0474	1c019d6f19ee	-0.9109726
30df0474	c49c652e5699	-1.5235301
30df0474	bd37722ef1b2	-0.8914375
30df0474	ed75e280c328	-0.31393245
30df0474	bc65abd11a44	-1.1649493
30df0474	2d4666173130	-0.75383943
30df0474	2fd4bece180e	-1.4877363
30df0474	595e95cea981	-0.8850734
30df0474	602bd6fc82f1	-0.8976807
30df0474	d231851ed83b	-1.6027874
30df0474	6428386311c2	0.063541494
30df0474	a1b67fbf1fa4	-0.6338596
30df0474	3b6b3200eaa9	-0.8130965
30df0474	30bd5d59cd8a	-0.6508316
30df0474	03e777afe432	-0.77364653
30df0474	4d621e2834a2	0.25888926
30df0474	e74bc2bab292	0.6011785
30df0474	449a5183d4a9	0.044993497
30df0474	3c57b6971c9b	-0.10558849
30df0474	15d38a4113a3	0.13843977
30df0474	7c4068105ae6	-0.43882218
30df0474	f831da8889cf	0.094579645
30df0474	bd4d1725f38a	-0.3226957
30df0474	a1f392af7dfe	0.35731497
30df0474	11ff294df160	0.3539612
30df0474	c6cecfde0669	0.48497394
30df0474	078685c08384	0.21679069
30df0474	f41084948416	0.13537149
30df0474	02a1c6551838	-0.35056248
30df0474	177d532676c8	0.5659075
30df0474	b0966249b962	-0.31587443
30df0474	b88317d740d7	0.14051619
30df0474	285dd8463623	0.54137695
30df0474	1799065acbfd	-0.20743334
30df0474	3bfa5b1e7ff5	-0.31106946
30df0474	136908375b8c	-0.24748005
055dbd83	20a238690c26	-0.7826958
055dbd83	4e396a69e48e	-0.87219477
055dbd83	0640cdca6c6b	-0.7135533
055dbd83	0ee529eaa307	-0.7135533
055dbd83	93c4fa4fc35d	-1.381256
055dbd83	689631ebdb06	-1.4868768
055dbd83	fe3ed7ebe683	-1.0501366
055dbd83	b6b0254259af	-1.1710639
055dbd83	cd2322514d2e	-1.5695773
055dbd83	72efcd86e15f	-0.49688318
055dbd83	2db8398c84fe	0.3840883
055dbd83	14d9ac337ea1	-0.48580283
055dbd83	c59ffd9570b1	0.046525076
055dbd83	ac883a877201	0.1986153
055dbd83	79a688f72a01	0.15988031
055dbd83	d0e4569c06ca	0.3707393
055dbd83	bb8bc5021ab1	0.2540396
055dbd83	0800a570a0f5	0.80104834
055dbd83	82071d7a939d	0.3313192
055dbd83	89698b697a52	0.29148108
055dbd83	bb36156eb978	0.17359148
055dbd83	72442aa9f612	-0.067495435
055dbd83	ad5cb467e43b	-0.6484936
055dbd83	517b7d7b2167	0.1053749
055dbd83	1ad1f2094880	-0.7272372
055dbd83	c29a43da548e	0.2710714
055dbd83	34f232a4a7a4	-0.44043216
055dbd83	064c753c977d	0.122704566
055dbd83	404ff3ddcdc2	0.5413436
055dbd83	f713904d3e8e	0.14187738
055dbd83	4bfbeb738f79	0.00036247366
055dbd83	fc2a0f986eab	0.085423425
055dbd83	0f2d86dfc621	-0.59308404
055dbd83	b7aa87180eaa	0.082505204
055dbd83	c02249095702	-0.45697567
055dbd83	6a1cabe770ca	-0.45697567
055dbd83	2cc561b53e03	-0.45697567
055dbd83	fefbdf4e4b6a	-0.8789441
055dbd83	298214fede6d	-0.5845991
055dbd83	71b964af8887	-0.98042727
9c092ccd	6a89572d2a95	-0.8244313
9c092ccd	928c8e89a219	0.18589315
9c092ccd	1ab8a9eef143	-0.8925609
9c092ccd	1cb1332e2938	0.8342112
9c092ccd	c4ad459a8b7e	-0.913794
9c092ccd	240dbc1b5638	-0.70249754
9c092ccd	447016db7e1b	-0.8263101
9c092ccd	e1ddee2b3b11	-0.33571067
9c092ccd	56170fcd0cb2	-0.9315395
9c092ccd	85c8f6e4baa5	0.26056707
9c092ccd	3e62a61b0c90	-0.34825435
9c092ccd	8db0400a84fd	1.3073751
9c092ccd	7b877227a5e9	-0.58630776
9c092ccd	e39f0c165787	-1.0764054
9c092ccd	8de253d499d2	-1.0764054
9c092ccd	8696f894d164	-1.0764054
9c092ccd	8b31d576ecb5	-0.9794552
9c092ccd	55a1dda61eba	-1.0764054
9c092ccd	450058b3853d	-1.0764054
9c092ccd	85375c9ebe60	-1.0764054
9c092ccd	28a237768348	-1.0764054
9c092ccd	cf7f4adff7e7	-1.0764054
9c092ccd	9a053dcebf7c	-1.0764054
9c092ccd	5e3e64814e0f	-1.0798306
9c092ccd	e70fc3eea976	-1.0798306
9c092ccd	b4ea59ef5f79	-1.0764054
9c092ccd	6c88c5c22bda	-0.9794552
9c092ccd	3717b0794663	-0.31447208
9c092ccd	ac1ac65bbe88	-0.49932143
9c092ccd	95813ec81721	-0.16848491
9c092ccd	ae99a4b2211b	-0.9698541
9c092ccd	9198118d2f74	0.5593989
9c092ccd	dbc044cc336a	0.5845544
9c092ccd	32056288aede	-0.028600857
9c092ccd	4bb4b2ebfff6	0.6335745
9c092ccd	26f9352ab4f3	-0.21835117
9c092ccd	8ba86e1ecd72	-1.7722944
9c092ccd	e9860be27210	-0.68156147
9c092ccd	9402fe7de27f	-0.0016104148
9c092ccd	b3e1a2daecfb	-0.33631173
b908f2d4	5d823b7547d0	-0.888202
b908f2d4	d0347d275c50	-1.4897861
b908f2d4	9d0ea73fb333	-1.2426548
b908f2d4	cdec6015f5b5	-1.3629417
b908f2d4	b050a485ae55	-1.3066497
b908f2d4	4827e4043a65	-0.40913478
b908f2d4	b804b64fc697	0.5689619
b908f2d4	581ef2554a1f	-0.7248636
b908f2d4	108c1c349405	0.8041172
b908f2d4	2df15d567b4e	0.7937056
b908f2d4	b009f9a95e36	0.40499958
b908f2d4	577ec416b6ed	-0.8373109
b908f2d4	3b86eb4f3e04	0.18689045
b908f2d4	9016ccc7e7be	0.23719937
b908f2d4	adda2443d750	0.109030485
b908f2d4	cd3a199f546c	0.4434742
b908f2d4	d5f924289858	0.9641113
b908f2d4	1c8f69c9198a	0.10847227
b908f2d4	e972e7972999	-0.59824425
b908f2d4	2336bc8e3afd	0.08930613
b908f2d4	d2b5311e205f	0.721645
b908f2d4	406ac5539c3b	0.70680535
b908f2d4	8670979bc90f	0.62821466
b908f2d4	37d588de0250	1.2595739
b908f2d4	f7ea73bf272b	0.3410733
b908f2d4	2437fedd34fd	0.45372656
b908f2d4	f622e57531c3	0.8068692
b908f2d4	a1cc551498cb	0.50183225
b908f2d4	a109718107fb	0.9185464
b908f2d4	2838f2df4ad5	0.9583323
b908f2d4	3c66d616191f	1.2041674
b908f2d4	9ac25335b9ed	1.5017081
b908f2d4	d4fc3d28c700	0.49848768
b908f2d4	11c232b070d3	-0.2366692
b908f2d4	3ccddb40cad5	0.7901388
b908f2d4	eccbd5175df7	1.0080708
b908f2d4	2269f404d601	-0.25846186
b908f2d4	15807ec0bfee	0.119739406
b908f2d4	b3a7eb416075	0.03592384
b908f2d4	2a4b19fceffb	-0.17588325
b3ab9970	18c034a6bd88	-1.4137347
b3ab9970	99d0bff0e38f	-0.345294
b3ab9970	56f6fcfc5388	-1.649805
b3ab9970	84a6ffa56c62	-1.5471021
b3ab9970	075375565d2d	-0.016971214
b3ab9970	cc2b72db8647	-0.3705089
b3ab9970	fd28db5101b8	-0.31222475
b3ab9970	823e8c87ef04	-0.39238375
b3ab9970	d00e0f29acae	-0.41923106
b3ab9970	280822be4fd3	-0.27922955
b3ab9970	aa263b68354e	-0.49111775
b3ab9970	ea04e654b0c1	-0.8030557
b3ab9970	bef4d9a67a39	-0.4391452
b3ab9970	7d359514c68e	-0.39238375
b3ab9970	bc42afd46b8a	-0.3448317
b3ab9970	f03a027380d6	-0.09194914
b3ab9970	2a7d2176b743	-0.234226
b3ab9970	b45d6dcae0b4	-0.90192986
b3ab9970	18d457f9066e	-0.6374883
b3ab9970	4dbe7232cade	-0.6061055
b3ab9970	ef4b31659663	-0.3236881
b3ab9970	0d7088141384	-0.5804281
b3ab9970	4b401d06d128	-1.5455818
b3ab9970	c86aaceb121c	-0.070413955
b3ab9970	0e781c119620	-0.3179627
b3ab9970	3ad32ab050fb	-0.1630306
b3ab9970	3ab24f37e6bc	0.08722603
b3ab9970	044b051b0a93	-0.31091884
b3ab9970	c638a251551f	-0.91150194
b3ab9970	ec499fd9b39a	0.00020992348
b3ab9970	c9e318a20b5a	-0.025429312
b3ab9970	54a6821da55b	0.6071857
b3ab9970	57cb16fd0c38	-0.30036888
b3ab9970	daaeea58d2ac	0.8917457
b3ab9970	e4389d57659b	0.86775696
b3ab9970	4d53475d2cbc	0.86392987
b3ab9970	3e663ae738be	0.799848
b3ab9970	1d13b9890214	0.742649
b3ab9970	21d4806ef8f6	-0.098046176
b3ab9970	f8ae61964d07	-0.25567955
5fdd6279	0ad1b6369bc0	-2.119541
5fdd6279	4cc80fa2a4f7	-1.6069558
5fdd6279	79f47833ed67	-1.2307456
5fdd6279	bd7ebd723303	-1.2307456
5fdd6279	2c0f08ec5284	-1.2307456
5fdd6279	6554116959b5	-0.4220852
5fdd6279	067039d05200	-0.4127746
5fdd6279	ae06557779c6	-0.45888504
5fdd6279	c5c00a4e847a	-0.0071296925
5fdd6279	b7ca4979dd91	0.19993736
5fdd6279	946149c96fa1	-0.8743999
5fdd6279	d88f0e0479c3	-0.32310563
5fdd6279	6459072a0cf8	-1.1583334
5fdd6279	e48cbdd2c2a0	-0.830856
5fdd6279	d3a70c7efbf1	0.38153973
5fdd6279	69a133b8bdcf	0.62411946
5fdd6279	15cacdaeb6f9	0.5973346
5fdd6279	d97b387f0e8a	-1.1583334
5fdd6279	eaa81bee43f5	-0.8435239
5fdd6279	4e6e56c7fc03	0.33306214
5fdd6279	7ee1614d63f5	0.63088554
5fdd6279	c2350a94e4b1	0.43694112
5fdd6279	74627b7ae190	0.6278113
5fdd6279	dd60ead54b73	0.5196223
5fdd6279	deba782f6394	0.7118557
5fdd6279	357059368de6	-1.1754466
5fdd6279	c9cf6f9dfa75	0.45634565
5fdd6279	df9926a7d1c1	-0.32987192
5fdd6279	e6bf1f0291f0	0.77555466
5fdd6279	695b4a809894	0.46405336
5fdd6279	a13f9b2e2234	-0.5207134
5fdd6279	648855e1434c	0.51559067
5fdd6279	0adc4caea004	0.715537
5fdd6279	207111febbc3	0.72721756
5fdd6279	e9c32693b2cc	-1.1559267
5fdd6279	55205246940a	-0.049359463
5fdd6279	4c54869bccac	0.08646738
5fdd6279	fa6dc7b095b9	0.6040121
5fdd6279	f2d38c25e803	0.6040121
5fdd6279	a5e745929ef9	0.78015274
8ae29d09	93cefec12b2c	-2.458162
8ae29d09	02b851efb305	-2.0307417
8ae29d09	a3a1c08c2674	-1.5759783
8ae29d09	869b3270cf66	-0.44892135
8ae29d09	78bb045fd49a	-1.5119202
8ae29d09	81bbf22693e7	-0.30981103
8ae29d09	5751ea4d4868	0.45474708
8ae29d09	6619899db795	0.6801224
8ae29d09	38be6e0d3098	0.4323293
8ae29d09	37d91b7e56a2	0.78991127
8ae29d09	1a5034f69477	0.47362906
8ae29d09	b938a7890a43	0.14748172
8ae29d09	7431ece349f0	0.22277434
8ae29d09	c3566839d3fd	0.7837716
8ae29d09	da5a9eda1deb	0.84542006
8ae29d09	87d5b591fb8c	0.3883754
8ae29d09	766f42fa4b65	0.33255202
8ae29d09	72f890634129	-0.511191
8ae29d09	c45e49fe4e75	0.027456803
8ae29d09	707108e74261	1.3981831
8ae29d09	9b35510155e3	-0.5900475
8ae29d09	93592e97b719	1.0633681
8ae29d09	b7e32b061bf9	0.9543003
8ae29d09	76730e956ecd	0.66295135
8ae29d09	23c866c577c0	0.96308327
8ae29d09	33d327255ed5	0.8502026
8ae29d09	4f54b7907613	-0.15612066
8ae29d09	6a954790257b	0.9632924
8ae29d09	c3966e1210b9	0.6240401
8ae29d09	8e2a6326a4a1	0.89972687
8ae29d09	4f99bc2d2235	0.9432924
8ae29d09	0ba29122bcae	0.44428834
8ae29d09	3d572763ce38	0.55274975
8ae29d09	4bfcc792b332	0.095164746
8ae29d09	5689358fc111	0.6468759
8ae29d09	37769a8a49a7	0.4486399
8ae29d09	f492fb386bd1	0.20717381
8ae29d09	3e593be621c7	0.12780847
8ae29d09	6d8d2277ef9b	-0.049170956
8ae29d09	02e24466d163	-0.076797925
d54a01a6	2aa581b975df	-2.0947335
d54a01a6	93cefec12b2c	-2.4182787
d54a01a6	395d6d3d1d15	-0.7134867
d54a01a6	688e6963dc34	-0.54853886
d54a01a6	f6c7e923a3a5	-0.91990274
d54a01a6	9e5a846921e2	-0.95182234
d54a01a6	64a636290756	-0.5917834
d54a01a6	362078d9b7ca	-0.3589879
d54a01a6	e4997e01a8eb	-0.36862817
d54a01a6	e084fd74586b	-0.14727056
d54a01a6	4db7a6271667	-0.39078414
d54a01a6	2736b7cf2d1c	-0.39078414
d54a01a6	5229910224d8	-0.39078414
d54a01a6	17b182c74149	-0.45044506
d54a01a6	73b67df4a5ec	0.5336735
d54a01a6	3e1f84d4a003	0.20264003
d54a01a6	04dc1e93c45e	0.3555052
d54a01a6	5d92bf654dfc	0.5758202
d54a01a6	816ccb77c775	0.34263155
d54a01a6	c36d92974cec	1.0104109
d54a01a6	a8b9cf6b6e5a	1.0890715
d54a01a6	8ca1c28727b9	0.036991324
d54a01a6	456a2af26da6	0.3572099
d54a01a6	a6032a6cae44	0.17703466
d54a01a6	0180135da87f	0.41365713
d54a01a6	98f236de77ab	0.83615094
d54a01a6	ff5e3f3656ca	0.3401418
d54a01a6	e91114658508	0.39621064
d54a01a6	8e0524ace68b	0.39621064
d54a01a6	0194cd3e12bd	0.32917428
d54a01a6	c9da8fe6761b	0.47843483
d54a01a6	486bea9c7000	0.592675
d54a01a6	631d9d8c42f8	0.67056304
d54a01a6	195aa9358054	0.6368008
d54a01a6	bbd675d032f8	0.53383344
d54a01a6	a75516901922	0.650163
d54a01a6	1d26a285f876	0.650163
d54a01a6	f6a83d942875	0.50382954
d54a01a6	aabb6db1aa19	0.15626687
d54a01a6	9ad469fcb22a	0.06611984
9124f37f	9da45633562b	-0.8469458
9124f37f	2d665713e28f	-1.1921301
9124f37f	86cfb1784569	-0.84331083
9124f37f	a364a25c6f79	-0.81448084
9124f37f	84c41432ee63	-0.78515166
9124f37f	52f386cb2829	-0.9983091
9124f37f	edcf082f2e9c	-0.90779436
9124f37f	5ceb71791dd0	-0.9412401
9124f37f	50fb9f4cf062	-0.87849617
9124f37f	8fc392ee9c7c	-0.94011307
9124f37f	9b021a416f3a	-0.8879981
9124f37f	52c5108d6d13	-0.8022449
9124f37f	ced75e0cfb5d	0.11488301
9124f37f	d0ed64ec74fa	-0.54580724
9124f37f	be61ba5046c7	-0.83152556
9124f37f	5ab33fe4036b	-0.1106928
9124f37f	d508336668fa	-0.32115087
9124f37f	b1aa2865baea	0.073488854
9124f37f	e81317539a93	-0.625653
9124f37f	bd5ead357158	0.056805924
9124f37f	fb9d15eb23b6	-0.07355209
9124f37f	89ea80f4993e	-0.5567882
9124f37f	22585ff1af8b	-0.64990866
9124f37f	99e552c87f48	-0.8584358
9124f37f	39f2955733fd	-0.92788154
9124f37f	e0b2c591618e	-0.6186722
9124f37f	72bcff6af826	-0.58566016
9124f37f	15b3037274ec	-0.09194104
9124f37f	552967c8161b	0.32097924
9124f37f	3547e619c478	0.32097924
9124f37f	858e3a2fcc3b	0.33029792
9124f37f	42ae74609957	0.72145444
9124f37f	15d5cd684b6c	0.17334679
9124f37f	30661ef758c6	0.13983914
9124f37f	12bbbb73b7de	0.13286668
9124f37f	4a45f74323df	0.6037361
9124f37f	a88ab3f860bc	0.6037361
9124f37f	621a2830644f	0.5724134
9124f37f	be960539e611	0.80755883
9124f37f	bd057fef2b38	0.6659911
445c34ad	93cefec12b2c	-2.3270333
445c34ad	c7a64c150edf	-0.9461884
445c34ad	6df287a54b5e	-1.5659144
445c34ad	d7ce6ff2cf9b	-1.2261205
445c34ad	2e9d58aa54e3	-2.116711
445c34ad	c35b6babef63	-1.4359908
445c34ad	dad5e7d6fe76	-1.0637575
445c34ad	7de02f83cbf7	-1.3854605
445c34ad	9e5a846921e2	-1.3719326
445c34ad	bef45e64b2aa	0.3896724
445c34ad	531fdcfe36cb	0.39309424
445c34ad	c9f959cc601d	0.6599176
445c34ad	d30611ae57d8	-0.6720826
445c34ad	5710f56f6dd9	0.79088545
445c34ad	23f172a92938	0.10508383
445c34ad	fee23d453afd	0.48046166
445c34ad	fb06cd419eda	0.58235615
445c34ad	9efb5de62c76	1.2141091
445c34ad	1f12711dc566	0.5605237
445c34ad	197c8b9fdcd4	0.4404062
445c34ad	cc2d434fe392	1.0593661
445c34ad	4f8cb422c53b	-0.7249994
445c34ad	78f87247c773	0.7841878
445c34ad	c4f7c0d9c609	0.83728343
445c34ad	a7fd3297c20a	0.5297359
445c34ad	07237d4255db	0.9033503
445c34ad	ef9be0a74ff1	-0.9277886
445c34ad	7642d77409e8	0.58607996
445c34ad	bbd10a77fff8	0.7765645
445c34ad	5b5605ebf157	0.4732627
445c34ad	7f61f9a6752b	0.470929
445c34ad	ce95e10671b1	-0.4332214
445c34ad	5cd8b3afb2f1	-0.5637324
445c34ad	c4b390e8923a	0.5873965
445c34ad	58eb6cca5700	0.5338424
445c34ad	e5ebf7da0085	-0.15905844
445c34ad	b26161bd31d4	-0.3747206
445c34ad	421f792a79b7	-0.4655706
445c34ad	f1e3f8685dc0	0.07624661
445c34ad	99f1c89663d9	-0.35497755
a463f672	a94e5427f391	-1.276503
a463f672	ade040828fb8	-0.477238
a463f672	2fe71273ee2e	-0.8339761
a463f672	e71fb061c927	-1.4179684
a463f672	8a1812bb4079	-1.9075304
a463f672	873a14657f31	-1.3923357
a463f672	18005c4542aa	-0.8638583
a463f672	e8cfabb4e2e5	-1.1184871
a463f672	6ded0582fa4d	-0.105285175
a463f672	2bff774c4287	-0.6282951
a463f672	1d13bf972914	-1.1851442
a463f672	172bb1c84d26	-0.7373647
a463f672	a1eaff787536	-0.5985164
a463f672	0f69fef53393	-0.36367717
a463f672	4c46330e5e7f	-0.5545492
a463f672	030acf5c0ac0	-1.2199515
a463f672	c0b2ed43df11	-1.1107117
a463f672	993a33f73676	-1.0853368
a463f672	8d3b4f5697a5	-1.151859
a463f672	8709c1a3c5f8	-0.31784418
a463f672	a15410a24c0f	-0.93498826
a463f672	0bcdde3c8198	-0.45290413
a463f672	6ace391399a0	-0.94373864
a463f672	d546d4265070	-0.5138146
a463f672	cd4ac833328d	-0.29753676
a463f672	1275ed786bca	1.188583
a463f672	66e65d65a26e	-0.06438557
a463f672	09700eb4bc6e	-0.43505123
a463f672	217cee609798	-0.18490022
a463f672	c53257c51dfe	-0.4332391
a463f672	aadbc393f9ec	-0.7036967
a463f672	b71660fd1e66	-0.7009641
a463f672	f015b5a863cd	-0.51438206
a463f672	663bb4c1787b	0.21591021
a463f672	abb8d57a99e3	0.49163017
a463f672	9837740daf06	1.955177
a463f672	cf537c0ba11d	-0.337262
a463f672	bbb8e7ff2e22	-0.7980812
a463f672	c81023d61e1f	-1.0418483
a463f672	f9420556fdd0	-0.28031483
41a35b7f	8e518f094279	-2.2114708
41a35b7f	0ba146377980	-0.7929747
41a35b7f	f0140e1fc99e	-0.7929747
41a35b7f	86fef01b2410	-0.7929747
41a35b7f	35b756548ba0	-0.7929747
41a35b7f	6eeb2ca63fde	-0.7929747
41a35b7f	fe28c7f7a3b1	-0.7929747
41a35b7f	9bab688cc1bd	-0.7929747
41a35b7f	b7371080fed8	0.01241024
41a35b7f	659cb9b6934f	-0.083360106
41a35b7f	b2de0daa6301	-0.55269265
41a35b7f	75ea9f9795b8	-0.7839294
41a35b7f	5537a029c5bf	-0.6204537
41a35b7f	f3e30445daad	-0.7063772
41a35b7f	75b95a800fea	-0.4837008
41a35b7f	31fc23c1534c	-0.41922328
41a35b7f	3c29d713b449	-0.055918723
41a35b7f	f930a49f28cb	-0.33711118
41a35b7f	90e3dc9fe068	0.025069134
41a35b7f	b146e775075a	0.68348897
41a35b7f	8d2e75157fcc	-0.037704527
41a35b7f	6cf2f1b6a687	0.8385291
41a35b7f	6d7fb9722a29	0.03588528
41a35b7f	09f6ae2c2cb6	0.868515
41a35b7f	0084cdb10aee	0.080602825
41a35b7f	f7e8592bca83	-0.10858875
41a35b7f	0dfb3bd7fa1f	0.019614784
41a35b7f	4365ecf5c935	0.6038525
41a35b7f	ad3e8aac1332	0.10353135
41a35b7f	83efab7f456c	0.07294575
41a35b7f	e2bebfbff877	-0.046800636
41a35b7f	917c2e594fb3	0.26748005
41a35b7f	b0a4e7ba0e28	-0.839916
41a35b7f	1a6b395a2e4f	0.11119205
41a35b7f	d74c01f85d01	-0.552639
41a35b7f	0f587a656024	0.2050631
41a35b7f	48bb70f93994	0.3710006
41a35b7f	19fb4ad256fa	0.047747187
41a35b7f	be74fd0d9b39	0.067470565
41a35b7f	1934d0dfd583	0.22699302
b0cc61fc	93cefec12b2c	-2.516305
b0cc61fc	0215dce0a92e	-2.2891066
b0cc61fc	e70031f8f98c	-1.7732383
b0cc61fc	6f07ff423348	-0.22630458
b0cc61fc	215b6310dde2	-0.058191307
b0cc61fc	69de372bae86	-0.97485507
b0cc61fc	9ff7bc1c1bd0	-0.99554634
b0cc61fc	fd472d22fd2f	-0.9070189
b0cc61fc	de2fac709729	-0.36933008
b0cc61fc	f256e13f179b	-0.04563211
b0cc61fc	c3931f74296d	-1.1375991
b0cc61fc	f4c28cb9e989	-0.5685943
b0cc61fc	91c42cc8148d	-0.59598976
b0cc61fc	7babbd5ab7e0	-0.26748848
b0cc61fc	5a7db9255995	-0.24125186
b0cc61fc	6eb84fe439ed	0.21576051
b0cc61fc	afc4701c68f3	-0.21445577
b0cc61fc	fde39dd1240f	0.89028126
b0cc61fc	c3ad88d2bdcf	-0.16052815
b0cc61fc	9c8d4fe3950d	-0.16052815
b0cc61fc	83f0c8326c96	-0.16052815
b0cc61fc	942954652183	-0.59651196
b0cc61fc	41afe71cba58	0.14794709
b0cc61fc	ef2cc73656b3	-0.18554333
b0cc61fc	94ef371d6a30	0.3420416
b0cc61fc	25542f308105	0.46480453
b0cc61fc	45fb6c6bc93a	0.4048055
b0cc61fc	1e92cf4517f0	-0.7196117
b0cc61fc	c20d3a3d59e4	-0.53479946
b0cc61fc	dcb532837eb1	0.105373174
b0cc61fc	815ed00581a8	0.8684559
b0cc61fc	461b12a8bac3	0.65500444
b0cc61fc	e8d9911db59a	0.86535686
b0cc61fc	16c588d2d973	0.51754475
b0cc61fc	04f6cc5c7ec7	0.55079204
b0cc61fc	969152dd7117	-0.056586124
b0cc61fc	f47e864023df	0.56035393
b0cc61fc	10b50b94b95b	0.146315
b0cc61fc	fbd3aee284e3	0.2788187
b0cc61fc	9bdedbced7d0	0.5494061
b1998c18	de751d5b669e	-1.8899456
b1998c18	be0b97d9834e	-2.3168366
b1998c18	e7750ca19bb8	-1.9545921
b1998c18	1c0c4e1a060f	-0.799728
b1998c18	3978940b0450	-0.9667055
b1998c18	dbfe39581f73	-0.40604624
b1998c18	3475babbeb05	-0.06548662
b1998c18	21b582b294d5	-1.2734195
b1998c18	097311bb5a97	0.56068236
b1998c18	866066d40a3c	-0.6149164
b1998c18	76efbe591fae	-1.0167662
b1998c18	4ce18d34f686	-0.21231022
b1998c18	c621de05b405	-0.30233362
b1998c18	e598dd0fbb45	-0.21231022
b1998c18	224f35f728b5	-0.21231022
b1998c18	33f41d59a40d	-0.9450249
b1998c18	217da4f66e29	0.18231224
b1998c18	bf7e170a62b3	-1.0830063
b1998c18	2240b2d5f582	-1.1683017
b1998c18	c4b17acc8d0d	-0.14116816
b1998c18	b093435efd07	0.70443153
b1998c18	bd128451bf80	0.08413224
b1998c18	59ca64fd366a	0.88013285
b1998c18	af26eb22edcf	0.50572467
b1998c18	8ec563adb720	0.27490017
b1998c18	8c24d0c9376f	-0.9988999
b1998c18	50e28e55dd85	0.40857348
b1998c18	8f18b96b51fe	0.07106765
b1998c18	593a035156ea	-0.562453
b1998c18	b2f6c53cb9a4	-0.77930444
b1998c18	547ee12ee3ad	-0.17821522
b1998c18	b23eca417f88	-0.20226504
b1998c18	c82c84f7ee27	0.051144805
b1998c18	dcfde7fcfa32	-0.04316611
b1998c18	73171b12cf40	0.43861812
b1998c18	25f529723b38	0.40252066
b1998c18	81b4fc594aa3	-0.49763292
b1998c18	4ed0818d7d8f	0.58032477
b1998c18	daadfd5397eb	0.58032477
b1998c18	ef48496f70ab	0.2528502
09ca500c	90c7c170b963	-2.63706
09ca500c	bcaea2d4a2cf	-2.024907
09ca500c	d03dc1ad415a	-2.024907
09ca500c	855932decd15	-2.015526
09ca500c	7ecb1d9e67e4	-2.015526
09ca500c	49a8ef2ece41	-1.9955385
09ca500c	890eeeee90f4	-1.9955385
09ca500c	0b4e8366d13a	-1.9955385
09ca500c	5b560bce8f3a	-2.024907
09ca500c	a8b3b851d587	-2.1862807
09ca500c	185f4bf921a3	-1.9762418
09ca500c	5a453faf0b27	-1.9762418
09ca500c	bfa33fd36011	-1.9438368
09ca500c	7867b01c011c	-1.8880671
09ca500c	8d6c3d379af4	-1.8586984
09ca500c	7ed50c73a92e	-1.862529
09ca500c	5b4461b11338	-1.8481839
09ca500c	5e0d69d7e369	-1.9532857
09ca500c	783b48e0b10a	-2.5110648
09ca500c	16626a62ef99	-2.5110648
09ca500c	1bf4837e578a	-1.8269978
09ca500c	16bac7ea41ad	-0.9095439
09ca500c	71c1ee58464a	-2.4323812
09ca500c	9fc387474797	0.16175647
09ca500c	95249172702b	-1.9185761
09ca500c	0a3b7f92b1d5	0.21635553
09ca500c	436119ac984a	0.19786143
09ca500c	029e2a9476ec	-0.84539825
09ca500c	2d3672844623	0.25398242
09ca500c	c4239878a831	0.09917307
09ca500c	1d7bc3c1fc3e	0.080678955
09ca500c	049cbf315b1f	0.13721962
09ca500c	046b4115a8d3	0.08606093
09ca500c	6a463be275d9	0.84913486
09ca500c	ea40dd35e17f	0.84913486
09ca500c	61bdc2b765c7	0.5069065
09ca500c	c83f97fc868c	0.28296807
09ca500c	d7ed31bb6f40	-0.0020053654
09ca500c	8c7d9cc22fad	0.40131792
09ca500c	734cf98ecf28	1.7105525
3c331521	e5d221d8258b	-1.1681012
3c331521	0e6e4b8e891f	-0.9012218
3c331521	88dd0cfeb2c1	-1.0895338
3c331521	42fc0a197f49	-0.5647586
3c331521	8820cee92a24	-1.3731999
3c331521	7194b4919408	1.386295
3c331521	b857483e0c01	-0.99039346
3c331521	c36f28a3030e	-0.99807394
3c331521	492b5e5be413	-1.1756204
3c331521	a28480a0336b	-1.3489317
3c331521	33b5ee19dbe3	-1.1675647
3c331521	0fb30472946d	-1.0810426
3c331521	ad30a6b977cd	-1.1191648
3c331521	ee51330d54ba	-1.0885103
3c331521	3e4c88e30b47	-0.93436575
3c331521	1f510e872a32	-0.98089397
3c331521	6466f841f8ac	-0.30608034
3c331521	66bf7472d55a	-0.937656
3c331521	93cd06626625	-0.99451745
3c331521	bf5295d421a7	-1.2434763
3c331521	acac0a0e1344	-0.9408073
3c331521	7da644e9932e	-0.71046424
3c331521	0d5b46a9da8a	-1.0157758
3c331521	1602270d0bf0	-0.7166784
3c331521	ca75034ed88c	-0.9279324
3c331521	a2aba42bf3ad	-1.0774269
3c331521	11f254bd2ff9	-0.6188915
3c331521	9e6a47ba3f3f	-0.514901
3c331521	6914ebf96e77	-1.3877853
3c331521	48b1c688c768	-0.33342743
3c331521	54c1d803622e	-1.0544993
3c331521	4340a8caa41b	-0.96868193
3c331521	d9639eabed31	0.01758539
3c331521	ce0f9f974860	-0.6201627
3c331521	c7be58125c0d	-0.6554824
3c331521	3e67990dc41b	-1.1774968
3c331521	08ab735123e7	-0.95587975
3c331521	01c544d6af9c	-1.3605324
3c331521	c4c5591512f4	-1.2144853
3c331521	8bb58b965e0e	-1.4957876
4551d1e8	93cefec12b2c	-2.5527396
4551d1e8	5934f40c12ae	-1.5247821
4551d1e8	c149e2de672b	-0.9214114
4551d1e8	03180d3af23d	-0.71985924
4551d1e8	c87faeb1a280	-0.6385186
4551d1e8	0f588000af3f	-0.8257367
4551d1e8	65c7d49771ea	0.22974935
4551d1e8	7aff81694a51	0.035625435
4551d1e8	b4aed795072f	0.0030257937
4551d1e8	5b11972284fc	-0.23235944
4551d1e8	ff1a633d391f	-0.072033875
4551d1e8	f653bc5bd3ee	-0.2302249
4551d1e8	1b018f7917bd	-0.18147668
4551d1e8	d027c92e8f41	-0.0016046527
4551d1e8	afda31eeaed9	-0.2750345
4551d1e8	b962e25c44f5	-0.5593545
4551d1e8	3bf45a304000	-0.41427585
4551d1e8	a8c41ba6a4c1	-0.3655537
4551d1e8	718d9541782c	-0.33190894
4551d1e8	5e71b34fd65d	-0.76942587
4551d1e8	bd7170a9daa0	-0.20983766
4551d1e8	13b04d85cfe8	-0.11311742
4551d1e8	7277ab54a7b3	-0.19721895
4551d1e8	66c8b1e4d696	0.4001207
4551d1e8	1875861f966e	-0.21761528
4551d1e8	02511d7e2ade	-0.15039869
4551d1e8	f4c335ef1f66	0.07743813
4551d1e8	eaf04cfeef24	0.19474909
4551d1e8	2fcb578cc4bf	-0.085329644
4551d1e8	80b461b68509	-0.15138689
4551d1e8	6dcb81c01ec9	-0.0039604837
4551d1e8	900c2aad38e7	-0.22706084
4551d1e8	e392f75830e3	-0.2042012
4551d1e8	5f2f619f530a	-0.1730392
4551d1e8	4522b461ab41	-0.34749398
4551d1e8	4f88b7318812	0.074672036
4551d1e8	6c65d16c0971	-0.17202966
4551d1e8	1e1b7f7b1a6d	-0.10183478
4551d1e8	5f01fff2106b	-0.16102763
4551d1e8	e0e4d23e0264	-0.32076797
cf650a17	93cefec12b2c	-2.532016
cf650a17	c9a6fff38d9d	-1.1421014
cf650a17	421b4a56321c	-0.76398635
cf650a17	65b56c5ca31b	-0.4165538
cf650a17	1100203fa2ff	-1.1472126
cf650a17	5906c4519b2c	-0.796882
cf650a17	8f4a246fc4dd	-0.2954649
cf650a17	8408462e2c84	-0.050795034
cf650a17	18ed6feaa744	-1.4925417
cf650a17	8d56838c0b4b	0.32053295
cf650a17	fd54885fb28b	0.30203888
cf650a17	3b2ad0cfbad6	0.26118687
cf650a17	7e5c42aaa37a	0.41665697
cf650a17	56e1baf17cd0	-1.5635164
cf650a17	53d18e60c6d4	-1.3709782
cf650a17	2562de0f74f0	0.016543737
cf650a17	bcd2e15f3b9a	-1.2867974
cf650a17	9567a4a4efe8	-1.2867974
cf650a17	32b34f4f7608	-1.4173669
cf650a17	06b80b741131	-1.3294101
cf650a17	e5449cf870bb	0.20709978
cf650a17	74123004cb56	-0.78924906
cf650a17	2d14b5852690	-0.33159792
cf650a17	5281f929427c	0.03904967
cf650a17	66ee71ced41f	0.819985
cf650a17	3462b213c1d6	0.97294456
cf650a17	9347166fdb71	-0.94289654
cf650a17	a0b8a535d639	-0.61393654
cf650a17	fa95f24d9a5a	-0.16715859
cf650a17	fcd681ad571f	0.03577467
cf650a17	76a7a61c3280	-0.6619948
cf650a17	2848a9b22251	-0.6840699
cf650a17	8d3053b1e579	-1.2299159
cf650a17	44d53ce4099c	-0.09438077
cf650a17	296275ba5c66	-0.64397
cf650a17	47780abf3d54	0.67798847
cf650a17	65257d5adcfb	0.5530955
cf650a17	2b2cbee41dd2	-0.8332818
cf650a17	d8544e3ff096	0.28379855
cf650a17	3c4c170fb508	0.15874165
f9643c71	93cefec12b2c	-2.6198962
f9643c71	63dbca19a2f9	-1.5490844
f9643c71	e6cb6928dd97	-1.7016531
f9643c71	eaf7da3336dc	-2.1125546
f9643c71	806bf89eb7bb	-1.0788674
f9643c71	546938577482	-1.1828114
f9643c71	f9c9bc0e9a84	-0.30984488
f9643c71	111a4aaa8caf	-1.5780336
f9643c71	e3a8d1ba5c94	-0.32671288
f9643c71	e30aa1ae8f47	-0.041167185
f9643c71	fd472d22fd2f	0.3807468
f9643c71	d1b57f28e461	-1.2840002
f9643c71	5a7db9255995	-1.2343379
f9643c71	21edd5f98b5e	0.0099622365
f9643c71	4255e97e10e1	0.5152959
f9643c71	bc3fe3e6077f	0.487026
f9643c71	af75d669c53f	-0.46058023
f9643c71	7487ee4b86b3	-0.26316285
f9643c71	ef7afd67e249	0.060097776
f9643c71	e8660597b1b1	0.62742347
f9643c71	63bc40815534	-0.5953791
f9643c71	91c42cc8148d	1.0932903
f9643c71	17207f6ac84d	-1.0046902
f9643c71	6c379523dfd7	0.24322489
f9643c71	7b5966b9b2b4	0.45556763
f9643c71	84530da58d2f	0.19187374
f9643c71	15aa20104008	-0.61875564
f9643c71	b83d33f81d64	0.33691874
f9643c71	b25ffd7db571	-0.054986946
f9643c71	12f8543db3c3	-0.5326597
f9643c71	8410863d7368	0.11273631
f9643c71	fb12fd722d90	0.6444944
f9643c71	0c18371bb968	0.10261927
f9643c71	e859a99353f2	-0.4623064
f9643c71	a809eb77d172	0.343175
f9643c71	a99737ff536a	-0.26262894
f9643c71	04f6cc5c7ec7	0.11137421
f9643c71	5bfa18a8a700	-0.61368704
f9643c71	eeb29dcf5483	0.29292965
f9643c71	ce73c8b407b7	0.44367555
eef1168b	78a3eaa477d4	-2.1287508
eef1168b	ba49f0be034b	-1.3665618
eef1168b	a31820c60b33	-1.3665618
eef1168b	f50eac96bdd5	-1.368751
eef1168b	1903d6f454b1	-1.368751
eef1168b	d9d705d5d2a0	-1.2855278
eef1168b	836c7946b44b	-1.4970226
eef1168b	9b874558aac3	-2.3694808
eef1168b	a974ab516847	-1.0688019
eef1168b	dce7b3096307	-0.7617351
eef1168b	3d5a9bd8c042	-0.8354126
eef1168b	e19def4678b3	-0.4691619
eef1168b	b89e83172cb2	-0.48241284
eef1168b	53899987c176	-0.45591494
eef1168b	eee0f301b7b0	-0.29881915
eef1168b	2c7de870be84	-0.36670294
eef1168b	afb7fc5efb25	-0.3231538
eef1168b	d4b6197f330b	-0.406351
eef1168b	153e6f5aa1bf	-0.5181611
eef1168b	5bcbad6f8cb0	-0.2906278
eef1168b	affe17f3bd8f	-0.086206555
eef1168b	2b75c1a26f7f	-0.0052933386
eef1168b	4e5a1d888197	0.31525603
eef1168b	3265de4afa6f	0.03430754
eef1168b	c7bcb9918848	-0.0116033135
eef1168b	84b47157d425	-0.00036068016
eef1168b	e21c75f8c961	0.102738015
eef1168b	c25da0a8d4dc	-0.10358732
eef1168b	7e2243204965	0.071665205
eef1168b	284743fce1cc	-0.0672858
eef1168b	4b70b27f1133	0.12122213
eef1168b	6448bf7b3423	-0.105430745
eef1168b	d100e3c2d3a1	-0.20746063
eef1168b	531dc86c3ce2	0.13650075
eef1168b	c9146db95510	0.15068555
eef1168b	b1efa1908766	0.13650075
eef1168b	ed4a6ab07fcc	0.11273148
eef1168b	9f516cedde2c	0.04321
eef1168b	9806a0409f18	0.17096575
eef1168b	7591066a3c3d	-0.26120615
7f44b75c	550891a7d2e7	-1.627723
7f44b75c	f10ed57cddc0	-1.627723
7f44b75c	077086c0125b	-1.627723
7f44b75c	adc968ce5741	-1.627723
7f44b75c	2b6a2ca26f1b	-1.627723
7f44b75c	00c41eb38707	-0.4478425
7f44b75c	acf8df6cc80a	-1.1734545
7f44b75c	4ab9f21a450a	-1.3157804
7f44b75c	252d0bfa112a	-0.28859484
7f44b75c	d5036fbcfc36	-1.1252581
7f44b75c	6e1d83bc1f00	0.47153983
7f44b75c	3db31dcc4af5	0.35678998
7f44b75c	433abcd83bd1	-1.8890034
7f44b75c	200fff8a81ac	-0.9500589
7f44b75c	54ed217597c9	0.22687379
7f44b75c	68e58ea608a6	0.1024823
7f44b75c	0e36290ea1fa	0.0018956113
7f44b75c	3ebb903dbe65	0.052031852
7f44b75c	d22940ad3d86	0.44444373
7f44b75c	41f58a8a6cdc	0.85242647
7f44b75c	9f39f35e6a9c	1.1261853
7f44b75c	c58144b4cc89	0.9601109
7f44b75c	b1a181a886d3	0.55270815
7f44b75c	9f3deaa3d46b	-0.41382888
7f44b75c	bde15b86dfff	0.70531064
7f44b75c	ca643211226c	0.52436274
7f44b75c	52386e621732	0.52436274
7f44b75c	be617361a36d	0.7266174
7f44b75c	31fc96c3284a	-0.2569099
7f44b75c	d0679cd8eca4	0.30865547
7f44b75c	a20103998a60	0.42182514
7f44b75c	35c3914535cc	0.27567634
7f44b75c	337083b1fce6	1.2384166
7f44b75c	7fb47868fcbd	0.41395566
7f44b75c	db88b258f286	0.4830794
7f44b75c	bd45c6676e75	0.20428574
7f44b75c	4f816a305c36	0.15217076
7f44b75c	9e1747203116	0.18506774
7f44b75c	e13ff819b504	0.11728524
7f44b75c	e1a3d52771fe	0.32584587
cc5d6f76	93cefec12b2c	-2.458162
cc5d6f76	e9d8723fb365	-2.3166676
cc5d6f76	532af23f4e2d	-2.39479
cc5d6f76	fcfd331d58c0	-2.2854435
cc5d6f76	d4ecc06d4fcc	-1.1209803
cc5d6f76	60122184577e	-0.76791894
cc5d6f76	259c62321bec	0.022790788
cc5d6f76	4bfbad83105c	-0.09990449
cc5d6f76	528aacd17e98	0.23088957
cc5d6f76	5abd203d3d76	0.1958295
cc5d6f76	d847d982afff	0.080127895
cc5d6f76	9063026c33d6	-0.10427077
cc5d6f76	42ddd0d21dc4	0.48272794
cc5d6f76	583bf185af48	0.17779504
cc5d6f76	cbc3a4167a36	0.47925884
cc5d6f76	c95084d26a1e	0.7510603
cc5d6f76	09d34f59655f	0.9789617
cc5d6f76	16f959b38424	0.3745097
cc5d6f76	0e475776e4ec	0.9220118
cc5d6f76	586a9ecf7c76	0.710311
cc5d6f76	ea41f96233a2	-0.6640606
cc5d6f76	f97380f2c1b3	0.07263771
cc5d6f76	abde5bc45113	0.8877631
cc5d6f76	9580ee0d5ad5	0.9099062
cc5d6f76	aa8d58438014	0.8743656
cc5d6f76	8b7daf0a4b79	1.0455892
cc5d6f76	308b7b44b80d	1.0100485
cc5d6f76	cb403729fa9c	0.735043
cc5d6f76	9ecdec356d14	1.1314523
cc5d6f76	38f133973a69	0.9798819
cc5d6f76	0e08dd139a49	1.3200868
cc5d6f76	2dbe7e226579	1.379497
cc5d6f76	9da89f417fe1	1.3950672
cc5d6f76	47d9e96513a2	1.3040549
cc5d6f76	066bc71f0b7d	1.3584709
cc5d6f76	ebcc9e251f82	0.91915596
cc5d6f76	1fa6d009a42d	0.4642242
cc5d6f76	31a7bfc17913	1.0074074
cc5d6f76	87a2e76256e6	1.0580375
cc5d6f76	3b367bd10b0e	1.047068
266b67a2	93cefec12b2c	-2.532016
266b67a2	20a0f3eaaee8	-1.6458802
266b67a2	d921838b4b73	-1.2490411
266b67a2	871a268f35dd	-0.42354706
266b67a2	8b73b7a10863	-1.0873436
266b67a2	c57208f577b9	0.34027845
266b67a2	77c8516efa0c	-1.1195039
266b67a2	54b4ad1a8fc0	-0.060888313
266b67a2	a5ee411763c8	0.2976712
266b67a2	7f9e7ce96812	0.2559144
266b67a2	2cf63d817ed9	0.3900568
266b67a2	57287aedff0f	-0.7161891
266b67a2	8a662daf034a	-0.24857336
266b67a2	3512a55516a4	0.5233259
266b67a2	17d1da9285bb	0.406922
266b67a2	112cab18d5c4	0.406922
266b67a2	5fc680e048e7	0.59312683
266b67a2	7554e6f32dec	0.61764795
266b67a2	bf29881a95db	0.59312683
266b67a2	4cf1d22b2016	0.5319523
266b67a2	67e7fd3c3ea6	0.5646337
266b67a2	4c9581aa78c7	0.23428401
266b67a2	5900667bd05e	0.27534154
266b67a2	fc82ff4703d8	0.49101666
266b67a2	51e0beddcd7c	0.43870178
266b67a2	3338a6de8e67	-0.8093401
266b67a2	0a61b9f6abd0	0.73776394
266b67a2	f4fc18f83976	0.7335969
266b67a2	f42acd181e3f	1.2060363
266b67a2	b56c12ba084a	-0.7099121
266b67a2	acb3a8911e0f	0.44680205
266b67a2	f26895a3a05b	0.36460546
266b67a2	b41e1c47aac1	-0.7814531
266b67a2	1ac9f388e398	0.09490418
266b67a2	83e36a04418a	0.62143016
266b67a2	2ce212f1ba6c	0.40960386
266b67a2	85dd2ec40ca8	0.8033313
266b67a2	b8f823c76625	0.4524831
266b67a2	35f75b31ee66	-0.12666643
266b67a2	0140e1a2ebe5	0.99065894
2594ea1a	237dd0d79f77	-0.7973675
2594ea1a	4c24f2c0802f	-1.2936584
2594ea1a	f633520e477c	-0.9014265
2594ea1a	d631c7f9196a	-0.4176564
2594ea1a	9b253dd1d259	-0.6990513
2594ea1a	8b789e473170	-0.6990513
2594ea1a	2e4c79b18699	-1.6516619
2594ea1a	2ac241c0a92c	-1.6516619
2594ea1a	e7b4c1bcce89	-1.6516619
2594ea1a	e6a9ae031415	-1.6516619
2594ea1a	b80f56b65315	-1.959969
2594ea1a	5d369f1fcab4	-1.9515907
2594ea1a	145b801d77c3	-1.9755672
2594ea1a	63c21458cc03	-1.7347261
2594ea1a	d0b53f8be0a2	-1.9836183
2594ea1a	8a4694f59b57	-1.6952753
2594ea1a	be06946ff030	0.40759447
2594ea1a	eba47c9100dc	0.39288035
2594ea1a	2f5d520bd355	0.34057453
2594ea1a	b48576bc1063	0.34057453
2594ea1a	62e49a908200	0.48936522
2594ea1a	228d3ca9f1a9	-0.66872674
2594ea1a	cc45891a520a	-1.4368811
2594ea1a	428d0ab2f895	-0.52803135
2594ea1a	d6fc3207b210	-0.02512904
2594ea1a	6cd3e278ca4b	-0.080630705
2594ea1a	8ff3cbfccc2f	-0.33229095
2594ea1a	9f33bcf1f0db	-1.557058
2594ea1a	06f75883f57a	-1.5997823
2594ea1a	d30b7dc8c147	0.20222321
2594ea1a	b7608138d804	0.42218798
2594ea1a	c10ced1e7aab	-1.5585803
2594ea1a	5073bef4bdcf	-1.5210963
2594ea1a	d3e620184a06	-0.7590923
2594ea1a	a91bc498e76b	-0.8628765
2594ea1a	da8fff55867c	-0.8755563
2594ea1a	4b79525b304b	-1.6017683
2594ea1a	e46a8b38ee68	-0.9014265
2594ea1a	c1a525902569	-0.37923497
2594ea1a	5d78d20148d9	-0.51989746
2594ea1a	710c354e3e9e	-0.6923618
2594ea1a	207301c4f3d2	0.44758308
2594ea1a	2804030854ba	-1.1771458
2594ea1a	0d4094eeafe2	0.90024567
2594ea1a	b86317902550	1.0666298
2594ea1a	af1cd37aad8e	0.5223018
2594ea1a	89d224250ff7	0.47540513
2594ea1a	33723a3f251d	-0.5995267
2594ea1a	7c06f61a88c8	0.36503103
2594ea1a	8d5b6aeda1e2	-0.9253455
